edge_id,src,dst,relation,source,source_url,retrieved_at,confidence,evidence,polarity,effect,quote,frequency,context,submitted_by
E6659f43,MONDO:0009655,NCBIGene:6448,caused_by,hpo,https://ontology.jax.org/api/network/annotation/OMIM:252900,2026-10-03,0.95,observed,supports,,,,,
E7125376,MONDO:0009655,HP:0002360,has_phenotype,hpo,https://ontology.jax.org/api/network/annotation/OMIM:252900,2026-10-03,0.95,observed,supports,,PMID:21061399,76/79,,
Ea1cc8e9,MONDO:0009655,HP:0001263,has_phenotype,hpo,https://ontology.jax.org/api/network/annotation/OMIM:252900,2026-10-03,0.95,observed,supports,,PMID:21061399,72/76,,
E165dc20,MONDO:0009655,HP:0001250,has_phenotype,hpo,https://ontology.jax.org/api/network/annotation/OMIM:252900,2026-10-03,0.95,observed,supports,,PMID:21061399,53/80,,
E23105e7,MONDO:0009655,HP:0001249,has_phenotype,hpo,https://ontology.jax.org/api/network/annotation/OMIM:252900,2026-10-03,0.95,observed,supports,,PMID:21061399,,,
Ec528550,MONDO:0009655,HP:0000752,has_phenotype,hpo,https://ontology.jax.org/api/network/annotation/OMIM:252900,2026-10-03,0.95,observed,supports,,PMID:21061399,,,
Ef2eccfc,MONDO:0009655,HP:0001507,has_phenotype,hpo,https://ontology.jax.org/api/network/annotation/OMIM:252900,2026-10-03,0.95,observed,supports,,OMIM:252900,,,
E542ba22,MONDO:0009655,HP:0001744,has_phenotype,hpo,https://ontology.jax.org/api/network/annotation/OMIM:252900,2026-10-03,0.95,observed,supports,,PMID:21061399,2/110,,
Ed02bd19,MONDO:0009655,HP:0001670,has_phenotype,hpo,https://ontology.jax.org/api/network/annotation/OMIM:252900,2026-10-03,0.95,observed,supports,,OMIM:252900,,,
E7dabbcc,MONDO:0009655,HP:0000007,has_phenotype,hpo,https://ontology.jax.org/api/network/annotation/OMIM:252900,2026-10-03,0.95,observed,supports,,PMID:21061399,,,
E282b7e6,MONDO:0009655,HP:0002208,has_phenotype,hpo,https://ontology.jax.org/api/network/annotation/OMIM:252900,2026-10-03,0.95,observed,supports,,OMIM:252900,,,
Ef9c0ea2,MONDO:0009655,HP:0001007,has_phenotype,hpo,https://ontology.jax.org/api/network/annotation/OMIM:252900,2026-10-03,0.95,observed,supports,,OMIM:252900,,,
E2e8a12a,MONDO:0009655,HP:0000023,has_phenotype,hpo,https://ontology.jax.org/api/network/annotation/OMIM:252900,2026-10-03,0.95,observed,supports,,PMID:21061399,26/53,,
Ef6b9bf5,MONDO:0009655,HP:0001537,has_phenotype,hpo,https://ontology.jax.org/api/network/annotation/OMIM:252900,2026-10-03,0.95,observed,supports,,PMID:21061399,15/45,,
E47980d9,MONDO:0009655,HP:0011463,has_phenotype,hpo,https://ontology.jax.org/api/network/annotation/OMIM:252900,2026-10-03,0.95,observed,supports,,PMID:21061399,,,
Ec7ceed0,MONDO:0009655,HP:4000193,has_phenotype,hpo,https://ontology.jax.org/api/network/annotation/OMIM:252900,2026-10-03,0.95,observed,supports,,OMIM:252900,,,
E9083755,MONDO:0009655,HP:0002159,has_phenotype,hpo,https://ontology.jax.org/api/network/annotation/OMIM:252900,2026-10-03,0.95,observed,supports,,OMIM:252900,,,
E41ba79f,MONDO:0009655,HP:0000365,has_phenotype,hpo,https://ontology.jax.org/api/network/annotation/OMIM:252900,2026-10-03,0.95,observed,supports,,PMID:21061399,27/73,,
E7280c4d,MONDO:0009655,HP:0002014,has_phenotype,hpo,https://ontology.jax.org/api/network/annotation/OMIM:252900,2026-10-03,0.95,observed,supports,,PMID:21061399,59/72,,
E762de66,MONDO:0009655,HP:0002240,has_phenotype,hpo,https://ontology.jax.org/api/network/annotation/OMIM:252900,2026-10-03,0.95,observed,supports,,PMID:21061399,10/110,,
E92597bb,MONDO:0009655,HP:0000250,has_phenotype,hpo,https://ontology.jax.org/api/network/annotation/OMIM:252900,2026-10-03,0.95,observed,supports,,OMIM:252900,,,
E86de87e,MONDO:0009655,HP:0000664,has_phenotype,hpo,https://ontology.jax.org/api/network/annotation/OMIM:252900,2026-10-03,0.95,observed,supports,,OMIM:252900,,,
E3025a77,MONDO:0009655,HP:0000280,has_phenotype,hpo,https://ontology.jax.org/api/network/annotation/OMIM:252900,2026-10-03,0.95,observed,supports,,OMIM:252900,,,
E446e8df,MONDO:0009655,HP:0002788,has_phenotype,hpo,https://ontology.jax.org/api/network/annotation/OMIM:252900,2026-10-03,0.95,observed,supports,,PMID:21061399,61/70,,
E909da2b,MONDO:0009655,HP:0002650,has_phenotype,hpo,https://ontology.jax.org/api/network/annotation/OMIM:252900,2026-10-03,0.95,observed,supports,,PMID:21061399,10/110,,
Eb8a2215,MONDO:0009655,HP:0000900,has_phenotype,hpo,https://ontology.jax.org/api/network/annotation/OMIM:252900,2026-10-03,0.95,observed,supports,,OMIM:252900,,,
Ee93636d,MONDO:0009655,HP:0003309,has_phenotype,hpo,https://ontology.jax.org/api/network/annotation/OMIM:252900,2026-10-03,0.95,observed,supports,,OMIM:252900,,,
Eec1fdf3,MONDO:0009655,HP:0000943,has_phenotype,hpo,https://ontology.jax.org/api/network/annotation/OMIM:252900,2026-10-03,0.95,observed,supports,,OMIM:252900,,,
E2e22455,MONDO:0009655,HP:0001387,has_phenotype,hpo,https://ontology.jax.org/api/network/annotation/OMIM:252900,2026-10-03,0.95,observed,supports,,OMIM:252900,,,
Eca7aeb3,MONDO:0009656,NCBIGene:4669,caused_by,hpo,https://ontology.jax.org/api/network/annotation/OMIM:252920,2026-10-03,0.95,observed,supports,,,,,
E97c501b,MONDO:0009656,HP:0011463,has_phenotype,hpo,https://ontology.jax.org/api/network/annotation/OMIM:252920,2026-10-03,0.95,observed,supports,,PMID:11153910,8/16,,
Ecb8af0a,MONDO:0009656,HP:0003621,has_phenotype,hpo,https://ontology.jax.org/api/network/annotation/OMIM:252920,2026-10-03,0.95,observed,supports,,PMID:11153910,8/16,,
E14cc46c,MONDO:0009656,HP:0002159,has_phenotype,hpo,https://ontology.jax.org/api/network/annotation/OMIM:252920,2026-10-03,0.95,observed,supports,,OMIM:252920,,,
E97eb436,MONDO:0009656,HP:6000360,has_phenotype,hpo,https://ontology.jax.org/api/network/annotation/OMIM:252920,2026-10-03,0.95,observed,supports,,PMID:12202988,7/7,,
E398b7de,MONDO:0009656,HP:0002344,has_phenotype,hpo,https://ontology.jax.org/api/network/annotation/OMIM:252920,2026-10-03,0.95,observed,supports,,OMIM:252920,,,
E82c058b,MONDO:0009656,HP:0000752,has_phenotype,hpo,https://ontology.jax.org/api/network/annotation/OMIM:252920,2026-10-03,0.95,observed,supports,,OMIM:252920,,,
E92b4500,MONDO:0009656,HP:0001249,has_phenotype,hpo,https://ontology.jax.org/api/network/annotation/OMIM:252920,2026-10-03,0.95,observed,supports,,PMID:11153910,16/16,,
E4f88e18,MONDO:0009656,HP:0002360,has_phenotype,hpo,https://ontology.jax.org/api/network/annotation/OMIM:252920,2026-10-03,0.95,observed,supports,,OMIM:252920,,,
E1e811f5,MONDO:0009656,HP:0000718,has_phenotype,hpo,https://ontology.jax.org/api/network/annotation/OMIM:252920,2026-10-03,0.95,observed,supports,,OMIM:252920,,,
E7f883c9,MONDO:0009656,HP:0001250,has_phenotype,hpo,https://ontology.jax.org/api/network/annotation/OMIM:252920,2026-10-03,0.95,observed,supports,,OMIM:252920,,,
E900368d,MONDO:0009656,HP:0001640,has_phenotype,hpo,https://ontology.jax.org/api/network/annotation/OMIM:252920,2026-10-03,0.95,observed,supports,,OMIM:252920,,,
Ec0c9e03,MONDO:0009656,HP:0001744,has_phenotype,hpo,https://ontology.jax.org/api/network/annotation/OMIM:252920,2026-10-03,0.95,observed,supports,,OMIM:252920,,,
E0ce802d,MONDO:0009656,HP:0001670,has_phenotype,hpo,https://ontology.jax.org/api/network/annotation/OMIM:252920,2026-10-03,0.95,observed,supports,,OMIM:252920,,,
E4bfa11d,MONDO:0009656,HP:0000365,has_phenotype,hpo,https://ontology.jax.org/api/network/annotation/OMIM:252920,2026-10-03,0.95,observed,supports,,OMIM:252920,,,
Eca5f624,MONDO:0009656,HP:0000007,has_phenotype,hpo,https://ontology.jax.org/api/network/annotation/OMIM:252920,2026-10-03,0.95,observed,supports,,PMID:11153910,,,
E1869ffd,MONDO:0009656,HP:0002788,has_phenotype,hpo,https://ontology.jax.org/api/network/annotation/OMIM:252920,2026-10-03,0.95,observed,supports,,OMIM:252920,,,
E8ddb732,MONDO:0009656,HP:0000250,has_phenotype,hpo,https://ontology.jax.org/api/network/annotation/OMIM:252920,2026-10-03,0.95,observed,supports,,OMIM:252920,,,
Efa494f5,MONDO:0009656,HP:0000664,has_phenotype,hpo,https://ontology.jax.org/api/network/annotation/OMIM:252920,2026-10-03,0.95,observed,supports,,OMIM:252920,,,
E3bb0ad8,MONDO:0009656,HP:0000280,has_phenotype,hpo,https://ontology.jax.org/api/network/annotation/OMIM:252920,2026-10-03,0.95,observed,supports,,OMIM:252920,,,
E6b8ab91,MONDO:0009656,HP:0002014,has_phenotype,hpo,https://ontology.jax.org/api/network/annotation/OMIM:252920,2026-10-03,0.95,observed,supports,,OMIM:252920,,,
E6a1c644,MONDO:0009656,HP:0002240,has_phenotype,hpo,https://ontology.jax.org/api/network/annotation/OMIM:252920,2026-10-03,0.95,observed,supports,,OMIM:252920,,,
E8c4faa0,MONDO:0009656,HP:0000943,has_phenotype,hpo,https://ontology.jax.org/api/network/annotation/OMIM:252920,2026-10-03,0.95,observed,supports,,PMID:11153910,16/16,,
Ed87e23f,MONDO:0009656,HP:0000900,has_phenotype,hpo,https://ontology.jax.org/api/network/annotation/OMIM:252920,2026-10-03,0.95,observed,supports,,OMIM:252920,,,
Efaa4d1e,MONDO:0009656,HP:0003309,has_phenotype,hpo,https://ontology.jax.org/api/network/annotation/OMIM:252920,2026-10-03,0.95,observed,supports,,OMIM:252920,,,
Ec4ac373,MONDO:0009656,HP:0002208,has_phenotype,hpo,https://ontology.jax.org/api/network/annotation/OMIM:252920,2026-10-03,0.95,observed,supports,,OMIM:252920,,,
Eae28f19,MONDO:0009656,HP:0001007,has_phenotype,hpo,https://ontology.jax.org/api/network/annotation/OMIM:252920,2026-10-03,0.95,observed,supports,,OMIM:252920,,,
E3962af4,MONDO:0009656,HP:0001387,has_phenotype,hpo,https://ontology.jax.org/api/network/annotation/OMIM:252920,2026-10-03,0.95,observed,supports,,OMIM:252920,,,
E63cdaf8,MONDO:0009657,NCBIGene:138050,caused_by,hpo,https://ontology.jax.org/api/network/annotation/OMIM:252930,2026-10-03,0.95,observed,supports,,,,,
Efbea295,MONDO:0009657,HP:0001270,has_phenotype,hpo,https://ontology.jax.org/api/network/annotation/OMIM:252930,2026-10-03,0.95,observed,supports,,OMIM:252930,,,
E9053478,MONDO:0009657,HP:0000752,has_phenotype,hpo,https://ontology.jax.org/api/network/annotation/OMIM:252930,2026-10-03,0.95,observed,supports,,OMIM:252930,,,
Ea409010,MONDO:0009657,HP:0001249,has_phenotype,hpo,https://ontology.jax.org/api/network/annotation/OMIM:252930,2026-10-03,0.95,observed,supports,,PMID:20825431,7/11,,
Ebd21e6c,MONDO:0009657,HP:0002333,has_phenotype,hpo,https://ontology.jax.org/api/network/annotation/OMIM:252930,2026-10-03,0.95,observed,supports,,OMIM:252930; PMID:20825431,12/21,,
E58863f7,MONDO:0009657,HP:0001263,has_phenotype,hpo,https://ontology.jax.org/api/network/annotation/OMIM:252930,2026-10-03,0.95,observed,supports,,PMID:20825431,3/11,,
E4acbe7d,MONDO:0009657,HP:0002371,has_phenotype,hpo,https://ontology.jax.org/api/network/annotation/OMIM:252930,2026-10-03,0.95,observed,supports,,PMID:20825431,4/11,,
E7205483,MONDO:0009657,HP:0002360,has_phenotype,hpo,https://ontology.jax.org/api/network/annotation/OMIM:252930,2026-10-03,0.95,observed,supports,,PMID:20825431,2/11,,
E5aeab8a,MONDO:0009657,HP:0001250,has_phenotype,hpo,https://ontology.jax.org/api/network/annotation/OMIM:252930,2026-10-03,0.95,observed,supports,,PMID:20825431,2/11,,
E009c275,MONDO:0009657,HP:0001507,has_phenotype,hpo,https://ontology.jax.org/api/network/annotation/OMIM:252930,2026-10-03,0.95,observed,supports,,OMIM:252930,,,
E3cca5dc,MONDO:0009657,HP:0001670,has_phenotype,hpo,https://ontology.jax.org/api/network/annotation/OMIM:252930,2026-10-03,0.95,observed,supports,,OMIM:252930,,,
E2cfe5d9,MONDO:0009657,HP:0001744,has_phenotype,hpo,https://ontology.jax.org/api/network/annotation/OMIM:252930,2026-10-03,0.95,observed,supports,,PMID:20825431,1/11,,
E0944a08,MONDO:0009657,HP:0000007,has_phenotype,hpo,https://ontology.jax.org/api/network/annotation/OMIM:252930,2026-10-03,0.95,observed,supports,,PMID:20825431,,,
E3602975,MONDO:0009657,HP:0001007,has_phenotype,hpo,https://ontology.jax.org/api/network/annotation/OMIM:252930,2026-10-03,0.95,observed,supports,,PMID:20825431,1/11,,
E386a34c,MONDO:0009657,HP:0000998,has_phenotype,hpo,https://ontology.jax.org/api/network/annotation/OMIM:252930,2026-10-03,0.95,observed,supports,,PMID:20825431,2/11,,
E98b729c,MONDO:0009657,HP:0002208,has_phenotype,hpo,https://ontology.jax.org/api/network/annotation/OMIM:252930,2026-10-03,0.95,observed,supports,,OMIM:252930,,,
E935476d,MONDO:0009657,HP:0000510,has_phenotype,hpo,https://ontology.jax.org/api/network/annotation/OMIM:252930,2026-10-03,0.95,observed,supports,,OMIM:252930,,,
E1b7823b,MONDO:0009657,HP:0100790,has_phenotype,hpo,https://ontology.jax.org/api/network/annotation/OMIM:252930,2026-10-03,0.95,observed,supports,,OMIM:252930,,,
E1a1c51b,MONDO:0009657,HP:0002159,has_phenotype,hpo,https://ontology.jax.org/api/network/annotation/OMIM:252930,2026-10-03,0.95,observed,supports,,OMIM:252930,,,
E559081f,MONDO:0009657,HP:0011463,has_phenotype,hpo,https://ontology.jax.org/api/network/annotation/OMIM:252930,2026-10-03,0.95,observed,supports,,PMID:20825431,6/8,,
E7fdbbb8,MONDO:0009657,HP:0003621,has_phenotype,hpo,https://ontology.jax.org/api/network/annotation/OMIM:252930,2026-10-03,0.95,observed,supports,,PMID:20825431,2/8,,
E8a94a69,MONDO:0009657,HP:0000365,has_phenotype,hpo,https://ontology.jax.org/api/network/annotation/OMIM:252930,2026-10-03,0.95,observed,supports,,PMID:20825431,5/11,,
E6f9341b,MONDO:0009657,HP:0002240,has_phenotype,hpo,https://ontology.jax.org/api/network/annotation/OMIM:252930,2026-10-03,0.95,observed,supports,,PMID:20825431,1/11,,
E37a5ba4,MONDO:0009657,HP:0002014,has_phenotype,hpo,https://ontology.jax.org/api/network/annotation/OMIM:252930,2026-10-03,0.95,observed,supports,,OMIM:252930,,,
E13d8936,MONDO:0009657,HP:0002015,has_phenotype,hpo,https://ontology.jax.org/api/network/annotation/OMIM:252930,2026-10-03,0.95,observed,supports,,PMID:20825431,4/11,,
E96edb70,MONDO:0009657,HP:0000280,has_phenotype,hpo,https://ontology.jax.org/api/network/annotation/OMIM:252930,2026-10-03,0.95,observed,supports,,PMID:20825431,10/11,,
Eaa21e8b,MONDO:0009657,HP:0000268,has_phenotype,hpo,https://ontology.jax.org/api/network/annotation/OMIM:252930,2026-10-03,0.95,observed,supports,,OMIM:252930,,,
E4bf3fd5,MONDO:0009657,HP:0000250,has_phenotype,hpo,https://ontology.jax.org/api/network/annotation/OMIM:252930,2026-10-03,0.95,observed,supports,,OMIM:252930,,,
E3ccc859,MONDO:0009657,HP:0002788,has_phenotype,hpo,https://ontology.jax.org/api/network/annotation/OMIM:252930,2026-10-03,0.95,observed,supports,,OMIM:252930,,,
E5dac422,MONDO:0009657,HP:0000664,has_phenotype,hpo,https://ontology.jax.org/api/network/annotation/OMIM:252930,2026-10-03,0.95,observed,supports,,PMID:20825431,1/11,,
E9d1c3b2,MONDO:0009657,HP:0000232,has_phenotype,hpo,https://ontology.jax.org/api/network/annotation/OMIM:252930,2026-10-03,0.95,observed,supports,,OMIM:252930,,,
E251b62c,MONDO:0009657,HP:0000943,has_phenotype,hpo,https://ontology.jax.org/api/network/annotation/OMIM:252930,2026-10-03,0.95,observed,supports,,PMID:20825431,,,
Ecfb920e,MONDO:0009657,HP:0004568,has_phenotype,hpo,https://ontology.jax.org/api/network/annotation/OMIM:252930,2026-10-03,0.95,observed,supports,,PMID:20825431,1/11,,
E9cd442a,MONDO:0009657,HP:0000900,has_phenotype,hpo,https://ontology.jax.org/api/network/annotation/OMIM:252930,2026-10-03,0.95,observed,supports,,OMIM:252930,,,
E4f99e46,MONDO:0009657,HP:0002751,has_phenotype,hpo,https://ontology.jax.org/api/network/annotation/OMIM:252930,2026-10-03,0.95,observed,supports,,PMID:20825431,2/11,,
E7b058c4,MONDO:0009657,HP:0003309,has_phenotype,hpo,https://ontology.jax.org/api/network/annotation/OMIM:252930,2026-10-03,0.95,observed,supports,,OMIM:252930,,,
E04af2d0,MONDO:0009657,HP:0003653,has_phenotype,hpo,https://ontology.jax.org/api/network/annotation/OMIM:252930,2026-10-03,0.95,observed,supports,,OMIM:252930,,,
E4721078,MONDO:0009657,HP:0001387,has_phenotype,hpo,https://ontology.jax.org/api/network/annotation/OMIM:252930,2026-10-03,0.95,observed,supports,,PMID:20825431,2/11,,
Ec79c691,MONDO:0009658,NCBIGene:2799,caused_by,hpo,https://ontology.jax.org/api/network/annotation/OMIM:252940,2026-10-03,0.95,observed,supports,,,,,
Ef605c09,MONDO:0009658,HP:0001169,has_phenotype,hpo,https://ontology.jax.org/api/network/annotation/OMIM:252940,2026-10-03,0.95,observed,supports,,PMID:17998446,1/3,,
E4e6d01d,MONDO:0009658,HP:0001761,has_phenotype,hpo,https://ontology.jax.org/api/network/annotation/OMIM:252940,2026-10-03,0.95,observed,supports,,PMID:17998446,2/3,,
E1686678,MONDO:0009658,HP:0000750,has_phenotype,hpo,https://ontology.jax.org/api/network/annotation/OMIM:252940,2026-10-03,0.95,observed,supports,,PMID:17998446,3/3,,
Ea499ff1,MONDO:0009658,HP:0001288,has_phenotype,hpo,https://ontology.jax.org/api/network/annotation/OMIM:252940,2026-10-03,0.95,observed,supports,,PMID:17998446,1/3,,
E2f6f432,MONDO:0009658,HP:0001348,has_phenotype,hpo,https://ontology.jax.org/api/network/annotation/OMIM:252940,2026-10-03,0.95,observed,supports,,PMID:17998446,1/3,,
Eb2c9a1f,MONDO:0009658,HP:0002360,has_phenotype,hpo,https://ontology.jax.org/api/network/annotation/OMIM:252940,2026-10-03,0.95,observed,supports,,PMID:17998446,3/3,,
E1dce453,MONDO:0009658,HP:0001250,has_phenotype,hpo,https://ontology.jax.org/api/network/annotation/OMIM:252940,2026-10-03,0.95,observed,supports,,OMIM:252940,,,
E554b059,MONDO:0009658,HP:0010865,has_phenotype,hpo,https://ontology.jax.org/api/network/annotation/OMIM:252940,2026-10-03,0.95,observed,supports,,PMID:17998446,1/3,,
E452b0a6,MONDO:0009658,HP:0001344,has_phenotype,hpo,https://ontology.jax.org/api/network/annotation/OMIM:252940,2026-10-03,0.95,observed,supports,,OMIM:252940,,,
E11caa81,MONDO:0009658,HP:0001249,has_phenotype,hpo,https://ontology.jax.org/api/network/annotation/OMIM:252940,2026-10-03,0.95,observed,supports,,PMID:17998446,,,
E4572d1f,MONDO:0009658,HP:0000718,has_phenotype,hpo,https://ontology.jax.org/api/network/annotation/OMIM:252940,2026-10-03,0.95,observed,supports,,PMID:17998446,1/3,,
E554e2a5,MONDO:0009658,HP:0031849,has_phenotype,hpo,https://ontology.jax.org/api/network/annotation/OMIM:252940,2026-10-03,0.95,observed,supports,,PMID:17998446,2/3,,
E6d82055,MONDO:0009658,HP:0000711,has_phenotype,hpo,https://ontology.jax.org/api/network/annotation/OMIM:252940,2026-10-03,0.95,observed,supports,,PMID:17998446,1/3,,
Eb6011e9,MONDO:0009658,HP:0000752,has_phenotype,hpo,https://ontology.jax.org/api/network/annotation/OMIM:252940,2026-10-03,0.95,observed,supports,,PMID:17998446,2/3,,
Efedf44f,MONDO:0009658,HP:0001272,has_phenotype,hpo,https://ontology.jax.org/api/network/annotation/OMIM:252940,2026-10-03,0.95,observed,supports,,PMID:17998446,1/3,,
E3ff1c81,MONDO:0009658,HP:0001263,has_phenotype,hpo,https://ontology.jax.org/api/network/annotation/OMIM:252940,2026-10-03,0.95,observed,supports,,PMID:17998446,3/3,,
Ef338331,MONDO:0009658,HP:0031354,has_phenotype,hpo,https://ontology.jax.org/api/network/annotation/OMIM:252940,2026-10-03,0.95,observed,supports,,PMID:17998446,1/3,,
E118bc13,MONDO:0009658,HP:0000713,has_phenotype,hpo,https://ontology.jax.org/api/network/annotation/OMIM:252940,2026-10-03,0.95,observed,supports,,PMID:17998446,1/3,,
E35555ab,MONDO:0009658,HP:0001260,has_phenotype,hpo,https://ontology.jax.org/api/network/annotation/OMIM:252940,2026-10-03,0.95,observed,supports,,PMID:17998446,1/3,,
E2a5b263,MONDO:0009658,HP:0001744,has_phenotype,hpo,https://ontology.jax.org/api/network/annotation/OMIM:252940,2026-10-03,0.95,observed,supports,,PMID:17998446,1/3,,
E25ed25b,MONDO:0009658,HP:0001653,has_phenotype,hpo,https://ontology.jax.org/api/network/annotation/OMIM:252940,2026-10-03,0.95,observed,supports,,PMID:17998446,1/3,,
E2d5fb03,MONDO:0009658,HP:0001670,has_phenotype,hpo,https://ontology.jax.org/api/network/annotation/OMIM:252940,2026-10-03,0.95,observed,supports,,OMIM:252940,,,
Edcd85cf,MONDO:0009658,HP:0004322,has_phenotype,hpo,https://ontology.jax.org/api/network/annotation/OMIM:252940,2026-10-03,0.95,observed,supports,,PMID:17998446,1/3,,
E1730082,MONDO:0009658,HP:0001507,has_phenotype,hpo,https://ontology.jax.org/api/network/annotation/OMIM:252940,2026-10-03,0.95,observed,supports,,OMIM:252940,,,
E4976764,MONDO:0009658,HP:0000007,has_phenotype,hpo,https://ontology.jax.org/api/network/annotation/OMIM:252940,2026-10-03,0.95,observed,supports,,PMID:12573255,,,
Eb385fc2,MONDO:0009658,HP:0002208,has_phenotype,hpo,https://ontology.jax.org/api/network/annotation/OMIM:252940,2026-10-03,0.95,observed,supports,,OMIM:252940,,,
Ef25cc33,MONDO:0009658,HP:0009937,has_phenotype,hpo,https://ontology.jax.org/api/network/annotation/OMIM:252940,2026-10-03,0.95,observed,supports,,PMID:12624138,1/1,,
Ed3d696d,MONDO:0009658,HP:0001007,has_phenotype,hpo,https://ontology.jax.org/api/network/annotation/OMIM:252940,2026-10-03,0.95,observed,supports,,OMIM:252940,,,
Ecbbe31a,MONDO:0009658,HP:0000662,has_phenotype,hpo,https://ontology.jax.org/api/network/annotation/OMIM:252940,2026-10-03,0.95,observed,supports,,PMID:17998446,1/3,,
Eb658e7c,MONDO:0009658,HP:0000505,has_phenotype,hpo,https://ontology.jax.org/api/network/annotation/OMIM:252940,2026-10-03,0.95,observed,supports,,PMID:17998446,1/3,,
E7ea7c0a,MONDO:0009658,HP:0000490,has_phenotype,hpo,https://ontology.jax.org/api/network/annotation/OMIM:252940,2026-10-03,0.95,observed,supports,,PMID:17998446,1/3,,
Ef39a105,MONDO:0009658,HP:0000316,has_phenotype,hpo,https://ontology.jax.org/api/network/annotation/OMIM:252940,2026-10-03,0.95,observed,supports,,PMID:12624138,1/1,,
E4c68b3f,MONDO:0009658,HP:0000023,has_phenotype,hpo,https://ontology.jax.org/api/network/annotation/OMIM:252940,2026-10-03,0.95,observed,supports,,PMID:17998446,1/3,,
Ec4b3721,MONDO:0009658,HP:0001771,has_phenotype,hpo,https://ontology.jax.org/api/network/annotation/OMIM:252940,2026-10-03,0.95,observed,supports,,PMID:17998446,2/3,,
Ebd46a04,MONDO:0009658,HP:0002987,has_phenotype,hpo,https://ontology.jax.org/api/network/annotation/OMIM:252940,2026-10-03,0.95,observed,supports,,PMID:17998446,2/3,,
E053b525,MONDO:0009658,HP:0003676,has_phenotype,hpo,https://ontology.jax.org/api/network/annotation/OMIM:252940,2026-10-03,0.95,observed,supports,,OMIM:252940,,,
E623000c,MONDO:0009658,HP:0011463,has_phenotype,hpo,https://ontology.jax.org/api/network/annotation/OMIM:252940,2026-10-03,0.95,observed,supports,,PMID:17998446; PMID:12624138,3/4,,
Ebe65487,MONDO:0009658,HP:0003593,has_phenotype,hpo,https://ontology.jax.org/api/network/annotation/OMIM:252940,2026-10-03,0.95,observed,supports,,PMID:17998446,1/3,,
E91cbe69,MONDO:0009658,HP:4000198,has_phenotype,hpo,https://ontology.jax.org/api/network/annotation/OMIM:252940,2026-10-03,0.95,observed,supports,,OMIM:252940,,,
E8854b18,MONDO:0009658,HP:0002159,has_phenotype,hpo,https://ontology.jax.org/api/network/annotation/OMIM:252940,2026-10-03,0.95,observed,supports,,PMID:17998446; PMID:12624138,4/4,,
E1682cad,MONDO:0009658,HP:0000365,has_phenotype,hpo,https://ontology.jax.org/api/network/annotation/OMIM:252940,2026-10-03,0.95,observed,supports,,PMID:17998446,1/3,,
E7061fbe,MONDO:0009658,HP:0000369,has_phenotype,hpo,https://ontology.jax.org/api/network/annotation/OMIM:252940,2026-10-03,0.95,observed,supports,,PMID:17998446,1/3,,
E9da7bda,MONDO:0009658,HP:0000403,has_phenotype,hpo,https://ontology.jax.org/api/network/annotation/OMIM:252940,2026-10-03,0.95,observed,supports,,PMID:17998446,1/3,,
Ec543d3a,MONDO:0009658,HP:0033454,has_phenotype,hpo,https://ontology.jax.org/api/network/annotation/OMIM:252940,2026-10-03,0.95,observed,supports,,PMID:17998446,1/3,,
E036d86a,MONDO:0009658,HP:0002240,has_phenotype,hpo,https://ontology.jax.org/api/network/annotation/OMIM:252940,2026-10-03,0.95,observed,supports,,PMID:17998446,1/3,,
Edafc0ea,MONDO:0009658,HP:0002014,has_phenotype,hpo,https://ontology.jax.org/api/network/annotation/OMIM:252940,2026-10-03,0.95,observed,supports,,OMIM:252940,,,
Eaa03aac,MONDO:0009658,HP:0002015,has_phenotype,hpo,https://ontology.jax.org/api/network/annotation/OMIM:252940,2026-10-03,0.95,observed,supports,,PMID:17998446,2/3,,
E8a70ce2,MONDO:0009658,HP:0000463,has_phenotype,hpo,https://ontology.jax.org/api/network/annotation/OMIM:252940,2026-10-03,0.95,observed,supports,,PMID:17998446,1/3,,
E11fecdc,MONDO:0009658,HP:0002307,has_phenotype,hpo,https://ontology.jax.org/api/network/annotation/OMIM:252940,2026-10-03,0.95,observed,supports,,PMID:17998446,2/3,,
E776732e,MONDO:0009658,HP:0011220,has_phenotype,hpo,https://ontology.jax.org/api/network/annotation/OMIM:252940,2026-10-03,0.95,observed,supports,,PMID:17998446,2/3,,
E186ac0b,MONDO:0009658,HP:0000179,has_phenotype,hpo,https://ontology.jax.org/api/network/annotation/OMIM:252940,2026-10-03,0.95,observed,supports,,OMIM:252940,,,
E68f3328,MONDO:0009658,HP:0002007,has_phenotype,hpo,https://ontology.jax.org/api/network/annotation/OMIM:252940,2026-10-03,0.95,observed,supports,,PMID:12624138,1/1,,
E3a3f86f,MONDO:0009658,HP:0000470,has_phenotype,hpo,https://ontology.jax.org/api/network/annotation/OMIM:252940,2026-10-03,0.95,observed,supports,,PMID:17998446,2/3,,
E5314422,MONDO:0009658,HP:0000158,has_phenotype,hpo,https://ontology.jax.org/api/network/annotation/OMIM:252940,2026-10-03,0.95,observed,supports,,PMID:12624138,1/1,,
Ec8fefe7,MONDO:0009658,HP:0000187,has_phenotype,hpo,https://ontology.jax.org/api/network/annotation/OMIM:252940,2026-10-03,0.95,observed,supports,,PMID:17998446,1/3,,
E4489e26,MONDO:0009658,HP:0000154,has_phenotype,hpo,https://ontology.jax.org/api/network/annotation/OMIM:252940,2026-10-03,0.95,observed,supports,,PMID:17998446,1/3,,
Ed2941d0,MONDO:0009658,HP:0000664,has_phenotype,hpo,https://ontology.jax.org/api/network/annotation/OMIM:252940,2026-10-03,0.95,observed,supports,,PMID:17998446,1/3,,
Ec87e067,MONDO:0009658,HP:0002788,has_phenotype,hpo,https://ontology.jax.org/api/network/annotation/OMIM:252940,2026-10-03,0.95,observed,supports,,PMID:17998446,1/3,,
Efa7a81f,MONDO:0009658,HP:0005280,has_phenotype,hpo,https://ontology.jax.org/api/network/annotation/OMIM:252940,2026-10-03,0.95,observed,supports,,PMID:17998446; PMID:12624138,3/4,,
Efdac380,MONDO:0009658,HP:0000280,has_phenotype,hpo,https://ontology.jax.org/api/network/annotation/OMIM:252940,2026-10-03,0.95,observed,supports,,PMID:17998446; PMID:12624138,3/4,,
E9df050e,MONDO:0009658,HP:0012471,has_phenotype,hpo,https://ontology.jax.org/api/network/annotation/OMIM:252940,2026-10-03,0.95,observed,supports,,PMID:17998446,1/3,,
Eeecb480,MONDO:0009658,HP:0000256,has_phenotype,hpo,https://ontology.jax.org/api/network/annotation/OMIM:252940,2026-10-03,0.95,observed,supports,,PMID:12624138,1/1,,
E5182f49,MONDO:0009658,HP:0000574,has_phenotype,hpo,https://ontology.jax.org/api/network/annotation/OMIM:252940,2026-10-03,0.95,observed,supports,,PMID:17998446,2/3,,
Edbde8a8,MONDO:0009658,HP:0002943,has_phenotype,hpo,https://ontology.jax.org/api/network/annotation/OMIM:252940,2026-10-03,0.95,observed,supports,,PMID:17998446,1/3,,
E3dbb5ef,MONDO:0009658,HP:0001385,has_phenotype,hpo,https://ontology.jax.org/api/network/annotation/OMIM:252940,2026-10-03,0.95,observed,supports,,PMID:17998446,1/3,,
Ec8ec6f3,MONDO:0009658,HP:0008479,has_phenotype,hpo,https://ontology.jax.org/api/network/annotation/OMIM:252940,2026-10-03,0.95,observed,supports,,PMID:17998446,1/3,,
E00166ba,MONDO:0009658,HP:0000943,has_phenotype,hpo,https://ontology.jax.org/api/network/annotation/OMIM:252940,2026-10-03,0.95,observed,supports,,OMIM:252940,,,
E8c6ebc8,MONDO:0009658,HP:0002656,has_phenotype,hpo,https://ontology.jax.org/api/network/annotation/OMIM:252940,2026-10-03,0.95,observed,supports,,PMID:17998446,1/3,,
E2bd4bca,MONDO:0009658,HP:0000900,has_phenotype,hpo,https://ontology.jax.org/api/network/annotation/OMIM:252940,2026-10-03,0.95,observed,supports,,OMIM:252940,,,
E53f60b0,MONDO:0009658,HP:0010769,has_phenotype,hpo,https://ontology.jax.org/api/network/annotation/OMIM:252940,2026-10-03,0.95,observed,supports,,PMID:17998446,1/3,,
Ef25f9e8,MONDO:0009658,HP:0003309,has_phenotype,hpo,https://ontology.jax.org/api/network/annotation/OMIM:252940,2026-10-03,0.95,observed,supports,,OMIM:252940,,,
E61882c6,MONDO:0009658,HP:0003653,has_phenotype,hpo,https://ontology.jax.org/api/network/annotation/OMIM:252940,2026-10-03,0.95,observed,supports,,OMIM:252940,,,
Eb9f3b8f,MONDO:0009658,HP:0001387,has_phenotype,hpo,https://ontology.jax.org/api/network/annotation/OMIM:252940,2026-10-03,0.95,observed,supports,,OMIM:252940,,,
Ede703e7,MONDO:0011758,NCBIGene:3425,caused_by,hpo,https://ontology.jax.org/api/network/annotation/OMIM:607014,2026-10-03,0.95,observed,supports,,,,,
Ed180db1,MONDO:0011758,HP:0005019,has_phenotype,hpo,https://ontology.jax.org/api/network/annotation/OMIM:607014,2026-10-03,0.95,observed,supports,,OMIM:607014,,,
E1b5beb3,MONDO:0011758,HP:0003016,has_phenotype,hpo,https://ontology.jax.org/api/network/annotation/OMIM:607014,2026-10-03,0.95,observed,supports,,PMID:22557905,1/1,,
Ed8b3103,MONDO:0011758,HP:0008802,has_phenotype,hpo,https://ontology.jax.org/api/network/annotation/OMIM:607014,2026-10-03,0.95,observed,supports,,OMIM:607014,,,
Edcb352c,MONDO:0011758,HP:0002673,has_phenotype,hpo,https://ontology.jax.org/api/network/annotation/OMIM:607014,2026-10-03,0.95,observed,supports,,OMIM:607014,,,
E34144b2,MONDO:0011758,HP:0012185,has_phenotype,hpo,https://ontology.jax.org/api/network/annotation/OMIM:607014,2026-10-03,0.95,observed,supports,,OMIM:607014,,,
E8e5da43,MONDO:0011758,HP:0002180,has_phenotype,hpo,https://ontology.jax.org/api/network/annotation/OMIM:607014,2026-10-03,0.95,observed,supports,,OMIM:607014,,,
Eb446b9d,MONDO:0011758,HP:0001249,has_phenotype,hpo,https://ontology.jax.org/api/network/annotation/OMIM:607014,2026-10-03,0.95,observed,supports,,OMIM:607014,,,
Efdc2be5,MONDO:0011758,HP:0001263,has_phenotype,hpo,https://ontology.jax.org/api/network/annotation/OMIM:607014,2026-10-03,0.95,observed,supports,,OMIM:607014,,,
E4ba222b,MONDO:0011758,HP:0011400,has_phenotype,hpo,https://ontology.jax.org/api/network/annotation/OMIM:607014,2026-10-03,0.95,observed,supports,,OMIM:607014,,,
Eb35fa8e,MONDO:0011758,HP:0000238,has_phenotype,hpo,https://ontology.jax.org/api/network/annotation/OMIM:607014,2026-10-03,0.95,observed,supports,,OMIM:607014,,,
Ebcd58eb,MONDO:0011758,HP:0002344,has_phenotype,hpo,https://ontology.jax.org/api/network/annotation/OMIM:607014,2026-10-03,0.95,observed,supports,,OMIM:607014,,,
Ee0d8dfd,MONDO:0011758,HP:0004322,has_phenotype,hpo,https://ontology.jax.org/api/network/annotation/OMIM:607014,2026-10-03,0.95,observed,supports,,OMIM:607014,,,
Eeeaa908,MONDO:0011758,HP:0001638,has_phenotype,hpo,https://ontology.jax.org/api/network/annotation/OMIM:607014,2026-10-03,0.95,observed,supports,,OMIM:607014,,,
Ed6fa18c,MONDO:0011758,HP:0001433,has_phenotype,hpo,https://ontology.jax.org/api/network/annotation/OMIM:607014,2026-10-03,0.95,observed,supports,,PMID:22557905,1/1,,
E2ace73e,MONDO:0011758,HP:0001744,has_phenotype,hpo,https://ontology.jax.org/api/network/annotation/OMIM:607014,2026-10-03,0.95,observed,supports,,OMIM:607014,,,
E3251903,MONDO:0011758,HP:0030812,has_phenotype,hpo,https://ontology.jax.org/api/network/annotation/OMIM:607014,2026-10-03,0.95,observed,supports,,OMIM:607014,,,
Ee87eacc,MONDO:0011758,HP:0001653,has_phenotype,hpo,https://ontology.jax.org/api/network/annotation/OMIM:607014,2026-10-03,0.95,observed,supports,,OMIM:607014,10/12,,
Eaabb072,MONDO:0011758,HP:0001706,has_phenotype,hpo,https://ontology.jax.org/api/network/annotation/OMIM:607014,2026-10-03,0.95,observed,supports,,OMIM:607014,11/58,,
E36e81a0,MONDO:0011758,HP:0001659,has_phenotype,hpo,https://ontology.jax.org/api/network/annotation/OMIM:607014,2026-10-03,0.95,observed,supports,,OMIM:607014,4/12,,
E385950a,MONDO:0011758,HP:0000007,has_phenotype,hpo,https://ontology.jax.org/api/network/annotation/OMIM:607014,2026-10-03,0.95,observed,supports,,OMIM:607014,,,
E53b3254,MONDO:0011758,HP:0001007,has_phenotype,hpo,https://ontology.jax.org/api/network/annotation/OMIM:607014,2026-10-03,0.95,observed,supports,,OMIM:607014,,,
E10cf2de,MONDO:0011758,HP:0000546,has_phenotype,hpo,https://ontology.jax.org/api/network/annotation/OMIM:607014,2026-10-03,0.95,observed,supports,,OMIM:607014,Occasional,,
E60b6fc1,MONDO:0011758,HP:0000501,has_phenotype,hpo,https://ontology.jax.org/api/network/annotation/OMIM:607014,2026-10-03,0.95,observed,supports,,OMIM:607014,Occasional,,
Ebdb6f31,MONDO:0011758,HP:0007957,has_phenotype,hpo,https://ontology.jax.org/api/network/annotation/OMIM:607014,2026-10-03,0.95,observed,supports,,OMIM:607014,,,
E74d311b,MONDO:0011758,HP:0007759,has_phenotype,hpo,https://ontology.jax.org/api/network/annotation/OMIM:607014,2026-10-03,0.95,observed,supports,,OMIM:607014,,,
E9d24a46,MONDO:0011758,HP:0000316,has_phenotype,hpo,https://ontology.jax.org/api/network/annotation/OMIM:607014,2026-10-03,0.95,observed,supports,,PMID:22557905,1/1,,
E59233f1,MONDO:0011758,HP:0001488,has_phenotype,hpo,https://ontology.jax.org/api/network/annotation/OMIM:607014,2026-10-03,0.95,observed,supports,,PMID:22557905,1/1,,
Eac52a80,MONDO:0011758,HP:0001537,has_phenotype,hpo,https://ontology.jax.org/api/network/annotation/OMIM:607014,2026-10-03,0.95,observed,supports,,PMID:22557905,1/1,,
E6e20968,MONDO:0011758,HP:0100790,has_phenotype,hpo,https://ontology.jax.org/api/network/annotation/OMIM:607014,2026-10-03,0.95,observed,supports,,OMIM:607014,,,
Ee7bdef9,MONDO:0011758,HP:0001371,has_phenotype,hpo,https://ontology.jax.org/api/network/annotation/OMIM:607014,2026-10-03,0.95,observed,supports,,OMIM:607014,,,
Ee4ad89c,MONDO:0011758,HP:0000023,has_phenotype,hpo,https://ontology.jax.org/api/network/annotation/OMIM:607014,2026-10-03,0.95,observed,supports,,OMIM:607014,,,
Ef9c012c,MONDO:0011758,HP:0002205,has_phenotype,hpo,https://ontology.jax.org/api/network/annotation/OMIM:607014,2026-10-03,0.95,observed,supports,,OMIM:607014,4/12,,
E713ac3e,MONDO:0011758,HP:6000910,has_phenotype,hpo,https://ontology.jax.org/api/network/annotation/OMIM:607014,2026-10-03,0.95,observed,supports,,PMID:818611,10/10,,
E5157905,MONDO:0011758,HP:0002159,has_phenotype,hpo,https://ontology.jax.org/api/network/annotation/OMIM:607014,2026-10-03,0.95,observed,supports,,PMID:22557905,1/1,,
E80127ba,MONDO:0011758,HP:0008301,has_phenotype,hpo,https://ontology.jax.org/api/network/annotation/OMIM:607014,2026-10-03,0.95,observed,supports,,PMID:22557905,1/1,,
E8e6e9a9,MONDO:0011758,HP:0003541,has_phenotype,hpo,https://ontology.jax.org/api/network/annotation/OMIM:607014,2026-10-03,0.95,observed,supports,,OMIM:607014,,,
E0706553,MONDO:0011758,HP:0000365,has_phenotype,hpo,https://ontology.jax.org/api/network/annotation/OMIM:607014,2026-10-03,0.95,observed,supports,,OMIM:607014,Occasional,,
Eac55798,MONDO:0011758,HP:0000403,has_phenotype,hpo,https://ontology.jax.org/api/network/annotation/OMIM:607014,2026-10-03,0.95,observed,supports,,PMID:22557905,1/1,,
E31a7a3f,MONDO:0011758,HP:0002240,has_phenotype,hpo,https://ontology.jax.org/api/network/annotation/OMIM:607014,2026-10-03,0.95,observed,supports,,OMIM:607014,,,
E2ddafbd,MONDO:0011758,HP:0001538,has_phenotype,hpo,https://ontology.jax.org/api/network/annotation/OMIM:607014,2026-10-03,0.95,observed,supports,,PMID:22557905,1/1,,
Ec3a6741,MONDO:0011758,HP:0012471,has_phenotype,hpo,https://ontology.jax.org/api/network/annotation/OMIM:607014,2026-10-03,0.95,observed,supports,,PMID:22557905,1/1,,
E7fba2ef,MONDO:0011758,HP:0000256,has_phenotype,hpo,https://ontology.jax.org/api/network/annotation/OMIM:607014,2026-10-03,0.95,observed,supports,,PMID:22557905,1/1,,
E922511b,MONDO:0011758,HP:0000463,has_phenotype,hpo,https://ontology.jax.org/api/network/annotation/OMIM:607014,2026-10-03,0.95,observed,supports,,OMIM:607014,,,
E9efdce2,MONDO:0011758,HP:0000431,has_phenotype,hpo,https://ontology.jax.org/api/network/annotation/OMIM:607014,2026-10-03,0.95,observed,supports,,PMID:22557905,1/1,,
Ef110c50,MONDO:0011758,HP:0000293,has_phenotype,hpo,https://ontology.jax.org/api/network/annotation/OMIM:607014,2026-10-03,0.95,observed,supports,,OMIM:607014,,,
E0899190,MONDO:0011758,HP:0002680,has_phenotype,hpo,https://ontology.jax.org/api/network/annotation/OMIM:607014,2026-10-03,0.95,observed,supports,,OMIM:607014,,,
Ef579eb3,MONDO:0011758,HP:0000280,has_phenotype,hpo,https://ontology.jax.org/api/network/annotation/OMIM:607014,2026-10-03,0.95,observed,supports,,PMID:22557905,1/1,,
E8ed2b10,MONDO:0011758,HP:0004490,has_phenotype,hpo,https://ontology.jax.org/api/network/annotation/OMIM:607014,2026-10-03,0.95,observed,supports,,PMID:22557905,1/1,,
Ecfb54d1,MONDO:0011758,HP:0000470,has_phenotype,hpo,https://ontology.jax.org/api/network/annotation/OMIM:607014,2026-10-03,0.95,observed,supports,,OMIM:607014,,,
Eb2ec9c1,MONDO:0011758,HP:0004437,has_phenotype,hpo,https://ontology.jax.org/api/network/annotation/OMIM:607014,2026-10-03,0.95,observed,supports,,PMID:22557905,1/1,,
E553d49d,MONDO:0011758,HP:0005280,has_phenotype,hpo,https://ontology.jax.org/api/network/annotation/OMIM:607014,2026-10-03,0.95,observed,supports,,OMIM:607014,,,
Ecd1e4b9,MONDO:0011758,HP:0000691,has_phenotype,hpo,https://ontology.jax.org/api/network/annotation/OMIM:607014,2026-10-03,0.95,observed,supports,,OMIM:607014,,,
E7411b22,MONDO:0011758,HP:0000212,has_phenotype,hpo,https://ontology.jax.org/api/network/annotation/OMIM:607014,2026-10-03,0.95,observed,supports,,OMIM:607014,,,
E00b8f3d,MONDO:0011758,HP:0000455,has_phenotype,hpo,https://ontology.jax.org/api/network/annotation/OMIM:607014,2026-10-03,0.95,observed,supports,,OMIM:607014,,,
E774556c,MONDO:0011758,HP:0000158,has_phenotype,hpo,https://ontology.jax.org/api/network/annotation/OMIM:607014,2026-10-03,0.95,observed,supports,,PMID:22557905,1/1,,
Ecd1c934,MONDO:0011758,HP:0002007,has_phenotype,hpo,https://ontology.jax.org/api/network/annotation/OMIM:607014,2026-10-03,0.95,observed,supports,,PMID:22557905,1/1,,
Eec85940,MONDO:0011758,HP:0003320,has_phenotype,hpo,https://ontology.jax.org/api/network/annotation/OMIM:607014,2026-10-03,0.95,observed,supports,,PMID:8468655,11/30,,
E9103a65,MONDO:0011758,HP:0003311,has_phenotype,hpo,https://ontology.jax.org/api/network/annotation/OMIM:607014,2026-10-03,0.95,observed,supports,,OMIM:607014,,,
Ecfc1613,MONDO:0011758,HP:0004586,has_phenotype,hpo,https://ontology.jax.org/api/network/annotation/OMIM:607014,2026-10-03,0.95,observed,supports,,OMIM:607014,,,
E6423fb6,MONDO:0011758,HP:0002808,has_phenotype,hpo,https://ontology.jax.org/api/network/annotation/OMIM:607014,2026-10-03,0.95,observed,supports,,OMIM:607014,,,
E3fd95bd,MONDO:0011758,HP:0000894,has_phenotype,hpo,https://ontology.jax.org/api/network/annotation/OMIM:607014,2026-10-03,0.95,observed,supports,,OMIM:607014,,,
Ebd56114,MONDO:0011758,HP:0002869,has_phenotype,hpo,https://ontology.jax.org/api/network/annotation/OMIM:607014,2026-10-03,0.95,observed,supports,,OMIM:607014,,,
Eba6ffa9,MONDO:0011758,HP:0000943,has_phenotype,hpo,https://ontology.jax.org/api/network/annotation/OMIM:607014,2026-10-03,0.95,observed,supports,,PMID:22557905,1/1,,
E6dbd258,MONDO:0011758,HP:0001387,has_phenotype,hpo,https://ontology.jax.org/api/network/annotation/OMIM:607014,2026-10-03,0.95,observed,supports,,PMID:22557905,1/1,,
E13243b7,MONDO:0010674,NCBIGene:3423,caused_by,hpo,https://ontology.jax.org/api/network/annotation/OMIM:309900,2026-10-03,0.95,observed,supports,,,,,
Ebf275aa,MONDO:0010674,HP:0001171,has_phenotype,hpo,https://ontology.jax.org/api/network/annotation/OMIM:309900,2026-10-03,0.95,observed,supports,,OMIM:309900,,,
E699fc4b,MONDO:0010674,HP:0001761,has_phenotype,hpo,https://ontology.jax.org/api/network/annotation/OMIM:309900,2026-10-03,0.95,observed,supports,,OMIM:309900,,,
E549acc7,MONDO:0010674,HP:0002870,has_phenotype,hpo,https://ontology.jax.org/api/network/annotation/OMIM:309900,2026-10-03,0.95,observed,supports,,OMIM:309900,,,
E006a7ab,MONDO:0010674,HP:0001250,has_phenotype,hpo,https://ontology.jax.org/api/network/annotation/OMIM:309900,2026-10-03,0.95,observed,supports,,OMIM:309900,,,
E3707ddf,MONDO:0010674,HP:0002187,has_phenotype,hpo,https://ontology.jax.org/api/network/annotation/OMIM:309900,2026-10-03,0.95,observed,supports,,OMIM:309900,,,
E6ec9cea,MONDO:0010674,HP:0002341,has_phenotype,hpo,https://ontology.jax.org/api/network/annotation/OMIM:309900,2026-10-03,0.95,observed,supports,,OMIM:309900,,,
E75589b1,MONDO:0010674,HP:0000238,has_phenotype,hpo,https://ontology.jax.org/api/network/annotation/OMIM:309900,2026-10-03,0.95,observed,supports,,OMIM:309900,,,
E72b65b0,MONDO:0010674,HP:0010535,has_phenotype,hpo,https://ontology.jax.org/api/network/annotation/OMIM:309900,2026-10-03,0.95,observed,supports,,PMID:35144014,13/142,,
E7fd34de,MONDO:0010674,HP:0002180,has_phenotype,hpo,https://ontology.jax.org/api/network/annotation/OMIM:309900,2026-10-03,0.95,observed,supports,,PMID:35144014,44/136,,
E571349d,MONDO:0010674,HP:0001433,has_phenotype,hpo,https://ontology.jax.org/api/network/annotation/OMIM:309900,2026-10-03,0.95,observed,supports,,PMID:35144014,101/116,,
E4ab2ba0,MONDO:0010674,HP:0001635,has_phenotype,hpo,https://ontology.jax.org/api/network/annotation/OMIM:309900,2026-10-03,0.95,observed,supports,,OMIM:309900,,,
E15294aa,MONDO:0010674,HP:0001654,has_phenotype,hpo,https://ontology.jax.org/api/network/annotation/OMIM:309900,2026-10-03,0.95,observed,supports,,OMIM:309900,,,
Ea4c58ae,MONDO:0010674,HP:0001744,has_phenotype,hpo,https://ontology.jax.org/api/network/annotation/OMIM:309900,2026-10-03,0.95,observed,supports,,PMID:35282545,1/1,,
E327f80b,MONDO:0010674,HP:0003502,has_phenotype,hpo,https://ontology.jax.org/api/network/annotation/OMIM:309900,2026-10-03,0.95,observed,supports,,OMIM:309900,,,
E957b805,MONDO:0010674,HP:0004322,has_phenotype,hpo,https://ontology.jax.org/api/network/annotation/OMIM:309900,2026-10-03,0.95,observed,supports,,PMID:35144014; OMIM:309900; PMID:35282545,82/210,,
Ec6b26fa,MONDO:0010674,HP:0003510,has_phenotype,hpo,https://ontology.jax.org/api/network/annotation/OMIM:309900,2026-10-03,0.95,observed,supports,,OMIM:309900,,,
E27355a0,MONDO:0010674,HP:0001419,has_phenotype,hpo,https://ontology.jax.org/api/network/annotation/OMIM:309900,2026-10-03,0.95,observed,supports,,OMIM:309900,,,
E1476fa8,MONDO:0010674,HP:0002786,has_phenotype,hpo,https://ontology.jax.org/api/network/annotation/OMIM:309900,2026-10-03,0.95,observed,supports,,OMIM:309900,,,
Ef2f9fdd,MONDO:0010674,HP:0006536,has_phenotype,hpo,https://ontology.jax.org/api/network/annotation/OMIM:309900,2026-10-03,0.95,observed,supports,,PMID:35144014,10/142,,
Eca8b7c6,MONDO:0010674,HP:0000998,has_phenotype,hpo,https://ontology.jax.org/api/network/annotation/OMIM:309900,2026-10-03,0.95,observed,supports,,OMIM:309900,,,
E7c0b874,MONDO:0010674,HP:0001085,has_phenotype,hpo,https://ontology.jax.org/api/network/annotation/OMIM:309900,2026-10-03,0.95,observed,supports,,OMIM:309900,,,
E5290f2c,MONDO:0010674,HP:0000508,has_phenotype,hpo,https://ontology.jax.org/api/network/annotation/OMIM:309900,2026-10-03,0.95,observed,supports,,OMIM:309900,,,
E65cef0d,MONDO:0010674,HP:0007703,has_phenotype,hpo,https://ontology.jax.org/api/network/annotation/OMIM:309900,2026-10-03,0.95,observed,supports,,OMIM:309900,,,
E38be86b,MONDO:0010674,HP:0001537,has_phenotype,hpo,https://ontology.jax.org/api/network/annotation/OMIM:309900,2026-10-03,0.95,observed,supports,,OMIM:309900,,,
E879cb8b,MONDO:0010674,HP:0001371,has_phenotype,hpo,https://ontology.jax.org/api/network/annotation/OMIM:309900,2026-10-03,0.95,observed,supports,,PMID:35144014,74/109,,
E7a6225d,MONDO:0010674,HP:0000023,has_phenotype,hpo,https://ontology.jax.org/api/network/annotation/OMIM:309900,2026-10-03,0.95,observed,supports,,OMIM:309900,,,
E6ac40a5,MONDO:0010674,HP:0011462,has_phenotype,hpo,https://ontology.jax.org/api/network/annotation/OMIM:309900,2026-10-03,0.95,observed,supports,,PMID:35282545,1/1,,
E06000f6,MONDO:0010674,HP:0011463,has_phenotype,hpo,https://ontology.jax.org/api/network/annotation/OMIM:309900,2026-10-03,0.95,observed,supports,,PMID:35144014,63/79,,
E6dd3068,MONDO:0010674,HP:0003593,has_phenotype,hpo,https://ontology.jax.org/api/network/annotation/OMIM:309900,2026-10-03,0.95,observed,supports,,PMID:35144014,13/79,,
E0b3cd31,MONDO:0010674,HP:0003621,has_phenotype,hpo,https://ontology.jax.org/api/network/annotation/OMIM:309900,2026-10-03,0.95,observed,supports,,OMIM:309900,3/79,,
Ed232c04,MONDO:0010674,HP:0003541,has_phenotype,hpo,https://ontology.jax.org/api/network/annotation/OMIM:309900,2026-10-03,0.95,observed,supports,,PMID:35282545,1/1,,
E1883590,MONDO:0010674,HP:0008301,has_phenotype,hpo,https://ontology.jax.org/api/network/annotation/OMIM:309900,2026-10-03,0.95,observed,supports,,OMIM:309900,,,
Ed62ae66,MONDO:0010674,HP:0002159,has_phenotype,hpo,https://ontology.jax.org/api/network/annotation/OMIM:309900,2026-10-03,0.95,observed,supports,,OMIM:309900,,,
E13fe6de,MONDO:0010674,HP:0034203,has_phenotype,hpo,https://ontology.jax.org/api/network/annotation/OMIM:309900,2026-10-03,0.95,observed,supports,,PMID:35282545,1/1,,
E3c9e84f,MONDO:0010674,HP:0006532,has_phenotype,hpo,https://ontology.jax.org/api/network/annotation/OMIM:309900,2026-10-03,0.95,observed,supports,,PMID:35144014,7/142,,
Eb69e1bf,MONDO:0010674,HP:0002099,has_phenotype,hpo,https://ontology.jax.org/api/network/annotation/OMIM:309900,2026-10-03,0.95,observed,supports,,OMIM:309900,,,
Ef055097,MONDO:0010674,HP:0000365,has_phenotype,hpo,https://ontology.jax.org/api/network/annotation/OMIM:309900,2026-10-03,0.95,observed,supports,,PMID:35144014,22/84,,
E10cc44b,MONDO:0010674,HP:0000403,has_phenotype,hpo,https://ontology.jax.org/api/network/annotation/OMIM:309900,2026-10-03,0.95,observed,supports,,OMIM:309900,,,
Eed3d441,MONDO:0010674,HP:0004389,has_phenotype,hpo,https://ontology.jax.org/api/network/annotation/OMIM:309900,2026-10-03,0.95,observed,supports,,OMIM:309900,,,
E698359b,MONDO:0010674,HP:0002014,has_phenotype,hpo,https://ontology.jax.org/api/network/annotation/OMIM:309900,2026-10-03,0.95,observed,supports,,OMIM:309900,,,
Ea248f23,MONDO:0010674,HP:0002240,has_phenotype,hpo,https://ontology.jax.org/api/network/annotation/OMIM:309900,2026-10-03,0.95,observed,supports,,PMID:35282545,1/1,,
Ef528fc0,MONDO:0010674,HP:0000687,has_phenotype,hpo,https://ontology.jax.org/api/network/annotation/OMIM:309900,2026-10-03,0.95,observed,supports,,OMIM:309900,,,
E9aa817d,MONDO:0010674,HP:0000256,has_phenotype,hpo,https://ontology.jax.org/api/network/annotation/OMIM:309900,2026-10-03,0.95,observed,supports,,OMIM:309900; PMID:35282545,115/131,,
E4ba52b0,MONDO:0010674,HP:0000268,has_phenotype,hpo,https://ontology.jax.org/api/network/annotation/OMIM:309900,2026-10-03,0.95,observed,supports,,OMIM:309900,,,
E50d8fda,MONDO:0010674,HP:0030799,has_phenotype,hpo,https://ontology.jax.org/api/network/annotation/OMIM:309900,2026-10-03,0.95,observed,supports,,OMIM:309900,,,
Ee2770fe,MONDO:0010674,HP:0000684,has_phenotype,hpo,https://ontology.jax.org/api/network/annotation/OMIM:309900,2026-10-03,0.95,observed,supports,,OMIM:309900,,,
E41e54d4,MONDO:0010674,HP:0000280,has_phenotype,hpo,https://ontology.jax.org/api/network/annotation/OMIM:309900,2026-10-03,0.95,observed,supports,,PMID:35144014; PMID:35282545,137/142,,
E3c32a95,MONDO:0010674,HP:0000179,has_phenotype,hpo,https://ontology.jax.org/api/network/annotation/OMIM:309900,2026-10-03,0.95,observed,supports,,PMID:35282545,1/1,,
Eeada0f1,MONDO:0010674,HP:0000158,has_phenotype,hpo,https://ontology.jax.org/api/network/annotation/OMIM:309900,2026-10-03,0.95,observed,supports,,OMIM:309900,,,
E8a864f1,MONDO:0010674,HP:0000470,has_phenotype,hpo,https://ontology.jax.org/api/network/annotation/OMIM:309900,2026-10-03,0.95,observed,supports,,OMIM:309900,,,
Ef262660,MONDO:0010674,HP:0000943,has_phenotype,hpo,https://ontology.jax.org/api/network/annotation/OMIM:309900,2026-10-03,0.95,observed,supports,,PMID:35144014; PMID:35282545,99/126,,
E7f9ee17,MONDO:0010674,HP:0002808,has_phenotype,hpo,https://ontology.jax.org/api/network/annotation/OMIM:309900,2026-10-03,0.95,observed,supports,,OMIM:309900,,,
E9899c1d,MONDO:0010674,HP:0001609,has_phenotype,hpo,https://ontology.jax.org/api/network/annotation/OMIM:309900,2026-10-03,0.95,observed,supports,,OMIM:309900,,,
E23b738a,MONDO:0017694,NCBIGene:2548,caused_by,hpo,https://ontology.jax.org/api/network/annotation/OMIM:232300,2026-10-03,0.95,observed,supports,,,,,
E5d4f96a,MONDO:0017694,HP:0003690,has_phenotype,hpo,https://ontology.jax.org/api/network/annotation/OMIM:232300,2026-10-03,0.95,observed,supports,,PMID:35386406,1/1,,
Ebfee4e5,MONDO:0017694,HP:0001288,has_phenotype,hpo,https://ontology.jax.org/api/network/annotation/OMIM:232300,2026-10-03,0.95,observed,supports,,PMID:35386406,1/1,,
E754a4ad,MONDO:0017694,HP:0001284,has_phenotype,hpo,https://ontology.jax.org/api/network/annotation/OMIM:232300,2026-10-03,0.95,observed,supports,,OMIM:232300,,,
E274589b,MONDO:0017694,HP:0001265,has_phenotype,hpo,https://ontology.jax.org/api/network/annotation/OMIM:232300,2026-10-03,0.95,observed,supports,,PMID:35386406,1/1,,
Ed96a002,MONDO:0017694,HP:0011400,has_phenotype,hpo,https://ontology.jax.org/api/network/annotation/OMIM:232300,2026-10-03,0.95,observed,supports,,OMIM:232300,,,
E4513990,MONDO:0017694,HP:0033567,has_phenotype,hpo,https://ontology.jax.org/api/network/annotation/OMIM:232300,2026-10-03,0.95,observed,supports,,PMID:35386406,1/1,,
E0a7d628,MONDO:0017694,HP:0001716,has_phenotype,hpo,https://ontology.jax.org/api/network/annotation/OMIM:232300,2026-10-03,0.95,observed,supports,,OMIM:232300,,,
E7526120,MONDO:0017694,HP:0011703,has_phenotype,hpo,https://ontology.jax.org/api/network/annotation/OMIM:232300,2026-10-03,0.95,observed,supports,,PMID:35386406,1/1,,
E321156f,MONDO:0017694,HP:0001640,has_phenotype,hpo,https://ontology.jax.org/api/network/annotation/OMIM:232300,2026-10-03,0.95,observed,supports,,OMIM:232300,,,
E68710d6,MONDO:0017694,HP:0004944,has_phenotype,hpo,https://ontology.jax.org/api/network/annotation/OMIM:232300,2026-10-03,0.95,observed,supports,,OMIM:232300,,,
E078138a,MONDO:0017694,HP:0001744,has_phenotype,hpo,https://ontology.jax.org/api/network/annotation/OMIM:232300,2026-10-03,0.95,observed,supports,,OMIM:232300,,,
Ef602bca,MONDO:0017694,HP:0005165,has_phenotype,hpo,https://ontology.jax.org/api/network/annotation/OMIM:232300,2026-10-03,0.95,observed,supports,,OMIM:232300,,,
E188f5b4,MONDO:0017694,HP:0000007,has_phenotype,hpo,https://ontology.jax.org/api/network/annotation/OMIM:232300,2026-10-03,0.95,observed,supports,,OMIM:232300,,,
E477b2f2,MONDO:0017694,HP:0002094,has_phenotype,hpo,https://ontology.jax.org/api/network/annotation/OMIM:232300,2026-10-03,0.95,observed,supports,,PMID:35386406,1/1,,
E4cee8cd,MONDO:0017694,HP:0002093,has_phenotype,hpo,https://ontology.jax.org/api/network/annotation/OMIM:232300,2026-10-03,0.95,observed,supports,,OMIM:232300,,,
E373cace,MONDO:0017694,HP:0002138,has_phenotype,hpo,https://ontology.jax.org/api/network/annotation/OMIM:232300,2026-10-03,0.95,observed,supports,,PMID:35386406,1/1,,
Ed6a3132,MONDO:0017694,HP:0003546,has_phenotype,hpo,https://ontology.jax.org/api/network/annotation/OMIM:232300,2026-10-03,0.95,observed,supports,,PMID:35386406,1/1,,
Eec22c5b,MONDO:0017694,HP:0011462,has_phenotype,hpo,https://ontology.jax.org/api/network/annotation/OMIM:232300,2026-10-03,0.95,observed,supports,,PMID:35386406,1/1,,
E7e45fc3,MONDO:0017694,HP:0002205,has_phenotype,hpo,https://ontology.jax.org/api/network/annotation/OMIM:232300,2026-10-03,0.95,observed,supports,,OMIM:232300,,,
E6dac62a,MONDO:0017694,HP:0001790,has_phenotype,hpo,https://ontology.jax.org/api/network/annotation/OMIM:232300,2026-10-03,0.95,observed,supports,,PMID:33082562; PMID:31467850,11/11,,
E6dd1a5a,MONDO:0017694,HP:0025435,has_phenotype,hpo,https://ontology.jax.org/api/network/annotation/OMIM:232300,2026-10-03,0.95,observed,supports,,PMID:35386406,1/1,,
Edd59f77,MONDO:0017694,HP:0031185,has_phenotype,hpo,https://ontology.jax.org/api/network/annotation/OMIM:232300,2026-10-03,0.95,observed,supports,,PMID:35386406,1/1,,
E320f13f,MONDO:0017694,HP:0001945,has_phenotype,hpo,https://ontology.jax.org/api/network/annotation/OMIM:232300,2026-10-03,0.95,observed,supports,,OMIM:232300,,,
E2203022,MONDO:0017694,HP:6001008,has_phenotype,hpo,https://ontology.jax.org/api/network/annotation/OMIM:232300,2026-10-03,0.95,observed,supports,,PMID:20301438,,,
E272ab78,MONDO:0017694,HP:0009051,has_phenotype,hpo,https://ontology.jax.org/api/network/annotation/OMIM:232300,2026-10-03,0.95,observed,supports,,PMID:35386406,1/1,,
E5028ad9,MONDO:0017694,HP:0032232,has_phenotype,hpo,https://ontology.jax.org/api/network/annotation/OMIM:232300,2026-10-03,0.95,observed,supports,,PMID:35386406,1/1,,
E5bd4054,MONDO:0017694,HP:0003236,has_phenotype,hpo,https://ontology.jax.org/api/network/annotation/OMIM:232300,2026-10-03,0.95,observed,supports,,OMIM:232300,,,
E4f10e6c,MONDO:0017694,HP:6000088,has_phenotype,hpo,https://ontology.jax.org/api/network/annotation/OMIM:232300,2026-10-03,0.95,observed,supports,,OMIM:232300,,,
Ef7efc62,MONDO:0017694,HP:0002202,has_phenotype,hpo,https://ontology.jax.org/api/network/annotation/OMIM:232300,2026-10-03,0.95,observed,supports,,PMID:35386406,1/1,,
E5f93a17,MONDO:0017694,HP:0000020,has_phenotype,hpo,https://ontology.jax.org/api/network/annotation/OMIM:232300,2026-10-03,0.95,observed,supports,,PMID:35386406,1/1,,
Ef137041,MONDO:0017694,HP:0000365,has_phenotype,hpo,https://ontology.jax.org/api/network/annotation/OMIM:232300,2026-10-03,0.95,observed,supports,,OMIM:232300,,,
E8b5d496,MONDO:0017694,HP:0002240,has_phenotype,hpo,https://ontology.jax.org/api/network/annotation/OMIM:232300,2026-10-03,0.95,observed,supports,,OMIM:232300,,,
Eb357b8d,MONDO:0017694,HP:0000158,has_phenotype,hpo,https://ontology.jax.org/api/network/annotation/OMIM:232300,2026-10-03,0.95,observed,supports,,OMIM:232300,,,
Eff407ff,MONDO:0017694,HP:0001324,has_phenotype,hpo,https://ontology.jax.org/api/network/annotation/OMIM:232300,2026-10-03,0.95,observed,supports,,PMID:35386406,1/1,,
Ee7b6123,MONDO:0017694,HP:0003551,has_phenotype,hpo,https://ontology.jax.org/api/network/annotation/OMIM:232300,2026-10-03,0.95,observed,supports,,PMID:35386406,1/1,,
Ee25d1c0,MONDO:0017694,HP:0003701,has_phenotype,hpo,https://ontology.jax.org/api/network/annotation/OMIM:232300,2026-10-03,0.95,observed,supports,,OMIM:232300,,,
E4381de0,MONDO:0017694,HP:0001252,has_phenotype,hpo,https://ontology.jax.org/api/network/annotation/OMIM:232300,2026-10-03,0.95,observed,supports,,OMIM:232300,,,
Eda2ebc1,MONDO:0017694,HP:0003725,has_phenotype,hpo,https://ontology.jax.org/api/network/annotation/OMIM:232300,2026-10-03,0.95,observed,supports,,OMIM:232300,,,
E62a08d9,MONDO:0017694,HP:0033235,has_phenotype,hpo,https://ontology.jax.org/api/network/annotation/OMIM:232300,2026-10-03,0.95,observed,supports,,PMID:35386406,1/1,,
E6cee6b8,MONDO:0017694,HP:0006597,has_phenotype,hpo,https://ontology.jax.org/api/network/annotation/OMIM:232300,2026-10-03,0.95,observed,supports,,OMIM:232300,,,
Ed0adb73,MONDO:0017694,HP:0002747,has_phenotype,hpo,https://ontology.jax.org/api/network/annotation/OMIM:232300,2026-10-03,0.95,observed,supports,,OMIM:232300,,,
E77b18c9,MONDO:0009265,NCBIGene:2629,caused_by,hpo,https://ontology.jax.org/api/network/annotation/OMIM:230800,2026-10-03,0.95,observed,supports,,,,,
Ec242b69,MONDO:0009265,HP:0004975,has_phenotype,hpo,https://ontology.jax.org/api/network/annotation/OMIM:230800,2026-10-03,0.95,observed,supports,,OMIM:230800,,,
Ecdbcb6c,MONDO:0009265,HP:0001744,has_phenotype,hpo,https://ontology.jax.org/api/network/annotation/OMIM:230800,2026-10-03,0.95,observed,supports,,OMIM:230800,,,
Ea44d5f3,MONDO:0009265,HP:0000822,has_phenotype,hpo,https://ontology.jax.org/api/network/annotation/OMIM:230800,2026-10-03,0.95,observed,supports,,OMIM:230800,,,
Ee7cb6ca,MONDO:0009265,HP:0001653,has_phenotype,hpo,https://ontology.jax.org/api/network/annotation/OMIM:230800,2026-10-03,0.95,observed,supports,,PMID:34072542,33/69,,
Ec2f2d20,MONDO:0009265,HP:0002092,has_phenotype,hpo,https://ontology.jax.org/api/network/annotation/OMIM:230800,2026-10-03,0.95,observed,supports,,PMID:34072542,9/69,,
E7953247,MONDO:0009265,HP:0001650,has_phenotype,hpo,https://ontology.jax.org/api/network/annotation/OMIM:230800,2026-10-03,0.95,observed,supports,,PMID:34072542,1/69,,
E1ce906c,MONDO:0009265,HP:0001971,has_phenotype,hpo,https://ontology.jax.org/api/network/annotation/OMIM:230800,2026-10-03,0.95,observed,supports,,OMIM:230800,,,
E4180b6b,MONDO:0009265,HP:0000007,has_phenotype,hpo,https://ontology.jax.org/api/network/annotation/OMIM:230800,2026-10-03,0.95,observed,supports,,PMID:3353383,,,
E9674b45,MONDO:0009265,HP:0002094,has_phenotype,hpo,https://ontology.jax.org/api/network/annotation/OMIM:230800,2026-10-03,0.95,observed,supports,,OMIM:230800,,,
E6de8dec,MONDO:0009265,HP:0002113,has_phenotype,hpo,https://ontology.jax.org/api/network/annotation/OMIM:230800,2026-10-03,0.95,observed,supports,,OMIM:230800,Occasional,,
Ecb65ebe,MONDO:0009265,HP:0006530,has_phenotype,hpo,https://ontology.jax.org/api/network/annotation/OMIM:230800,2026-10-03,0.95,observed,supports,,OMIM:230800,,,
Eb3fe617,MONDO:0009265,HP:0001903,has_phenotype,hpo,https://ontology.jax.org/api/network/annotation/OMIM:230800,2026-10-03,0.95,observed,supports,,OMIM:230800,,,
Ef966bf9,MONDO:0009265,HP:0001876,has_phenotype,hpo,https://ontology.jax.org/api/network/annotation/OMIM:230800,2026-10-03,0.95,observed,supports,,OMIM:230800,,,
E7b9b951,MONDO:0009265,HP:0001873,has_phenotype,hpo,https://ontology.jax.org/api/network/annotation/OMIM:230800,2026-10-03,0.95,observed,supports,,OMIM:230800,,,
E593dee7,MONDO:0009265,HP:0000421,has_phenotype,hpo,https://ontology.jax.org/api/network/annotation/OMIM:230800,2026-10-03,0.95,observed,supports,,OMIM:230800,,,
Eac9e0cc,MONDO:0009265,HP:0002653,has_phenotype,hpo,https://ontology.jax.org/api/network/annotation/OMIM:230800,2026-10-03,0.95,observed,supports,,OMIM:230800,,,
E34b3daa,MONDO:0009265,HP:0000953,has_phenotype,hpo,https://ontology.jax.org/api/network/annotation/OMIM:230800,2026-10-03,0.95,observed,supports,,OMIM:230800,,,
E1749043,MONDO:0009265,HP:0006775,has_phenotype,hpo,https://ontology.jax.org/api/network/annotation/OMIM:230800,2026-10-03,0.95,observed,supports,,OMIM:230800,,,
Ec2128b9,MONDO:0009265,HP:0000478,has_phenotype,hpo,https://ontology.jax.org/api/network/annotation/OMIM:230800,2026-10-03,0.95,observed,supports,,OMIM:230800,,,
E482c064,MONDO:0009265,HP:0007401,has_phenotype,hpo,https://ontology.jax.org/api/network/annotation/OMIM:230800,2026-10-03,0.95,observed,supports,,OMIM:230800,,,
Eb37a204,MONDO:0009265,HP:6001185,has_phenotype,hpo,https://ontology.jax.org/api/network/annotation/OMIM:230800,2026-10-03,0.95,observed,supports,,PMID:21868580,64/64,,
Ec39eb2f,MONDO:0009265,HP:0002240,has_phenotype,hpo,https://ontology.jax.org/api/network/annotation/OMIM:230800,2026-10-03,0.95,observed,supports,,OMIM:230800,,,
E783b688,MONDO:0009265,HP:0002953,has_phenotype,hpo,https://ontology.jax.org/api/network/annotation/OMIM:230800,2026-10-03,0.95,observed,supports,,OMIM:230800,,,
Eece541b,MONDO:0009265,HP:0002756,has_phenotype,hpo,https://ontology.jax.org/api/network/annotation/OMIM:230800,2026-10-03,0.95,observed,supports,,OMIM:230800,,,
Ed805d36,MONDO:0009265,HP:0010885,has_phenotype,hpo,https://ontology.jax.org/api/network/annotation/OMIM:230800,2026-10-03,0.95,observed,supports,,OMIM:230800,,,
E732dff2,MONDO:0010526,NCBIGene:2717,caused_by,hpo,https://ontology.jax.org/api/network/annotation/OMIM:301500,2026-10-03,0.95,observed,supports,,,,,
E7e13383,MONDO:0010526,HP:0001155,has_phenotype,hpo,https://ontology.jax.org/api/network/annotation/OMIM:301500,2026-10-03,0.95,observed,supports,,OMIM:301500,,,
Efee1024,MONDO:0010526,HP:0001250,has_phenotype,hpo,https://ontology.jax.org/api/network/annotation/OMIM:301500,2026-10-03,0.95,observed,supports,,OMIM:301500,,,
E44085ec,MONDO:0010526,HP:0002380,has_phenotype,hpo,https://ontology.jax.org/api/network/annotation/OMIM:301500,2026-10-03,0.95,observed,supports,,OMIM:301500,,,
Ebc2e862,MONDO:0010526,HP:0003401,has_phenotype,hpo,https://ontology.jax.org/api/network/annotation/OMIM:301500,2026-10-03,0.95,observed,supports,,OMIM:301500,,,
Ec2b1c5e,MONDO:0010526,HP:0012332,has_phenotype,hpo,https://ontology.jax.org/api/network/annotation/OMIM:301500,2026-10-03,0.95,observed,supports,,OMIM:301500,,,
E979ade3,MONDO:0010526,HP:0001014,has_phenotype,hpo,https://ontology.jax.org/api/network/annotation/OMIM:301500,2026-10-03,0.95,observed,supports,,OMIM:301500,,,
E281d254,MONDO:0010526,HP:0001658,has_phenotype,hpo,https://ontology.jax.org/api/network/annotation/OMIM:301500,2026-10-03,0.95,observed,supports,,OMIM:301500,,,
E8db8d0d,MONDO:0010526,HP:0005144,has_phenotype,hpo,https://ontology.jax.org/api/network/annotation/OMIM:301500,2026-10-03,0.95,observed,supports,,PMID:19473999,,,
E7364143,MONDO:0010526,HP:0011675,has_phenotype,hpo,https://ontology.jax.org/api/network/annotation/OMIM:301500,2026-10-03,0.95,observed,supports,,OMIM:301500,,,
Eddb8235,MONDO:0010526,HP:0001681,has_phenotype,hpo,https://ontology.jax.org/api/network/annotation/OMIM:301500,2026-10-03,0.95,observed,supports,,OMIM:301500,,,
E64d2a9f,MONDO:0010526,HP:0001635,has_phenotype,hpo,https://ontology.jax.org/api/network/annotation/OMIM:301500,2026-10-03,0.95,observed,supports,,OMIM:301500,,,
Ee593819,MONDO:0010526,HP:0001071,has_phenotype,hpo,https://ontology.jax.org/api/network/annotation/OMIM:301500,2026-10-03,0.95,observed,supports,,PMID:8993949,,,
E256e4d9,MONDO:0010526,HP:0001712,has_phenotype,hpo,https://ontology.jax.org/api/network/annotation/OMIM:301500,2026-10-03,0.95,observed,supports,,PMID:19473999,180/754,,
Ea9cf906,MONDO:0010526,HP:0000822,has_phenotype,hpo,https://ontology.jax.org/api/network/annotation/OMIM:301500,2026-10-03,0.95,observed,supports,,OMIM:301500,,,
E58493e8,MONDO:0010526,HP:0002326,has_phenotype,hpo,https://ontology.jax.org/api/network/annotation/OMIM:301500,2026-10-03,0.95,observed,supports,,PMID:19473999,46/754,,
Ebbb41ff,MONDO:0010526,HP:0001419,has_phenotype,hpo,https://ontology.jax.org/api/network/annotation/OMIM:301500,2026-10-03,0.95,observed,supports,,PMID:19473999,,,
E3776d6f,MONDO:0010526,HP:0006536,has_phenotype,hpo,https://ontology.jax.org/api/network/annotation/OMIM:301500,2026-10-03,0.95,observed,supports,,OMIM:301500,,,
Ea8d03cb,MONDO:0010526,HP:0000823,has_phenotype,hpo,https://ontology.jax.org/api/network/annotation/OMIM:301500,2026-10-03,0.95,observed,supports,,OMIM:301500,,,
Eb1e44e6,MONDO:0010526,HP:0001903,has_phenotype,hpo,https://ontology.jax.org/api/network/annotation/OMIM:301500,2026-10-03,0.95,observed,supports,,OMIM:301500,,,
Eaec7003,MONDO:0010526,HP:0000966,has_phenotype,hpo,https://ontology.jax.org/api/network/annotation/OMIM:301500,2026-10-03,0.95,observed,supports,,OMIM:301500,,,
E219c4cd,MONDO:0010526,HP:0001131,has_phenotype,hpo,https://ontology.jax.org/api/network/annotation/OMIM:301500,2026-10-03,0.95,observed,supports,,OMIM:301500,,,
Eea1d4f5,MONDO:0010526,HP:0003621,has_phenotype,hpo,https://ontology.jax.org/api/network/annotation/OMIM:301500,2026-10-03,0.95,observed,supports,,OMIM:301500,,,
E36b7a7b,MONDO:0010526,HP:0034864,has_phenotype,hpo,https://ontology.jax.org/api/network/annotation/OMIM:301500,2026-10-03,0.95,observed,supports,,OMIM:301500,,,
E9b8c6d6,MONDO:0010526,HP:0032567,has_phenotype,hpo,https://ontology.jax.org/api/network/annotation/OMIM:301500,2026-10-03,0.95,observed,supports,,PMID:26124059,,,
E69b12b4,MONDO:0010526,HP:0001004,has_phenotype,hpo,https://ontology.jax.org/api/network/annotation/OMIM:301500,2026-10-03,0.95,observed,supports,,OMIM:301500,,,
E89125be,MONDO:0010526,HP:0032568,has_phenotype,hpo,https://ontology.jax.org/api/network/annotation/OMIM:301500,2026-10-03,0.95,observed,supports,,PMID:28593486,,,
Ee3f194b,MONDO:0010526,HP:0033595,has_phenotype,hpo,https://ontology.jax.org/api/network/annotation/OMIM:301500,2026-10-03,0.95,observed,supports,,PMID:17073606,,,
E7fb7ed7,MONDO:0010526,HP:0000093,has_phenotype,hpo,https://ontology.jax.org/api/network/annotation/OMIM:301500,2026-10-03,0.95,observed,supports,,PMID:19473999,332/699,,
E15a284f,MONDO:0010526,HP:0000083,has_phenotype,hpo,https://ontology.jax.org/api/network/annotation/OMIM:301500,2026-10-03,0.95,observed,supports,,PMID:19473999,21/754,,
Ef96da83,MONDO:0010526,HP:0003394,has_phenotype,hpo,https://ontology.jax.org/api/network/annotation/OMIM:301500,2026-10-03,0.95,observed,supports,,OMIM:301500,,,
E46e1b7b,MONDO:0010526,HP:0002027,has_phenotype,hpo,https://ontology.jax.org/api/network/annotation/OMIM:301500,2026-10-03,0.95,observed,supports,,OMIM:301500,,,
E39530fd,MONDO:0010526,HP:0002013,has_phenotype,hpo,https://ontology.jax.org/api/network/annotation/OMIM:301500,2026-10-03,0.95,observed,supports,,OMIM:301500,,,
Ef022489,MONDO:0010526,HP:0012702,has_phenotype,hpo,https://ontology.jax.org/api/network/annotation/OMIM:301500,2026-10-03,0.95,observed,supports,,OMIM:301500,,,
Ea924139,MONDO:0010526,HP:0002018,has_phenotype,hpo,https://ontology.jax.org/api/network/annotation/OMIM:301500,2026-10-03,0.95,observed,supports,,OMIM:301500,,,
Ec15cde3,MONDO:0010526,HP:0002014,has_phenotype,hpo,https://ontology.jax.org/api/network/annotation/OMIM:301500,2026-10-03,0.95,observed,supports,,OMIM:301500,,,
Ee104a30,MONDO:0009499,NCBIGene:2581,caused_by,hpo,https://ontology.jax.org/api/network/annotation/OMIM:245200,2026-10-03,0.95,observed,supports,,,,,
E5d73145,MONDO:0009499,HP:0007928,has_phenotype,hpo,https://ontology.jax.org/api/network/annotation/OMIM:245200,2026-10-03,0.95,observed,supports,,OMIM:245200,,,
E3701a4b,MONDO:0009499,HP:0000618,has_phenotype,hpo,https://ontology.jax.org/api/network/annotation/OMIM:245200,2026-10-03,0.95,observed,supports,,OMIM:245200,,,
E2be411e,MONDO:0009499,HP:0000639,has_phenotype,hpo,https://ontology.jax.org/api/network/annotation/OMIM:245200,2026-10-03,0.95,observed,supports,,PMID:20886637,,,
E3730a60,MONDO:0009499,HP:0000648,has_phenotype,hpo,https://ontology.jax.org/api/network/annotation/OMIM:245200,2026-10-03,0.95,observed,supports,,OMIM:245200,,,
E5f8daab,MONDO:0009499,HP:0003593,has_phenotype,hpo,https://ontology.jax.org/api/network/annotation/OMIM:245200,2026-10-03,0.95,observed,supports,,PMID:20886637,25/30,,
E3046857,MONDO:0009499,HP:0011462,has_phenotype,hpo,https://ontology.jax.org/api/network/annotation/OMIM:245200,2026-10-03,0.95,observed,supports,,PMID:20886637,1/30,,
E4ad5a1b,MONDO:0009499,HP:0011463,has_phenotype,hpo,https://ontology.jax.org/api/network/annotation/OMIM:245200,2026-10-03,0.95,observed,supports,,PMID:20886637,4/30,,
E8f41824,MONDO:0009499,HP:0002922,has_phenotype,hpo,https://ontology.jax.org/api/network/annotation/OMIM:245200,2026-10-03,0.95,observed,supports,,OMIM:245200,,,
E403b386,MONDO:0009499,HP:0034322,has_phenotype,hpo,https://ontology.jax.org/api/network/annotation/OMIM:245200,2026-10-03,0.95,observed,supports,,PMID:20886637,29/29,,
Edb73668,MONDO:0009499,HP:0001954,has_phenotype,hpo,https://ontology.jax.org/api/network/annotation/OMIM:245200,2026-10-03,0.95,observed,supports,,OMIM:245200,,,
Ec5738c3,MONDO:0009499,HP:0000238,has_phenotype,hpo,https://ontology.jax.org/api/network/annotation/OMIM:245200,2026-10-03,0.95,observed,supports,,OMIM:245200,,,
Ea2c011c,MONDO:0009499,HP:0011096,has_phenotype,hpo,https://ontology.jax.org/api/network/annotation/OMIM:245200,2026-10-03,0.95,observed,supports,,OMIM:245200,,,
E0c1323f,MONDO:0009499,HP:0002353,has_phenotype,hpo,https://ontology.jax.org/api/network/annotation/OMIM:245200,2026-10-03,0.95,observed,supports,,OMIM:245200,,,
Ea2c680e,MONDO:0009499,HP:0002506,has_phenotype,hpo,https://ontology.jax.org/api/network/annotation/OMIM:245200,2026-10-03,0.95,observed,supports,,OMIM:245200,,,
E2de388d,MONDO:0009499,HP:0002333,has_phenotype,hpo,https://ontology.jax.org/api/network/annotation/OMIM:245200,2026-10-03,0.95,observed,supports,,OMIM:245200,,,
E861bd0e,MONDO:0009499,HP:0002180,has_phenotype,hpo,https://ontology.jax.org/api/network/annotation/OMIM:245200,2026-10-03,0.95,observed,supports,,OMIM:245200,,,
E13dd0cf,MONDO:0009499,HP:0000762,has_phenotype,hpo,https://ontology.jax.org/api/network/annotation/OMIM:245200,2026-10-03,0.95,observed,supports,,OMIM:245200,,,
E8a17e1c,MONDO:0009499,HP:0001250,has_phenotype,hpo,https://ontology.jax.org/api/network/annotation/OMIM:245200,2026-10-03,0.95,observed,supports,,OMIM:245200,,,
E3616b62,MONDO:0009499,HP:0007141,has_phenotype,hpo,https://ontology.jax.org/api/network/annotation/OMIM:245200,2026-10-03,0.95,observed,supports,,OMIM:245200,,,
Ea9f4b27,MONDO:0009499,HP:0002376,has_phenotype,hpo,https://ontology.jax.org/api/network/annotation/OMIM:245200,2026-10-03,0.95,observed,supports,,PMID:20886637,12/30,,
E2385df9,MONDO:0009499,HP:0006801,has_phenotype,hpo,https://ontology.jax.org/api/network/annotation/OMIM:245200,2026-10-03,0.95,observed,supports,,OMIM:245200,,,
Edf520c4,MONDO:0009499,HP:0007305,has_phenotype,hpo,https://ontology.jax.org/api/network/annotation/OMIM:245200,2026-10-03,0.95,observed,supports,,PMID:20886637,5/22,,
Ea714350,MONDO:0009499,HP:0001508,has_phenotype,hpo,https://ontology.jax.org/api/network/annotation/OMIM:245200,2026-10-03,0.95,observed,supports,,OMIM:245200,,,
E744b40d,MONDO:0009499,HP:0000365,has_phenotype,hpo,https://ontology.jax.org/api/network/annotation/OMIM:245200,2026-10-03,0.95,observed,supports,,OMIM:245200,,,
Efbb3af3,MONDO:0009499,HP:0000007,has_phenotype,hpo,https://ontology.jax.org/api/network/annotation/OMIM:245200,2026-10-03,0.95,observed,supports,,PMID:8297359,,,
Ec9fc94d,MONDO:0009499,HP:0001252,has_phenotype,hpo,https://ontology.jax.org/api/network/annotation/OMIM:245200,2026-10-03,0.95,observed,supports,,PMID:20886637,,,
Ededb728,MONDO:0009499,HP:0025013,has_phenotype,hpo,https://ontology.jax.org/api/network/annotation/OMIM:245200,2026-10-03,0.95,observed,supports,,OMIM:245200,,,
E0936c1c,MONDO:0009499,HP:0001276,has_phenotype,hpo,https://ontology.jax.org/api/network/annotation/OMIM:245200,2026-10-03,0.95,observed,supports,,PMID:20886637,,,
Ebb770bf,MONDO:0009499,HP:0008936,has_phenotype,hpo,https://ontology.jax.org/api/network/annotation/OMIM:245200,2026-10-03,0.95,observed,supports,,PMID:20886637,23/30,,
E6e53ac2,MONDO:0009499,HP:0002191,has_phenotype,hpo,https://ontology.jax.org/api/network/annotation/OMIM:245200,2026-10-03,0.95,observed,supports,,PMID:20886637,30/30,,
E0c2b15c,MONDO:0009499,HP:0002013,has_phenotype,hpo,https://ontology.jax.org/api/network/annotation/OMIM:245200,2026-10-03,0.95,observed,supports,,OMIM:245200,,,
Eea55833,MONDO:0009499,HP:0001973,has_phenotype,hpo,https://ontology.jax.org/api/network/annotation/OMIM:245200,2026-10-03,0.95,observed,supports,,OMIM:245200,,,
E74f6b04,MONDO:0009591,NCBIGene:410,caused_by,hpo,https://ontology.jax.org/api/network/annotation/OMIM:250100,2026-10-03,0.95,observed,supports,,,,,
Ee58c42b,MONDO:0009591,HP:0000648,has_phenotype,hpo,https://ontology.jax.org/api/network/annotation/OMIM:250100,2026-10-03,0.95,observed,supports,,OMIM:250100,,,
E8ff783a,MONDO:0009591,HP:0034863,has_phenotype,hpo,https://ontology.jax.org/api/network/annotation/OMIM:250100,2026-10-03,0.95,observed,supports,,OMIM:250100,,,
E1e675ab,MONDO:0009591,HP:0002922,has_phenotype,hpo,https://ontology.jax.org/api/network/annotation/OMIM:250100,2026-10-03,0.95,observed,supports,,OMIM:250100,,,
E19dc5c0,MONDO:0009591,HP:0001251,has_phenotype,hpo,https://ontology.jax.org/api/network/annotation/OMIM:250100,2026-10-03,0.95,observed,supports,,OMIM:250100,,,
E3abe212,MONDO:0009591,HP:0000762,has_phenotype,hpo,https://ontology.jax.org/api/network/annotation/OMIM:250100,2026-10-03,0.95,observed,supports,,OMIM:250100,,,
E1d9d4a3,MONDO:0009591,HP:0001249,has_phenotype,hpo,https://ontology.jax.org/api/network/annotation/OMIM:250100,2026-10-03,0.95,observed,supports,,OMIM:250100,,,
Ede574e9,MONDO:0009591,HP:0002371,has_phenotype,hpo,https://ontology.jax.org/api/network/annotation/OMIM:250100,2026-10-03,0.95,observed,supports,,OMIM:250100,,,
Ed052fd9,MONDO:0009591,HP:0001250,has_phenotype,hpo,https://ontology.jax.org/api/network/annotation/OMIM:250100,2026-10-03,0.95,observed,supports,,OMIM:250100,,,
E3b65cd8,MONDO:0009591,HP:0001268,has_phenotype,hpo,https://ontology.jax.org/api/network/annotation/OMIM:250100,2026-10-03,0.95,observed,supports,,OMIM:250100,,,
E7e3ecb8,MONDO:0009591,HP:0001288,has_phenotype,hpo,https://ontology.jax.org/api/network/annotation/OMIM:250100,2026-10-03,0.95,observed,supports,,OMIM:250100,,,
E2eec4ad,MONDO:0009591,HP:0000712,has_phenotype,hpo,https://ontology.jax.org/api/network/annotation/OMIM:250100,2026-10-03,0.95,observed,supports,,OMIM:250100,,,
E16553d2,MONDO:0009591,HP:0001347,has_phenotype,hpo,https://ontology.jax.org/api/network/annotation/OMIM:250100,2026-10-03,0.95,observed,supports,,OMIM:250100,,,
E9cf383f,MONDO:0009591,HP:0002072,has_phenotype,hpo,https://ontology.jax.org/api/network/annotation/OMIM:250100,2026-10-03,0.95,observed,supports,,OMIM:250100,,,
Ea9e10db,MONDO:0009591,HP:0002445,has_phenotype,hpo,https://ontology.jax.org/api/network/annotation/OMIM:250100,2026-10-03,0.95,observed,supports,,OMIM:250100,,,
E7223236,MONDO:0009591,HP:0000746,has_phenotype,hpo,https://ontology.jax.org/api/network/annotation/OMIM:250100,2026-10-03,0.95,observed,supports,,OMIM:250100,,,
E52958d1,MONDO:0009591,HP:0007133,has_phenotype,hpo,https://ontology.jax.org/api/network/annotation/OMIM:250100,2026-10-03,0.95,observed,supports,,OMIM:250100,,,
Ed944d8b,MONDO:0009591,HP:0001260,has_phenotype,hpo,https://ontology.jax.org/api/network/annotation/OMIM:250100,2026-10-03,0.95,observed,supports,,OMIM:250100,,,
E282b01f,MONDO:0009591,HP:0000738,has_phenotype,hpo,https://ontology.jax.org/api/network/annotation/OMIM:250100,2026-10-03,0.95,observed,supports,,OMIM:250100,,,
Ea7d691e,MONDO:0009591,HP:0002500,has_phenotype,hpo,https://ontology.jax.org/api/network/annotation/OMIM:250100,2026-10-03,0.95,observed,supports,,OMIM:250100,,,
E8e4cedd,MONDO:0009591,HP:0001332,has_phenotype,hpo,https://ontology.jax.org/api/network/annotation/OMIM:250100,2026-10-03,0.95,observed,supports,,OMIM:250100,,,
E4cf8f72,MONDO:0009591,HP:0003487,has_phenotype,hpo,https://ontology.jax.org/api/network/annotation/OMIM:250100,2026-10-03,0.95,observed,supports,,OMIM:250100,,,
Ed4f35c8,MONDO:0009591,HP:0011096,has_phenotype,hpo,https://ontology.jax.org/api/network/annotation/OMIM:250100,2026-10-03,0.95,observed,supports,,OMIM:250100,,,
E4a480aa,MONDO:0009591,HP:0001265,has_phenotype,hpo,https://ontology.jax.org/api/network/annotation/OMIM:250100,2026-10-03,0.95,observed,supports,,OMIM:250100,,,
E5939285,MONDO:0009591,HP:0000020,has_phenotype,hpo,https://ontology.jax.org/api/network/annotation/OMIM:250100,2026-10-03,0.95,observed,supports,,OMIM:250100,,,
E791ca08,MONDO:0009591,HP:0000007,has_phenotype,hpo,https://ontology.jax.org/api/network/annotation/OMIM:250100,2026-10-03,0.95,observed,supports,,OMIM:250100,,,
E24d1be6,MONDO:0009591,HP:0005609,has_phenotype,hpo,https://ontology.jax.org/api/network/annotation/OMIM:250100,2026-10-03,0.95,observed,supports,,OMIM:250100,,,
E1e0cf23,MONDO:0009591,HP:0001082,has_phenotype,hpo,https://ontology.jax.org/api/network/annotation/OMIM:250100,2026-10-03,0.95,observed,supports,,OMIM:250100,,,
Eeee8397,MONDO:0009591,HP:0001283,has_phenotype,hpo,https://ontology.jax.org/api/network/annotation/OMIM:250100,2026-10-03,0.95,observed,supports,,OMIM:250100,,,
Ed6076da,MONDO:0009591,HP:0001290,has_phenotype,hpo,https://ontology.jax.org/api/network/annotation/OMIM:250100,2026-10-03,0.95,observed,supports,,OMIM:250100,,,
E72d62c7,MONDO:0009591,HP:0003445,has_phenotype,hpo,https://ontology.jax.org/api/network/annotation/OMIM:250100,2026-10-03,0.95,observed,supports,,OMIM:250100,,,
Ec404762,MONDO:0009591,HP:0002510,has_phenotype,hpo,https://ontology.jax.org/api/network/annotation/OMIM:250100,2026-10-03,0.95,observed,supports,,OMIM:250100,,,
E930bf38,MONDO:0009591,HP:0001252,has_phenotype,hpo,https://ontology.jax.org/api/network/annotation/OMIM:250100,2026-10-03,0.95,observed,supports,,OMIM:250100,,,
E3bbec14,MONDO:0009591,HP:0034687,has_phenotype,hpo,https://ontology.jax.org/api/network/annotation/OMIM:250100,2026-10-03,0.95,observed,supports,,PMID:6137805,,,
E8a2b609,MONDO:0010100,NCBIGene:3073,caused_by,hpo,https://ontology.jax.org/api/network/annotation/OMIM:272800,2026-10-03,0.95,observed,supports,,,,,
E9e9a288,MONDO:0010100,HP:0000618,has_phenotype,hpo,https://ontology.jax.org/api/network/annotation/OMIM:272800,2026-10-03,0.95,observed,supports,,OMIM:272800,,,
Ec6feaac,MONDO:0010100,HP:0003593,has_phenotype,hpo,https://ontology.jax.org/api/network/annotation/OMIM:272800,2026-10-03,0.95,observed,supports,,OMIM:272800,,,
E2a85640,MONDO:0010100,HP:0003495,has_phenotype,hpo,https://ontology.jax.org/api/network/annotation/OMIM:272800,2026-10-03,0.95,observed,supports,,OMIM:272800,,,
Ecc9b1b9,MONDO:0010100,HP:0000741,has_phenotype,hpo,https://ontology.jax.org/api/network/annotation/OMIM:272800,2026-10-03,0.95,observed,supports,,OMIM:272800,,,
E2da9cbc,MONDO:0010100,HP:0000726,has_phenotype,hpo,https://ontology.jax.org/api/network/annotation/OMIM:272800,2026-10-03,0.95,observed,supports,,OMIM:272800,,,
E8792c52,MONDO:0010100,HP:0002361,has_phenotype,hpo,https://ontology.jax.org/api/network/annotation/OMIM:272800,2026-10-03,0.95,observed,supports,,OMIM:272800,,,
Ecff8fbc,MONDO:0010100,HP:0002267,has_phenotype,hpo,https://ontology.jax.org/api/network/annotation/OMIM:272800,2026-10-03,0.95,observed,supports,,OMIM:272800,,,
Effe26a9,MONDO:0010100,HP:0001250,has_phenotype,hpo,https://ontology.jax.org/api/network/annotation/OMIM:272800,2026-10-03,0.95,observed,supports,,OMIM:272800,,,
Eaa0741d,MONDO:0010100,HP:0000007,has_phenotype,hpo,https://ontology.jax.org/api/network/annotation/OMIM:272800,2026-10-03,0.95,observed,supports,,OMIM:272800,,,
E933ccf3,MONDO:0010100,HP:0010729,has_phenotype,hpo,https://ontology.jax.org/api/network/annotation/OMIM:272800,2026-10-03,0.95,observed,supports,,OMIM:272800,,,
Ecefdd2b,MONDO:0010100,HP:0002835,has_phenotype,hpo,https://ontology.jax.org/api/network/annotation/OMIM:272800,2026-10-03,0.95,observed,supports,,OMIM:272800,,,
E7fc7dcd,MONDO:0010100,HP:0001290,has_phenotype,hpo,https://ontology.jax.org/api/network/annotation/OMIM:272800,2026-10-03,0.95,observed,supports,,OMIM:272800,,,
E3527e1a,MONDO:0010100,HP:0001276,has_phenotype,hpo,https://ontology.jax.org/api/network/annotation/OMIM:272800,2026-10-03,0.95,observed,supports,,OMIM:272800,,,
E11599d9,MONDO:0010100,HP:0002421,has_phenotype,hpo,https://ontology.jax.org/api/network/annotation/OMIM:272800,2026-10-03,0.95,observed,supports,,OMIM:272800,,,
Ec636923,MONDO:0010100,HP:0001252,has_phenotype,hpo,https://ontology.jax.org/api/network/annotation/OMIM:272800,2026-10-03,0.95,observed,supports,,OMIM:272800,,,
E4b91ced,MONDO:0010100,HP:0000980,has_phenotype,hpo,https://ontology.jax.org/api/network/annotation/OMIM:272800,2026-10-03,0.95,observed,supports,,OMIM:272800,,,
E2a2538d,MONDO:0010006,NCBIGene:3074,caused_by,hpo,https://ontology.jax.org/api/network/annotation/OMIM:268800,2026-10-03,0.95,observed,supports,,,,,
E6b86d4b,MONDO:0010006,HP:0000618,has_phenotype,hpo,https://ontology.jax.org/api/network/annotation/OMIM:268800,2026-10-03,0.95,observed,supports,,PMID:23785136,,,
E3d7cda8,MONDO:0010006,HP:0004343,has_phenotype,hpo,https://ontology.jax.org/api/network/annotation/OMIM:268800,2026-10-03,0.95,observed,supports,,OMIM:268800,,,
Eb369628,MONDO:0010006,HP:0033978,has_phenotype,hpo,https://ontology.jax.org/api/network/annotation/OMIM:268800,2026-10-03,0.95,observed,supports,,PMID:33407268,5/5,,
Ed93db1e,MONDO:0010006,HP:6000122,has_phenotype,hpo,https://ontology.jax.org/api/network/annotation/OMIM:268800,2026-10-03,0.95,observed,supports,,OMIM:268800,,,
Ec157c66,MONDO:0010006,HP:0003819,has_phenotype,hpo,https://ontology.jax.org/api/network/annotation/OMIM:268800,2026-10-03,0.95,observed,supports,,PMID:33407268,5/5,,
E9455794,MONDO:0010006,HP:0003593,has_phenotype,hpo,https://ontology.jax.org/api/network/annotation/OMIM:268800,2026-10-03,0.95,observed,supports,,PMID:33407268,5/5,,
Ecdae7e5,MONDO:0010006,HP:0002493,has_phenotype,hpo,https://ontology.jax.org/api/network/annotation/OMIM:268800,2026-10-03,0.95,observed,supports,,OMIM:268800,,,
Ea716072,MONDO:0010006,HP:0002376,has_phenotype,hpo,https://ontology.jax.org/api/network/annotation/OMIM:268800,2026-10-03,0.95,observed,supports,,PMID:33407268,5/5,,
E661b19f,MONDO:0010006,HP:0002069,has_phenotype,hpo,https://ontology.jax.org/api/network/annotation/OMIM:268800,2026-10-03,0.95,observed,supports,,PMID:33407268,2/5,,
E3915e3a,MONDO:0010006,HP:0001260,has_phenotype,hpo,https://ontology.jax.org/api/network/annotation/OMIM:268800,2026-10-03,0.95,observed,supports,,OMIM:268800,,,
E0dea67a,MONDO:0010006,HP:0002380,has_phenotype,hpo,https://ontology.jax.org/api/network/annotation/OMIM:268800,2026-10-03,0.95,observed,supports,,OMIM:268800,,,
E13ca486,MONDO:0010006,HP:0010829,has_phenotype,hpo,https://ontology.jax.org/api/network/annotation/OMIM:268800,2026-10-03,0.95,observed,supports,,OMIM:268800,,,
E46048b0,MONDO:0010006,HP:0032794,has_phenotype,hpo,https://ontology.jax.org/api/network/annotation/OMIM:268800,2026-10-03,0.95,observed,supports,,PMID:33407268,3/5,,
Ec5417c1,MONDO:0010006,HP:0001251,has_phenotype,hpo,https://ontology.jax.org/api/network/annotation/OMIM:268800,2026-10-03,0.95,observed,supports,,OMIM:268800,,,
E0ffcebe,MONDO:0010006,HP:0007272,has_phenotype,hpo,https://ontology.jax.org/api/network/annotation/OMIM:268800,2026-10-03,0.95,observed,supports,,OMIM:268800,,,
E99ed040,MONDO:0010006,HP:0002267,has_phenotype,hpo,https://ontology.jax.org/api/network/annotation/OMIM:268800,2026-10-03,0.95,observed,supports,,PMID:33407268,5/5,,
Ef54fcbf,MONDO:0010006,HP:0003429,has_phenotype,hpo,https://ontology.jax.org/api/network/annotation/OMIM:268800,2026-10-03,0.95,observed,supports,,PMID:33407268,1/5,,
Ef916ff6,MONDO:0010006,HP:0001347,has_phenotype,hpo,https://ontology.jax.org/api/network/annotation/OMIM:268800,2026-10-03,0.95,observed,supports,,PMID:33407268,4/4,,
Efcd8e39,MONDO:0010006,HP:0000020,has_phenotype,hpo,https://ontology.jax.org/api/network/annotation/OMIM:268800,2026-10-03,0.95,observed,supports,,OMIM:268800,,,
E6b2e4fc,MONDO:0010006,HP:0000802,has_phenotype,hpo,https://ontology.jax.org/api/network/annotation/OMIM:268800,2026-10-03,0.95,observed,supports,,OMIM:268800,,,
E54935c4,MONDO:0010006,HP:0001433,has_phenotype,hpo,https://ontology.jax.org/api/network/annotation/OMIM:268800,2026-10-03,0.95,observed,supports,,OMIM:268800,,,
Ee41ab61,MONDO:0010006,HP:0001278,has_phenotype,hpo,https://ontology.jax.org/api/network/annotation/OMIM:268800,2026-10-03,0.95,observed,supports,,OMIM:268800,,,
Ebe7c8c9,MONDO:0010006,HP:0001640,has_phenotype,hpo,https://ontology.jax.org/api/network/annotation/OMIM:268800,2026-10-03,0.95,observed,supports,,OMIM:268800,,,
E8c83927,MONDO:0010006,HP:0000007,has_phenotype,hpo,https://ontology.jax.org/api/network/annotation/OMIM:268800,2026-10-03,0.95,observed,supports,,PMID:33407268,,,
E9ece59e,MONDO:0010006,HP:0000256,has_phenotype,hpo,https://ontology.jax.org/api/network/annotation/OMIM:268800,2026-10-03,0.95,observed,supports,,PMID:33407268,2/5,,
E6e4df5e,MONDO:0010006,HP:0010729,has_phenotype,hpo,https://ontology.jax.org/api/network/annotation/OMIM:268800,2026-10-03,0.95,observed,supports,,PMID:33407268,5/5,,
E10a3086,MONDO:0010006,HP:0000158,has_phenotype,hpo,https://ontology.jax.org/api/network/annotation/OMIM:268800,2026-10-03,0.95,observed,supports,,OMIM:268800,,,
E14d4596,MONDO:0010006,HP:0000280,has_phenotype,hpo,https://ontology.jax.org/api/network/annotation/OMIM:268800,2026-10-03,0.95,observed,supports,,OMIM:268800,,,
E114c338,MONDO:0010006,HP:0003202,has_phenotype,hpo,https://ontology.jax.org/api/network/annotation/OMIM:268800,2026-10-03,0.95,observed,supports,,OMIM:268800,,,
Ebeeba8a,MONDO:0010006,HP:0001252,has_phenotype,hpo,https://ontology.jax.org/api/network/annotation/OMIM:268800,2026-10-03,0.95,observed,supports,,PMID:33407268,2/5,,
E64a0a3c,MONDO:0010006,HP:0001324,has_phenotype,hpo,https://ontology.jax.org/api/network/annotation/OMIM:268800,2026-10-03,0.95,observed,supports,,OMIM:268800,,,
Eb8893df,MONDO:0010006,HP:0001257,has_phenotype,hpo,https://ontology.jax.org/api/network/annotation/OMIM:268800,2026-10-03,0.95,observed,supports,,PMID:33407268,2/5,,
E6a26b8f,MONDO:0010006,HP:0002028,has_phenotype,hpo,https://ontology.jax.org/api/network/annotation/OMIM:268800,2026-10-03,0.95,observed,supports,,OMIM:268800,,,
Efe19f3a,MONDO:0010006,HP:0002240,has_phenotype,hpo,https://ontology.jax.org/api/network/annotation/OMIM:268800,2026-10-03,0.95,observed,supports,,PMID:33407268,1/5,,
E7903e0c,MONDO:0010006,HP:0002574,has_phenotype,hpo,https://ontology.jax.org/api/network/annotation/OMIM:268800,2026-10-03,0.95,observed,supports,,OMIM:268800,,,
E368c837,MONDO:0010006,HP:0000966,has_phenotype,hpo,https://ontology.jax.org/api/network/annotation/OMIM:268800,2026-10-03,0.95,observed,supports,,OMIM:268800,,,
Efd3fe9d,MONDO:0010006,HP:0000975,has_phenotype,hpo,https://ontology.jax.org/api/network/annotation/OMIM:268800,2026-10-03,0.95,observed,supports,,OMIM:268800,,,
Ebf69d6c,MONDO:0009757,NCBIGene:4864,caused_by,hpo,https://ontology.jax.org/api/network/annotation/OMIM:257220,2026-10-03,0.95,observed,supports,,,,,
Ef1e18e6,MONDO:0009757,HP:0000511,has_phenotype,hpo,https://ontology.jax.org/api/network/annotation/OMIM:257220,2026-10-03,0.95,observed,supports,,OMIM:257220,,,
Ee2252b8,MONDO:0009757,HP:0001791,has_phenotype,hpo,https://ontology.jax.org/api/network/annotation/OMIM:257220,2026-10-03,0.95,observed,supports,,OMIM:257220,,,
Ec15a18f,MONDO:0009757,HP:0003349,has_phenotype,hpo,https://ontology.jax.org/api/network/annotation/OMIM:257220,2026-10-03,0.95,observed,supports,,PMID:3378364; PMID:12408188,13/13,,
Ec830e50,MONDO:0009757,HP:6001353,has_phenotype,hpo,https://ontology.jax.org/api/network/annotation/OMIM:257220,2026-10-03,0.95,observed,supports,,PMID:34810067,,,
E1d3d9ca,MONDO:0009757,HP:0003621,has_phenotype,hpo,https://ontology.jax.org/api/network/annotation/OMIM:257220,2026-10-03,0.95,observed,supports,,PMID:12408188,3/4,,
Ee7fa9eb,MONDO:0009757,HP:0011462,has_phenotype,hpo,https://ontology.jax.org/api/network/annotation/OMIM:257220,2026-10-03,0.95,observed,supports,,PMID:12408188,1/4,,
Efd5729a,MONDO:0009757,HP:0002185,has_phenotype,hpo,https://ontology.jax.org/api/network/annotation/OMIM:257220,2026-10-03,0.95,observed,supports,,OMIM:257220,,,
Eac3f05f,MONDO:0009757,HP:0001250,has_phenotype,hpo,https://ontology.jax.org/api/network/annotation/OMIM:257220,2026-10-03,0.95,observed,supports,,PMID:11182931,12/14,,
E69c7d90,MONDO:0009757,HP:0000709,has_phenotype,hpo,https://ontology.jax.org/api/network/annotation/OMIM:257220,2026-10-03,0.95,observed,supports,,OMIM:257220,,,
Edfd5f44,MONDO:0009757,HP:0001251,has_phenotype,hpo,https://ontology.jax.org/api/network/annotation/OMIM:257220,2026-10-03,0.95,observed,supports,,PMID:11182931,,,
E425e9eb,MONDO:0009757,HP:0001260,has_phenotype,hpo,https://ontology.jax.org/api/network/annotation/OMIM:257220,2026-10-03,0.95,observed,supports,,OMIM:257220,,,
Eb242a87,MONDO:0009757,HP:0000726,has_phenotype,hpo,https://ontology.jax.org/api/network/annotation/OMIM:257220,2026-10-03,0.95,observed,supports,,OMIM:257220,,,
E02120bd,MONDO:0009757,HP:0001263,has_phenotype,hpo,https://ontology.jax.org/api/network/annotation/OMIM:257220,2026-10-03,0.95,observed,supports,,PMID:11182931,,,
Edebda66,MONDO:0009757,HP:0001332,has_phenotype,hpo,https://ontology.jax.org/api/network/annotation/OMIM:257220,2026-10-03,0.95,observed,supports,,OMIM:257220,,,
Ea1b4c1a,MONDO:0009757,HP:0002529,has_phenotype,hpo,https://ontology.jax.org/api/network/annotation/OMIM:257220,2026-10-03,0.95,observed,supports,,OMIM:257220,,,
Eb959783,MONDO:0009757,HP:0002524,has_phenotype,hpo,https://ontology.jax.org/api/network/annotation/OMIM:257220,2026-10-03,0.95,observed,supports,,OMIM:257220,,,
E5148e0d,MONDO:0009757,HP:0001249,has_phenotype,hpo,https://ontology.jax.org/api/network/annotation/OMIM:257220,2026-10-03,0.95,observed,supports,,PMID:12408188,4/4,,
E61e1d2f,MONDO:0009757,HP:0002371,has_phenotype,hpo,https://ontology.jax.org/api/network/annotation/OMIM:257220,2026-10-03,0.95,observed,supports,,OMIM:257220,,,
E6b450c1,MONDO:0009757,HP:0002066,has_phenotype,hpo,https://ontology.jax.org/api/network/annotation/OMIM:257220,2026-10-03,0.95,observed,supports,,PMID:12408188,4/4,,
E6401d88,MONDO:0009757,HP:0003640,has_phenotype,hpo,https://ontology.jax.org/api/network/annotation/OMIM:257220,2026-10-03,0.95,observed,supports,,OMIM:257220,,,
E80220a3,MONDO:0009757,HP:0001744,has_phenotype,hpo,https://ontology.jax.org/api/network/annotation/OMIM:257220,2026-10-03,0.95,observed,supports,,PMID:11182931,4/13,,
E855afe4,MONDO:0009757,HP:0003651,has_phenotype,hpo,https://ontology.jax.org/api/network/annotation/OMIM:257220,2026-10-03,0.95,observed,supports,,OMIM:257220,,,
Edf94b26,MONDO:0009757,HP:0000007,has_phenotype,hpo,https://ontology.jax.org/api/network/annotation/OMIM:257220,2026-10-03,0.95,observed,supports,,PMID:11182931,,,
Ebde5b68,MONDO:0009757,HP:0001290,has_phenotype,hpo,https://ontology.jax.org/api/network/annotation/OMIM:257220,2026-10-03,0.95,observed,supports,,OMIM:257220,,,
E49f5ea4,MONDO:0009757,HP:0001252,has_phenotype,hpo,https://ontology.jax.org/api/network/annotation/OMIM:257220,2026-10-03,0.95,observed,supports,,OMIM:257220,,,
E297f674,MONDO:0009757,HP:0001257,has_phenotype,hpo,https://ontology.jax.org/api/network/annotation/OMIM:257220,2026-10-03,0.95,observed,supports,,OMIM:257220,,,
E26c2fb5,MONDO:0009757,HP:0006579,has_phenotype,hpo,https://ontology.jax.org/api/network/annotation/OMIM:257220,2026-10-03,0.95,observed,supports,,OMIM:257220,,,
Ed9ffad1,MONDO:0009757,HP:0002240,has_phenotype,hpo,https://ontology.jax.org/api/network/annotation/OMIM:257220,2026-10-03,0.95,observed,supports,,PMID:11182931,7/13,,
E55bea4b,MONDO:0009757,HP:0002015,has_phenotype,hpo,https://ontology.jax.org/api/network/annotation/OMIM:257220,2026-10-03,0.95,observed,supports,,OMIM:257220,,,
Ee264ec1,MONDO:0009757,HP:0006583,has_phenotype,hpo,https://ontology.jax.org/api/network/annotation/OMIM:257220,2026-10-03,0.95,observed,supports,,OMIM:257220,,,
Ec89618e,MONDO:0009757,HP:0001982,has_phenotype,hpo,https://ontology.jax.org/api/network/annotation/OMIM:257220,2026-10-03,0.95,observed,supports,,PMID:12408188,4/4,,
Eac4315b,MONDO:0009757,HP:0004333,has_phenotype,hpo,https://ontology.jax.org/api/network/annotation/OMIM:257220,2026-10-03,0.95,observed,supports,,OMIM:257220,,,
Ed677b72,MONDO:0009757,HP:6000158,has_phenotype,hpo,https://ontology.jax.org/api/network/annotation/OMIM:257220,2026-10-03,0.95,observed,supports,,PMID:25665455,,,
Eee49fa2,MONDO:0008769,NCBIGene:1200,caused_by,hpo,https://ontology.jax.org/api/network/annotation/OMIM:204500,2026-10-03,0.95,observed,supports,,,,,
E399ebc8,MONDO:0008769,HP:0000546,has_phenotype,hpo,https://ontology.jax.org/api/network/annotation/OMIM:204500,2026-10-03,0.95,observed,supports,,OMIM:204500,,,
E692fe55,MONDO:0008769,HP:0000550,has_phenotype,hpo,https://ontology.jax.org/api/network/annotation/OMIM:204500,2026-10-03,0.95,observed,supports,,OMIM:204500,,,
E24d0838,MONDO:0008769,HP:0000529,has_phenotype,hpo,https://ontology.jax.org/api/network/annotation/OMIM:204500,2026-10-03,0.95,observed,supports,,OMIM:204500,,,
Ed623780,MONDO:0008769,HP:6000571,has_phenotype,hpo,https://ontology.jax.org/api/network/annotation/OMIM:204500,2026-10-03,0.95,observed,supports,,PMID:37922835,2/2,,
Eda9eb74,MONDO:0008769,HP:0000750,has_phenotype,hpo,https://ontology.jax.org/api/network/annotation/OMIM:204500,2026-10-03,0.95,observed,supports,,OMIM:204500,,,
E0bd708f,MONDO:0008769,HP:0001251,has_phenotype,hpo,https://ontology.jax.org/api/network/annotation/OMIM:204500,2026-10-03,0.95,observed,supports,,OMIM:204500,,,
E81461ce,MONDO:0008769,HP:0001311,has_phenotype,hpo,https://ontology.jax.org/api/network/annotation/OMIM:204500,2026-10-03,0.95,observed,supports,,OMIM:204500,,,
E71c5f67,MONDO:0008769,HP:0001250,has_phenotype,hpo,https://ontology.jax.org/api/network/annotation/OMIM:204500,2026-10-03,0.95,observed,supports,,OMIM:204500,,,
E38e90c9,MONDO:0008769,HP:0002074,has_phenotype,hpo,https://ontology.jax.org/api/network/annotation/OMIM:204500,2026-10-03,0.95,observed,supports,,OMIM:204500,,,
E7982300,MONDO:0008769,HP:0001336,has_phenotype,hpo,https://ontology.jax.org/api/network/annotation/OMIM:204500,2026-10-03,0.95,observed,supports,,OMIM:204500,,,
Eb2dd760,MONDO:0008769,HP:0002376,has_phenotype,hpo,https://ontology.jax.org/api/network/annotation/OMIM:204500,2026-10-03,0.95,observed,supports,,OMIM:204500,,,
E81e0f41,MONDO:0008769,HP:0003463,has_phenotype,hpo,https://ontology.jax.org/api/network/annotation/OMIM:204500,2026-10-03,0.95,observed,supports,,OMIM:204500,,,
E9dada2a,MONDO:0008769,HP:0002059,has_phenotype,hpo,https://ontology.jax.org/api/network/annotation/OMIM:204500,2026-10-03,0.95,observed,supports,,OMIM:204500,,,
E4fcbc80,MONDO:0008769,HP:0000007,has_phenotype,hpo,https://ontology.jax.org/api/network/annotation/OMIM:204500,2026-10-03,0.95,observed,supports,,OMIM:204500,,,
E2fb98e1,MONDO:0008769,HP:0003205,has_phenotype,hpo,https://ontology.jax.org/api/network/annotation/OMIM:204500,2026-10-03,0.95,observed,supports,,OMIM:204500,,,
E2eacf58,MONDO:0008767,NCBIGene:1201,caused_by,hpo,https://ontology.jax.org/api/network/annotation/OMIM:204200,2026-10-03,0.95,observed,supports,,,,,
Ed684839,MONDO:0008767,HP:0000648,has_phenotype,hpo,https://ontology.jax.org/api/network/annotation/OMIM:204200,2026-10-03,0.95,observed,supports,,OMIM:204200,,,
E7cce9f2,MONDO:0008767,HP:0000510,has_phenotype,hpo,https://ontology.jax.org/api/network/annotation/OMIM:204200,2026-10-03,0.95,observed,supports,,OMIM:204200,,,
E1915f0a,MONDO:0008767,HP:0000518,has_phenotype,hpo,https://ontology.jax.org/api/network/annotation/OMIM:204200,2026-10-03,0.95,observed,supports,,OMIM:204200,,,
E1981ec2,MONDO:0008767,HP:0000608,has_phenotype,hpo,https://ontology.jax.org/api/network/annotation/OMIM:204200,2026-10-03,0.95,observed,supports,,OMIM:204200,,,
Ece5a0d1,MONDO:0008767,HP:0000529,has_phenotype,hpo,https://ontology.jax.org/api/network/annotation/OMIM:204200,2026-10-03,0.95,observed,supports,,PMID:7887420,1/1,,
E46bfa8e,MONDO:0008767,HP:0000618,has_phenotype,hpo,https://ontology.jax.org/api/network/annotation/OMIM:204200,2026-10-03,0.95,observed,supports,,OMIM:204200,,,
E5b1d4e4,MONDO:0008767,HP:0000546,has_phenotype,hpo,https://ontology.jax.org/api/network/annotation/OMIM:204200,2026-10-03,0.95,observed,supports,,PMID:7887420,1/1,,
E4100b72,MONDO:0008767,HP:0000501,has_phenotype,hpo,https://ontology.jax.org/api/network/annotation/OMIM:204200,2026-10-03,0.95,observed,supports,,OMIM:204200,,,
E25298ff,MONDO:0008767,HP:0007663,has_phenotype,hpo,https://ontology.jax.org/api/network/annotation/OMIM:204200,2026-10-03,0.95,observed,supports,,PMID:7887420,1/1,,
E505ff82,MONDO:0008767,HP:0000550,has_phenotype,hpo,https://ontology.jax.org/api/network/annotation/OMIM:204200,2026-10-03,0.95,observed,supports,,OMIM:204200,,,
E09c8b81,MONDO:0008767,HP:0003621,has_phenotype,hpo,https://ontology.jax.org/api/network/annotation/OMIM:204200,2026-10-03,0.95,observed,supports,,PMID:7887420,1/1,,
Ef446b71,MONDO:0008767,HP:0001249,has_phenotype,hpo,https://ontology.jax.org/api/network/annotation/OMIM:204200,2026-10-03,0.95,observed,supports,,OMIM:204200,,,
E24cf9ba,MONDO:0008767,HP:0002069,has_phenotype,hpo,https://ontology.jax.org/api/network/annotation/OMIM:204200,2026-10-03,0.95,observed,supports,,PMID:7887420,1/1,,
E32a7e29,MONDO:0008767,HP:0002505,has_phenotype,hpo,https://ontology.jax.org/api/network/annotation/OMIM:204200,2026-10-03,0.95,observed,supports,,PMID:7887420,1/1,,
E131de53,MONDO:0008767,HP:0002071,has_phenotype,hpo,https://ontology.jax.org/api/network/annotation/OMIM:204200,2026-10-03,0.95,observed,supports,,OMIM:204200,,,
Efbae2b7,MONDO:0008767,HP:0000739,has_phenotype,hpo,https://ontology.jax.org/api/network/annotation/OMIM:204200,2026-10-03,0.95,observed,supports,,OMIM:204200,,,
Edd53586,MONDO:0008767,HP:0001260,has_phenotype,hpo,https://ontology.jax.org/api/network/annotation/OMIM:204200,2026-10-03,0.95,observed,supports,,OMIM:204200,,,
E5d059f7,MONDO:0008767,HP:0002059,has_phenotype,hpo,https://ontology.jax.org/api/network/annotation/OMIM:204200,2026-10-03,0.95,observed,supports,,OMIM:204200,,,
Ee8eb355,MONDO:0008767,HP:0000726,has_phenotype,hpo,https://ontology.jax.org/api/network/annotation/OMIM:204200,2026-10-03,0.95,observed,supports,,OMIM:204200,,,
E86b61ae,MONDO:0008767,HP:0003463,has_phenotype,hpo,https://ontology.jax.org/api/network/annotation/OMIM:204200,2026-10-03,0.95,observed,supports,,OMIM:204200,,,
Ea412d44,MONDO:0008767,HP:0001250,has_phenotype,hpo,https://ontology.jax.org/api/network/annotation/OMIM:204200,2026-10-03,0.95,observed,supports,,OMIM:204200,,,
E6d3718c,MONDO:0008767,HP:0002361,has_phenotype,hpo,https://ontology.jax.org/api/network/annotation/OMIM:204200,2026-10-03,0.95,observed,supports,,PMID:7887420,1/1,,
E52b1d34,MONDO:0008767,HP:0001317,has_phenotype,hpo,https://ontology.jax.org/api/network/annotation/OMIM:204200,2026-10-03,0.95,observed,supports,,OMIM:204200,,,
E4071a20,MONDO:0008767,HP:0002074,has_phenotype,hpo,https://ontology.jax.org/api/network/annotation/OMIM:204200,2026-10-03,0.95,observed,supports,,OMIM:204200,,,
E9f283dd,MONDO:0008767,HP:0001300,has_phenotype,hpo,https://ontology.jax.org/api/network/annotation/OMIM:204200,2026-10-03,0.95,observed,supports,,PMID:7887420,1/1,,
E6a8115c,MONDO:0008767,HP:0000709,has_phenotype,hpo,https://ontology.jax.org/api/network/annotation/OMIM:204200,2026-10-03,0.95,observed,supports,,OMIM:204200,,,
E0282bf7,MONDO:0008767,HP:0001336,has_phenotype,hpo,https://ontology.jax.org/api/network/annotation/OMIM:204200,2026-10-03,0.95,observed,supports,,OMIM:204200,,,
Eefc23f1,MONDO:0008767,HP:0005157,has_phenotype,hpo,https://ontology.jax.org/api/network/annotation/OMIM:204200,2026-10-03,0.95,observed,supports,,OMIM:204200,,,
Ee77a2bb,MONDO:0008767,HP:0000007,has_phenotype,hpo,https://ontology.jax.org/api/network/annotation/OMIM:204200,2026-10-03,0.95,observed,supports,,PMID:7553855,,,
Ed908caf,MONDO:0008767,HP:0001922,has_phenotype,hpo,https://ontology.jax.org/api/network/annotation/OMIM:204200,2026-10-03,0.95,observed,supports,,PMID:7887420,1/1,,
E9544118,MONDO:0008767,HP:0003205,has_phenotype,hpo,https://ontology.jax.org/api/network/annotation/OMIM:204200,2026-10-03,0.95,observed,supports,,OMIM:204200,,,
Ecf6b15e,MONDO:0008767,HP:0003208,has_phenotype,hpo,https://ontology.jax.org/api/network/annotation/OMIM:204200,2026-10-03,0.95,observed,supports,,PMID:7887420,1/1,,
E99c0547,MONDO:0009260,NCBIGene:2720,caused_by,hpo,https://ontology.jax.org/api/network/annotation/OMIM:230500,2026-10-03,0.95,observed,supports,,,,,
Ed931750,MONDO:0009260,HP:0007313,has_phenotype,hpo,https://ontology.jax.org/api/network/annotation/OMIM:230500,2026-10-03,0.95,observed,supports,,OMIM:230500,,,
E1ef26d5,MONDO:0009260,HP:0001250,has_phenotype,hpo,https://ontology.jax.org/api/network/annotation/OMIM:230500,2026-10-03,0.95,observed,supports,,PMID:18524657,10/115,,
E6759d28,MONDO:0009260,HP:0001263,has_phenotype,hpo,https://ontology.jax.org/api/network/annotation/OMIM:230500,2026-10-03,0.95,observed,supports,,PMID:18524657; PMID:22234367,119/119,,
E38b9847,MONDO:0009260,HP:0001249,has_phenotype,hpo,https://ontology.jax.org/api/network/annotation/OMIM:230500,2026-10-03,0.95,observed,supports,,PMID:18524657; PMID:22234367,119/119,,
Efc0ad76,MONDO:0009260,HP:0001511,has_phenotype,hpo,https://ontology.jax.org/api/network/annotation/OMIM:230500,2026-10-03,0.95,observed,supports,,PMID:18524657,2/130,,
E118ea14,MONDO:0009260,HP:0003510,has_phenotype,hpo,https://ontology.jax.org/api/network/annotation/OMIM:230500,2026-10-03,0.95,observed,supports,,OMIM:230500,,,
E09eebe5,MONDO:0009260,HP:0001071,has_phenotype,hpo,https://ontology.jax.org/api/network/annotation/OMIM:230500,2026-10-03,0.95,observed,supports,,OMIM:230500,,,
Eebcf3d9,MONDO:0009260,HP:0001639,has_phenotype,hpo,https://ontology.jax.org/api/network/annotation/OMIM:230500,2026-10-03,0.95,observed,supports,,OMIM:230500,,,
E9431135,MONDO:0009260,HP:0001644,has_phenotype,hpo,https://ontology.jax.org/api/network/annotation/OMIM:230500,2026-10-03,0.95,observed,supports,,OMIM:230500,,,
E95389ba,MONDO:0009260,HP:0001744,has_phenotype,hpo,https://ontology.jax.org/api/network/annotation/OMIM:230500,2026-10-03,0.95,observed,supports,,PMID:18524657,104/122,,
Ec7f316a,MONDO:0009260,HP:0001654,has_phenotype,hpo,https://ontology.jax.org/api/network/annotation/OMIM:230500,2026-10-03,0.95,observed,supports,,OMIM:230500,,,
E49c86d1,MONDO:0009260,HP:0001635,has_phenotype,hpo,https://ontology.jax.org/api/network/annotation/OMIM:230500,2026-10-03,0.95,observed,supports,,OMIM:230500,,,
Ef5f5463,MONDO:0009260,HP:0000007,has_phenotype,hpo,https://ontology.jax.org/api/network/annotation/OMIM:230500,2026-10-03,0.95,observed,supports,,PMID:18524657,,,
Ec03766e,MONDO:0009260,HP:0001922,has_phenotype,hpo,https://ontology.jax.org/api/network/annotation/OMIM:230500,2026-10-03,0.95,observed,supports,,PMID:18524657,,,
E26f9889,MONDO:0009260,HP:0000998,has_phenotype,hpo,https://ontology.jax.org/api/network/annotation/OMIM:230500,2026-10-03,0.95,observed,supports,,OMIM:230500,,,
E6f6bcb3,MONDO:0009260,HP:0000316,has_phenotype,hpo,https://ontology.jax.org/api/network/annotation/OMIM:230500,2026-10-03,0.95,observed,supports,,OMIM:230500,,,
Edb86b0c,MONDO:0009260,HP:0000023,has_phenotype,hpo,https://ontology.jax.org/api/network/annotation/OMIM:230500,2026-10-03,0.95,observed,supports,,OMIM:230500,,,
Ed346610,MONDO:0009260,HP:0003593,has_phenotype,hpo,https://ontology.jax.org/api/network/annotation/OMIM:230500,2026-10-03,0.95,observed,supports,,PMID:22234367,4/4,,
E7f850ba,MONDO:0009260,HP:0001522,has_phenotype,hpo,https://ontology.jax.org/api/network/annotation/OMIM:230500,2026-10-03,0.95,observed,supports,,OMIM:230500,,,
Ea102e5f,MONDO:0009260,HP:0001789,has_phenotype,hpo,https://ontology.jax.org/api/network/annotation/OMIM:230500,2026-10-03,0.95,observed,supports,,PMID:18524657,8/130,,
Ead49d7e,MONDO:0009260,HP:0008166,has_phenotype,hpo,https://ontology.jax.org/api/network/annotation/OMIM:230500,2026-10-03,0.95,observed,supports,,OMIM:230500,,,
E0ac7f48,MONDO:0009260,HP:0000079,has_phenotype,hpo,https://ontology.jax.org/api/network/annotation/OMIM:230500,2026-10-03,0.95,observed,supports,,OMIM:230500,,,
E2b5c257,MONDO:0009260,HP:0001276,has_phenotype,hpo,https://ontology.jax.org/api/network/annotation/OMIM:230500,2026-10-03,0.95,observed,supports,,PMID:18524657,3/111,,
E299d568,MONDO:0009260,HP:0001252,has_phenotype,hpo,https://ontology.jax.org/api/network/annotation/OMIM:230500,2026-10-03,0.95,observed,supports,,PMID:18524657; PMID:22234367,111/115,,
E0d5f6eb,MONDO:0009260,HP:0002240,has_phenotype,hpo,https://ontology.jax.org/api/network/annotation/OMIM:230500,2026-10-03,0.95,observed,supports,,PMID:18524657,104/122,,
Ef8e3fc4,MONDO:0009260,HP:0000470,has_phenotype,hpo,https://ontology.jax.org/api/network/annotation/OMIM:230500,2026-10-03,0.95,observed,supports,,OMIM:230500,,,
E53c1779,MONDO:0009260,HP:0000280,has_phenotype,hpo,https://ontology.jax.org/api/network/annotation/OMIM:230500,2026-10-03,0.95,observed,supports,,OMIM:230500,4/4,,
E00ea1a3,MONDO:0009260,HP:0000457,has_phenotype,hpo,https://ontology.jax.org/api/network/annotation/OMIM:230500,2026-10-03,0.95,observed,supports,,OMIM:230500,,,
Efc10786,MONDO:0009260,HP:0000212,has_phenotype,hpo,https://ontology.jax.org/api/network/annotation/OMIM:230500,2026-10-03,0.95,observed,supports,,OMIM:230500,,,
Ecbc0fc7,MONDO:0009260,HP:0002007,has_phenotype,hpo,https://ontology.jax.org/api/network/annotation/OMIM:230500,2026-10-03,0.95,observed,supports,,OMIM:230500,,,
E86d0e19,MONDO:0009260,HP:0010729,has_phenotype,hpo,https://ontology.jax.org/api/network/annotation/OMIM:230500,2026-10-03,0.95,observed,supports,,PMID:18524657,50/84,,
E8a2584e,MONDO:0009260,HP:0008479,has_phenotype,hpo,https://ontology.jax.org/api/network/annotation/OMIM:230500,2026-10-03,0.95,observed,supports,,OMIM:230500,,,
E7761ec5,MONDO:0009260,HP:0002650,has_phenotype,hpo,https://ontology.jax.org/api/network/annotation/OMIM:230500,2026-10-03,0.95,observed,supports,,OMIM:230500,,,
E37fda24,MONDO:0009260,HP:0000900,has_phenotype,hpo,https://ontology.jax.org/api/network/annotation/OMIM:230500,2026-10-03,0.95,observed,supports,,OMIM:230500,,,
Ee0fe057,MONDO:0009260,HP:0000943,has_phenotype,hpo,https://ontology.jax.org/api/network/annotation/OMIM:230500,2026-10-03,0.95,observed,supports,,PMID:22234367,4/4,,
Eff0dd46,MONDO:0009260,HP:0004568,has_phenotype,hpo,https://ontology.jax.org/api/network/annotation/OMIM:230500,2026-10-03,0.95,observed,supports,,OMIM:230500,,,
E77f8db0,MONDO:0009260,HP:0002808,has_phenotype,hpo,https://ontology.jax.org/api/network/annotation/OMIM:230500,2026-10-03,0.95,observed,supports,,OMIM:230500,,,
Eca16c20,MONDO:0009260,HP:0001387,has_phenotype,hpo,https://ontology.jax.org/api/network/annotation/OMIM:230500,2026-10-03,0.95,observed,supports,,OMIM:230500,,,
E2252927,MONDO:0010099,NCBIGene:2760,caused_by,hpo,https://ontology.jax.org/api/network/annotation/OMIM:272750,2026-10-03,0.95,observed,supports,,,,,
E7d426c0,MONDO:0010099,HP:0000618,has_phenotype,hpo,https://ontology.jax.org/api/network/annotation/OMIM:272750,2026-10-03,0.95,observed,supports,,OMIM:272750,,,
E5beabc0,MONDO:0010099,HP:0003495,has_phenotype,hpo,https://ontology.jax.org/api/network/annotation/OMIM:272750,2026-10-03,0.95,observed,supports,,PMID:9932959,1/1,,
E4ba2ab4,MONDO:0010099,HP:0003593,has_phenotype,hpo,https://ontology.jax.org/api/network/annotation/OMIM:272750,2026-10-03,0.95,observed,supports,,PMID:9932959,1/1,,
E9795eb1,MONDO:0010099,HP:0003470,has_phenotype,hpo,https://ontology.jax.org/api/network/annotation/OMIM:272750,2026-10-03,0.95,observed,supports,,OMIM:272750,,,
E8b10733,MONDO:0010099,HP:0002476,has_phenotype,hpo,https://ontology.jax.org/api/network/annotation/OMIM:272750,2026-10-03,0.95,observed,supports,,OMIM:272750,,,
E1ec9ee3,MONDO:0010099,HP:0000726,has_phenotype,hpo,https://ontology.jax.org/api/network/annotation/OMIM:272750,2026-10-03,0.95,observed,supports,,OMIM:272750,,,
E76671c0,MONDO:0010099,HP:0002267,has_phenotype,hpo,https://ontology.jax.org/api/network/annotation/OMIM:272750,2026-10-03,0.95,observed,supports,,PMID:9932959,1/1,,
E6ab9abc,MONDO:0010099,HP:0001347,has_phenotype,hpo,https://ontology.jax.org/api/network/annotation/OMIM:272750,2026-10-03,0.95,observed,supports,,OMIM:272750,,,
Edcea2c5,MONDO:0010099,HP:0002072,has_phenotype,hpo,https://ontology.jax.org/api/network/annotation/OMIM:272750,2026-10-03,0.95,observed,supports,,OMIM:272750,,,
E2a50ab2,MONDO:0010099,HP:0032794,has_phenotype,hpo,https://ontology.jax.org/api/network/annotation/OMIM:272750,2026-10-03,0.95,observed,supports,,PMID:9932959,1/1,,
E3206041,MONDO:0010099,HP:0002059,has_phenotype,hpo,https://ontology.jax.org/api/network/annotation/OMIM:272750,2026-10-03,0.95,observed,supports,,OMIM:272750,,,
Ee87798f,MONDO:0010099,HP:0001263,has_phenotype,hpo,https://ontology.jax.org/api/network/annotation/OMIM:272750,2026-10-03,0.95,observed,supports,,PMID:9932959,1/1,,
E31a8e88,MONDO:0010099,HP:0007256,has_phenotype,hpo,https://ontology.jax.org/api/network/annotation/OMIM:272750,2026-10-03,0.95,observed,supports,,OMIM:272750,,,
E07d362c,MONDO:0010099,HP:0001332,has_phenotype,hpo,https://ontology.jax.org/api/network/annotation/OMIM:272750,2026-10-03,0.95,observed,supports,,OMIM:272750,,,
E533048c,MONDO:0010099,HP:0001250,has_phenotype,hpo,https://ontology.jax.org/api/network/annotation/OMIM:272750,2026-10-03,0.95,observed,supports,,OMIM:272750,,,
E922ff7f,MONDO:0010099,HP:0000741,has_phenotype,hpo,https://ontology.jax.org/api/network/annotation/OMIM:272750,2026-10-03,0.95,observed,supports,,OMIM:272750,,,
E7132f60,MONDO:0010099,HP:0010780,has_phenotype,hpo,https://ontology.jax.org/api/network/annotation/OMIM:272750,2026-10-03,0.95,observed,supports,,OMIM:272750,,,
Ef793a01,MONDO:0010099,HP:0002180,has_phenotype,hpo,https://ontology.jax.org/api/network/annotation/OMIM:272750,2026-10-03,0.95,observed,supports,,OMIM:272750,,,
Eb6a7b62,MONDO:0010099,HP:0002371,has_phenotype,hpo,https://ontology.jax.org/api/network/annotation/OMIM:272750,2026-10-03,0.95,observed,supports,,OMIM:272750,,,
E0d47c11,MONDO:0010099,HP:0000007,has_phenotype,hpo,https://ontology.jax.org/api/network/annotation/OMIM:272750,2026-10-03,0.95,observed,supports,,PMID:1915858,,,
E00620a6,MONDO:0010099,HP:0002835,has_phenotype,hpo,https://ontology.jax.org/api/network/annotation/OMIM:272750,2026-10-03,0.95,observed,supports,,OMIM:272750,,,
E6b7d4d8,MONDO:0010099,HP:0001276,has_phenotype,hpo,https://ontology.jax.org/api/network/annotation/OMIM:272750,2026-10-03,0.95,observed,supports,,OMIM:272750,,,
E28c14d1,MONDO:0010099,HP:0001252,has_phenotype,hpo,https://ontology.jax.org/api/network/annotation/OMIM:272750,2026-10-03,0.95,observed,supports,,PMID:9932959,1/1,,
E98a460a,MONDO:0010099,HP:0002421,has_phenotype,hpo,https://ontology.jax.org/api/network/annotation/OMIM:272750,2026-10-03,0.95,observed,supports,,OMIM:272750,,,
E99a6889,MONDO:0010099,HP:0001285,has_phenotype,hpo,https://ontology.jax.org/api/network/annotation/OMIM:272750,2026-10-03,0.95,observed,supports,,OMIM:272750,,,
Ebdb3ee8,MONDO:0010099,HP:0001290,has_phenotype,hpo,https://ontology.jax.org/api/network/annotation/OMIM:272750,2026-10-03,0.95,observed,supports,,OMIM:272750,,,
E3b6cdca,MONDO:0010099,HP:0008936,has_phenotype,hpo,https://ontology.jax.org/api/network/annotation/OMIM:272750,2026-10-03,0.95,observed,supports,,OMIM:272750,,,
E20201c7,MONDO:0009756,NCBIGene:6609,caused_by,hpo,https://ontology.jax.org/api/network/annotation/OMIM:257200,2026-10-03,0.95,observed,supports,,,,,
E8d10b5a,MONDO:0009756,HP:0002305,has_phenotype,hpo,https://ontology.jax.org/api/network/annotation/OMIM:257200,2026-10-03,0.95,observed,supports,,OMIM:257200,,,
Edbe38e3,MONDO:0009756,HP:0002376,has_phenotype,hpo,https://ontology.jax.org/api/network/annotation/OMIM:257200,2026-10-03,0.95,observed,supports,,PMID:16434659,10/10,,
E4b51c3d,MONDO:0009756,HP:0002540,has_phenotype,hpo,https://ontology.jax.org/api/network/annotation/OMIM:257200,2026-10-03,0.95,observed,supports,,PMID:16434659,10/10,,
Ea9ba69f,MONDO:0009756,HP:0001265,has_phenotype,hpo,https://ontology.jax.org/api/network/annotation/OMIM:257200,2026-10-03,0.95,observed,supports,,OMIM:257200,,,
E722a27a,MONDO:0009756,HP:0001249,has_phenotype,hpo,https://ontology.jax.org/api/network/annotation/OMIM:257200,2026-10-03,0.95,observed,supports,,OMIM:257200,,,
Ecdbe34d,MONDO:0009756,HP:0001263,has_phenotype,hpo,https://ontology.jax.org/api/network/annotation/OMIM:257200,2026-10-03,0.95,observed,supports,,PMID:16434659,10/10,,
E667bc3a,MONDO:0009756,HP:0000737,has_phenotype,hpo,https://ontology.jax.org/api/network/annotation/OMIM:257200,2026-10-03,0.95,observed,supports,,PMID:16434659,10/10,,
E443b78d,MONDO:0009756,HP:0002188,has_phenotype,hpo,https://ontology.jax.org/api/network/annotation/OMIM:257200,2026-10-03,0.95,observed,supports,,PMID:16434659,3/3,,
E6a02f2b,MONDO:0009756,HP:0001508,has_phenotype,hpo,https://ontology.jax.org/api/network/annotation/OMIM:257200,2026-10-03,0.95,observed,supports,,PMID:16434659,10/10,,
Ea758e98,MONDO:0009756,HP:0004322,has_phenotype,hpo,https://ontology.jax.org/api/network/annotation/OMIM:257200,2026-10-03,0.95,observed,supports,,OMIM:257200,,,
E303baea,MONDO:0009756,HP:0001744,has_phenotype,hpo,https://ontology.jax.org/api/network/annotation/OMIM:257200,2026-10-03,0.95,observed,supports,,OMIM:257200,,,
Efa4eacf,MONDO:0009756,HP:0003609,has_phenotype,hpo,https://ontology.jax.org/api/network/annotation/OMIM:257200,2026-10-03,0.95,observed,supports,,OMIM:257200,,,
E452780e,MONDO:0009756,HP:0002716,has_phenotype,hpo,https://ontology.jax.org/api/network/annotation/OMIM:257200,2026-10-03,0.95,observed,supports,,OMIM:257200,,,
E038bc7a,MONDO:0009756,HP:0000007,has_phenotype,hpo,https://ontology.jax.org/api/network/annotation/OMIM:257200,2026-10-03,0.95,observed,supports,,OMIM:257200,,,
E228e9c4,MONDO:0009756,HP:0002207,has_phenotype,hpo,https://ontology.jax.org/api/network/annotation/OMIM:257200,2026-10-03,0.95,observed,supports,,OMIM:257200,,,
E1e2be25,MONDO:0009756,HP:0001935,has_phenotype,hpo,https://ontology.jax.org/api/network/annotation/OMIM:257200,2026-10-03,0.95,observed,supports,,OMIM:257200,,,
Eaf27ada,MONDO:0009756,HP:0004333,has_phenotype,hpo,https://ontology.jax.org/api/network/annotation/OMIM:257200,2026-10-03,0.95,observed,supports,,OMIM:257200,,,
Ef1eee12,MONDO:0009756,HP:0001982,has_phenotype,hpo,https://ontology.jax.org/api/network/annotation/OMIM:257200,2026-10-03,0.95,observed,supports,,OMIM:257200,,,
E1725f9f,MONDO:0009756,HP:0000991,has_phenotype,hpo,https://ontology.jax.org/api/network/annotation/OMIM:257200,2026-10-03,0.95,observed,supports,,OMIM:257200,,,
Eabe7635,MONDO:0009756,HP:0003593,has_phenotype,hpo,https://ontology.jax.org/api/network/annotation/OMIM:257200,2026-10-03,0.95,observed,supports,,PMID:16434659,10/10,,
E16d7881,MONDO:0009756,HP:0002205,has_phenotype,hpo,https://ontology.jax.org/api/network/annotation/OMIM:257200,2026-10-03,0.95,observed,supports,,PMID:16434659,,,
E5975a1a,MONDO:0009756,HP:0031964,has_phenotype,hpo,https://ontology.jax.org/api/network/annotation/OMIM:257200,2026-10-03,0.95,observed,supports,,PMID:16434659,10/10,,
Eb430dbe,MONDO:0009756,HP:0031956,has_phenotype,hpo,https://ontology.jax.org/api/network/annotation/OMIM:257200,2026-10-03,0.95,observed,supports,,PMID:16434659,10/10,,
E592c8a2,MONDO:0009756,HP:6001380,has_phenotype,hpo,https://ontology.jax.org/api/network/annotation/OMIM:257200,2026-10-03,0.95,observed,supports,,PMID:36348386,,,
E7792b85,MONDO:0009756,HP:0010729,has_phenotype,hpo,https://ontology.jax.org/api/network/annotation/OMIM:257200,2026-10-03,0.95,observed,supports,,PMID:16434659,10/10,,
Ef4e7998,MONDO:0009756,HP:0000256,has_phenotype,hpo,https://ontology.jax.org/api/network/annotation/OMIM:257200,2026-10-03,0.95,observed,supports,,PMID:16434659,2/10,,
E5c92b0f,MONDO:0009756,HP:0002240,has_phenotype,hpo,https://ontology.jax.org/api/network/annotation/OMIM:257200,2026-10-03,0.95,observed,supports,,PMID:16434659,10/10,,
E2d7f35b,MONDO:0009756,HP:0001538,has_phenotype,hpo,https://ontology.jax.org/api/network/annotation/OMIM:257200,2026-10-03,0.95,observed,supports,,OMIM:257200,,,
E42f8a3c,MONDO:0009756,HP:0002013,has_phenotype,hpo,https://ontology.jax.org/api/network/annotation/OMIM:257200,2026-10-03,0.95,observed,supports,,OMIM:257200,,,
Ef5b6eef,MONDO:0009756,HP:0006579,has_phenotype,hpo,https://ontology.jax.org/api/network/annotation/OMIM:257200,2026-10-03,0.95,observed,supports,,PMID:16434659,1/10,,
E02e46a6,MONDO:0009756,HP:0002019,has_phenotype,hpo,https://ontology.jax.org/api/network/annotation/OMIM:257200,2026-10-03,0.95,observed,supports,,OMIM:257200,,,
Ed8d41c1,MONDO:0009756,HP:0008872,has_phenotype,hpo,https://ontology.jax.org/api/network/annotation/OMIM:257200,2026-10-03,0.95,observed,supports,,PMID:16434659,10/10,,
Ec2a0704,MONDO:0009756,HP:0001541,has_phenotype,hpo,https://ontology.jax.org/api/network/annotation/OMIM:257200,2026-10-03,0.95,observed,supports,,PMID:16434659,2/10,,
Eb375b8d,MONDO:0009756,HP:0001252,has_phenotype,hpo,https://ontology.jax.org/api/network/annotation/OMIM:257200,2026-10-03,0.95,observed,supports,,PMID:16434659,,,
E2a77bd3,MONDO:0009756,HP:0003202,has_phenotype,hpo,https://ontology.jax.org/api/network/annotation/OMIM:257200,2026-10-03,0.95,observed,supports,,PMID:16434659,10/10,,
E1de711d,MONDO:0009756,HP:0002063,has_phenotype,hpo,https://ontology.jax.org/api/network/annotation/OMIM:257200,2026-10-03,0.95,observed,supports,,OMIM:257200,,,
E3c4958f,MONDO:0009756,HP:0001257,has_phenotype,hpo,https://ontology.jax.org/api/network/annotation/OMIM:257200,2026-10-03,0.95,observed,supports,,OMIM:257200,,,
E82c1dfc,MONDO:0009756,HP:0001324,has_phenotype,hpo,https://ontology.jax.org/api/network/annotation/OMIM:257200,2026-10-03,0.95,observed,supports,,OMIM:257200,,,
Ed772930,MONDO:0009756,HP:0000939,has_phenotype,hpo,https://ontology.jax.org/api/network/annotation/OMIM:257200,2026-10-03,0.95,observed,supports,,OMIM:257200,,,
Eb39aff7,MONDO:0010281,NCBIGene:3920,caused_by,hpo,https://ontology.jax.org/api/network/annotation/OMIM:300257,2026-10-03,0.95,observed,supports,,,,,
E48da2b6,MONDO:0010281,HP:0000505,has_phenotype,hpo,https://ontology.jax.org/api/network/annotation/OMIM:300257,2026-10-03,0.95,observed,supports,,PMID:15253947,1/2,,
Efc0c052,MONDO:0010281,HP:0003690,has_phenotype,hpo,https://ontology.jax.org/api/network/annotation/OMIM:300257,2026-10-03,0.95,observed,supports,,PMID:15253947,1/2,,
E35f291d,MONDO:0010281,HP:0001761,has_phenotype,hpo,https://ontology.jax.org/api/network/annotation/OMIM:300257,2026-10-03,0.95,observed,supports,,PMID:15253947,1/2,,
E04ec266,MONDO:0010281,HP:0011463,has_phenotype,hpo,https://ontology.jax.org/api/network/annotation/OMIM:300257,2026-10-03,0.95,observed,supports,,PMID:15253947,1/2,,
Ebc1f31d,MONDO:0010281,HP:0003621,has_phenotype,hpo,https://ontology.jax.org/api/network/annotation/OMIM:300257,2026-10-03,0.95,observed,supports,,PMID:15253947,1/2,,
E8cbc7a2,MONDO:0010281,HP:0003236,has_phenotype,hpo,https://ontology.jax.org/api/network/annotation/OMIM:300257,2026-10-03,0.95,observed,supports,,PMID:15253947,2/2,,
Ea0920ac,MONDO:0010281,HP:0001263,has_phenotype,hpo,https://ontology.jax.org/api/network/annotation/OMIM:300257,2026-10-03,0.95,observed,supports,,OMIM:300257,,,
Ed8dd90b,MONDO:0010281,HP:0001249,has_phenotype,hpo,https://ontology.jax.org/api/network/annotation/OMIM:300257,2026-10-03,0.95,observed,supports,,PMID:10972294,8/10,,
E1da2f18,MONDO:0010281,HP:0002375,has_phenotype,hpo,https://ontology.jax.org/api/network/annotation/OMIM:300257,2026-10-03,0.95,observed,supports,,OMIM:300257,,,
E27b36ad,MONDO:0010281,HP:0100543,has_phenotype,hpo,https://ontology.jax.org/api/network/annotation/OMIM:300257,2026-10-03,0.95,observed,supports,,PMID:15253947,0/2,,
Ef7d4dc5,MONDO:0010281,HP:0001692,has_phenotype,hpo,https://ontology.jax.org/api/network/annotation/OMIM:300257,2026-10-03,0.95,observed,supports,,PMID:15253947,1/2,,
E0901aa0,MONDO:0010281,HP:0001640,has_phenotype,hpo,https://ontology.jax.org/api/network/annotation/OMIM:300257,2026-10-03,0.95,observed,supports,,OMIM:300257,,,
Ed519172,MONDO:0010281,HP:0011706,has_phenotype,hpo,https://ontology.jax.org/api/network/annotation/OMIM:300257,2026-10-03,0.95,observed,supports,,PMID:15253947,1/2,,
E2e4ef2b,MONDO:0010281,HP:0025075,has_phenotype,hpo,https://ontology.jax.org/api/network/annotation/OMIM:300257,2026-10-03,0.95,observed,supports,,PMID:15253947,1/2,,
E8b01254,MONDO:0010281,HP:0001635,has_phenotype,hpo,https://ontology.jax.org/api/network/annotation/OMIM:300257,2026-10-03,0.95,observed,supports,,PMID:15253947,2/2,,
E91be898,MONDO:0010281,HP:0001700,has_phenotype,hpo,https://ontology.jax.org/api/network/annotation/OMIM:300257,2026-10-03,0.95,observed,supports,,OMIM:300257,,,
Ea8af907,MONDO:0010281,HP:0001685,has_phenotype,hpo,https://ontology.jax.org/api/network/annotation/OMIM:300257,2026-10-03,0.95,observed,supports,,OMIM:300257,,,
E523e58d,MONDO:0010281,HP:0001678,has_phenotype,hpo,https://ontology.jax.org/api/network/annotation/OMIM:300257,2026-10-03,0.95,observed,supports,,PMID:15253947,1/2,,
Eb6afca4,MONDO:0010281,HP:0001716,has_phenotype,hpo,https://ontology.jax.org/api/network/annotation/OMIM:300257,2026-10-03,0.95,observed,supports,,PMID:15253947,1/2,,
Ebc23f0b,MONDO:0010281,HP:0012666,has_phenotype,hpo,https://ontology.jax.org/api/network/annotation/OMIM:300257,2026-10-03,0.95,observed,supports,,PMID:15253947,2/2,,
Ec291379,MONDO:0010281,HP:0001639,has_phenotype,hpo,https://ontology.jax.org/api/network/annotation/OMIM:300257,2026-10-03,0.95,observed,supports,,PMID:15253947,2/2,,
E6643bfd,MONDO:0010281,HP:0001644,has_phenotype,hpo,https://ontology.jax.org/api/network/annotation/OMIM:300257,2026-10-03,0.95,observed,supports,,OMIM:300257,10/10,,
E7e746a4,MONDO:0010281,HP:0004756,has_phenotype,hpo,https://ontology.jax.org/api/network/annotation/OMIM:300257,2026-10-03,0.95,observed,supports,,PMID:15253947,1/2,,
E30349c7,MONDO:0010281,HP:0001279,has_phenotype,hpo,https://ontology.jax.org/api/network/annotation/OMIM:300257,2026-10-03,0.95,observed,supports,,PMID:15253947,1/2,,
Ed7d4833,MONDO:0010281,HP:0001423,has_phenotype,hpo,https://ontology.jax.org/api/network/annotation/OMIM:300257,2026-10-03,0.95,observed,supports,,PMID:10972294,,,
Ea7d0ff2,MONDO:0010281,HP:0003710,has_phenotype,hpo,https://ontology.jax.org/api/network/annotation/OMIM:300257,2026-10-03,0.95,observed,supports,,OMIM:300257,,,
E3930453,MONDO:0010281,HP:0003458,has_phenotype,hpo,https://ontology.jax.org/api/network/annotation/OMIM:300257,2026-10-03,0.95,observed,supports,,OMIM:300257,,,
Ecb64847,MONDO:0010281,HP:0025717,has_phenotype,hpo,https://ontology.jax.org/api/network/annotation/OMIM:300257,2026-10-03,0.95,observed,supports,,PMID:10972294,10/10,,
E3a982fb,MONDO:0010281,HP:0002460,has_phenotype,hpo,https://ontology.jax.org/api/network/annotation/OMIM:300257,2026-10-03,0.95,observed,supports,,PMID:15253947,1/2,,
E409e8a6,MONDO:0010281,HP:0003701,has_phenotype,hpo,https://ontology.jax.org/api/network/annotation/OMIM:300257,2026-10-03,0.95,observed,supports,,OMIM:300257,,,
E0749c14,MONDO:0010281,HP:0001324,has_phenotype,hpo,https://ontology.jax.org/api/network/annotation/OMIM:300257,2026-10-03,0.95,observed,supports,,PMID:10972294,10/10,,
Ecdccb94,MONDO:0010281,HP:0003700,has_phenotype,hpo,https://ontology.jax.org/api/network/annotation/OMIM:300257,2026-10-03,0.95,observed,supports,,OMIM:300257,,,
Ef2eae12,MONDO:0010281,HP:0007210,has_phenotype,hpo,https://ontology.jax.org/api/network/annotation/OMIM:300257,2026-10-03,0.95,observed,supports,,PMID:15253947,1/2,,
E73353ef,MONDO:0010281,HP:0003546,has_phenotype,hpo,https://ontology.jax.org/api/network/annotation/OMIM:300257,2026-10-03,0.95,observed,supports,,OMIM:300257,,,
Ede2b693,MONDO:0008199,NCBIGene:2629,caused_by,hpo,https://ontology.jax.org/api/network/annotation/OMIM:168600,2026-10-03,0.95,observed,supports,,,,,
Ee872480,MONDO:0008199,HP:0003587,has_phenotype,hpo,https://ontology.jax.org/api/network/annotation/OMIM:168600,2026-10-03,0.95,observed,supports,,OMIM:168600,,,
E0dffb74,MONDO:0008199,HP:0003584,has_phenotype,hpo,https://ontology.jax.org/api/network/annotation/OMIM:168600,2026-10-03,0.95,observed,supports,,OMIM:168600,,,
E32c90cb,MONDO:0008199,HP:0003581,has_phenotype,hpo,https://ontology.jax.org/api/network/annotation/OMIM:168600,2026-10-03,0.95,observed,supports,,OMIM:168600,,,
E975ec15,MONDO:0008199,HP:0003676,has_phenotype,hpo,https://ontology.jax.org/api/network/annotation/OMIM:168600,2026-10-03,0.95,observed,supports,,OMIM:168600,,,
Ea493fb5,MONDO:0008199,HP:0001332,has_phenotype,hpo,https://ontology.jax.org/api/network/annotation/OMIM:168600,2026-10-03,0.95,observed,supports,,OMIM:168600,,,
E166e701,MONDO:0008199,HP:0001260,has_phenotype,hpo,https://ontology.jax.org/api/network/annotation/OMIM:168600,2026-10-03,0.95,observed,supports,,OMIM:168600,,,
Ed890387,MONDO:0008199,HP:0000726,has_phenotype,hpo,https://ontology.jax.org/api/network/annotation/OMIM:168600,2026-10-03,0.95,observed,supports,,OMIM:168600,,,
E50d3798,MONDO:0008199,HP:0100315,has_phenotype,hpo,https://ontology.jax.org/api/network/annotation/OMIM:168600,2026-10-03,0.95,observed,supports,,OMIM:168600,,,
E150a68d,MONDO:0008199,HP:0001300,has_phenotype,hpo,https://ontology.jax.org/api/network/annotation/OMIM:168600,2026-10-03,0.95,observed,supports,,OMIM:168600,,,
E3c6306d,MONDO:0008199,HP:0000751,has_phenotype,hpo,https://ontology.jax.org/api/network/annotation/OMIM:168600,2026-10-03,0.95,observed,supports,,OMIM:168600,,,
Ed8bfb78,MONDO:0008199,HP:0002360,has_phenotype,hpo,https://ontology.jax.org/api/network/annotation/OMIM:168600,2026-10-03,0.95,observed,supports,,OMIM:168600,,,
E989677a,MONDO:0008199,HP:0011960,has_phenotype,hpo,https://ontology.jax.org/api/network/annotation/OMIM:168600,2026-10-03,0.95,observed,supports,,OMIM:168600,,,
Eb5cebaa,MONDO:0008199,HP:0000738,has_phenotype,hpo,https://ontology.jax.org/api/network/annotation/OMIM:168600,2026-10-03,0.95,observed,supports,,OMIM:168600,Occasional,,
E80d8535,MONDO:0008199,HP:0001337,has_phenotype,hpo,https://ontology.jax.org/api/network/annotation/OMIM:168600,2026-10-03,0.95,observed,supports,,OMIM:168600,,,
E2a35b7d,MONDO:0008199,HP:0031908,has_phenotype,hpo,https://ontology.jax.org/api/network/annotation/OMIM:168600,2026-10-03,0.95,observed,supports,,OMIM:168600,,,
E9b68570,MONDO:0008199,HP:0002172,has_phenotype,hpo,https://ontology.jax.org/api/network/annotation/OMIM:168600,2026-10-03,0.95,observed,supports,,OMIM:168600,,,
E51ec887,MONDO:0008199,HP:0000716,has_phenotype,hpo,https://ontology.jax.org/api/network/annotation/OMIM:168600,2026-10-03,0.95,observed,supports,,OMIM:168600,,,
E9414e39,MONDO:0008199,HP:0002067,has_phenotype,hpo,https://ontology.jax.org/api/network/annotation/OMIM:168600,2026-10-03,0.95,observed,supports,,OMIM:168600,,,
Eddd79c6,MONDO:0008199,HP:0002529,has_phenotype,hpo,https://ontology.jax.org/api/network/annotation/OMIM:168600,2026-10-03,0.95,observed,supports,,OMIM:168600,,,
E7ecf4f2,MONDO:0008199,HP:0012332,has_phenotype,hpo,https://ontology.jax.org/api/network/annotation/OMIM:168600,2026-10-03,0.95,observed,supports,,OMIM:168600,Occasional,,
E18a95bd,MONDO:0008199,HP:0007311,has_phenotype,hpo,https://ontology.jax.org/api/network/annotation/OMIM:168600,2026-10-03,0.95,observed,supports,,OMIM:168600,,,
E1fd3401,MONDO:0008199,HP:0002322,has_phenotype,hpo,https://ontology.jax.org/api/network/annotation/OMIM:168600,2026-10-03,0.95,observed,supports,,OMIM:168600,,,
E33f15c2,MONDO:0008199,HP:0000012,has_phenotype,hpo,https://ontology.jax.org/api/network/annotation/OMIM:168600,2026-10-03,0.95,observed,supports,,OMIM:168600,,,
E4dfdea7,MONDO:0008199,HP:0000006,has_phenotype,hpo,https://ontology.jax.org/api/network/annotation/OMIM:168600,2026-10-03,0.95,observed,supports,,OMIM:168600,,,
E4963479,MONDO:0008199,HP:0003745,has_phenotype,hpo,https://ontology.jax.org/api/network/annotation/OMIM:168600,2026-10-03,0.95,observed,supports,,OMIM:168600,,,
Ed6a7af5,MONDO:0008199,HP:0000298,has_phenotype,hpo,https://ontology.jax.org/api/network/annotation/OMIM:168600,2026-10-03,0.95,observed,supports,,OMIM:168600,,,
Ea566976,MONDO:0008199,HP:0002063,has_phenotype,hpo,https://ontology.jax.org/api/network/annotation/OMIM:168600,2026-10-03,0.95,observed,supports,,OMIM:168600,,,
E61ae178,MONDO:0008199,HP:0002019,has_phenotype,hpo,https://ontology.jax.org/api/network/annotation/OMIM:168600,2026-10-03,0.95,observed,supports,,OMIM:168600,,,
Ed6071b9,MONDO:0008199,HP:0002015,has_phenotype,hpo,https://ontology.jax.org/api/network/annotation/OMIM:168600,2026-10-03,0.95,observed,supports,,OMIM:168600,,,
E3ce763f,MONDO:0008199,HP:0001621,has_phenotype,hpo,https://ontology.jax.org/api/network/annotation/OMIM:168600,2026-10-03,0.95,observed,supports,,OMIM:168600,,,
Eec29943,MONDO:0010726,NCBIGene:4204,caused_by,hpo,https://ontology.jax.org/api/network/annotation/OMIM:312750,2026-10-03,0.95,observed,supports,,,,,
E176674d,MONDO:0010726,HP:0001773,has_phenotype,hpo,https://ontology.jax.org/api/network/annotation/OMIM:312750,2026-10-03,0.95,observed,supports,,PMID:40608138,2/12,,
Eab5bc8d,MONDO:0010726,HP:0011463,has_phenotype,hpo,https://ontology.jax.org/api/network/annotation/OMIM:312750,2026-10-03,0.95,observed,supports,,PMID:34778139,1/1,,
E96fdf9a,MONDO:0010726,HP:0002078,has_phenotype,hpo,https://ontology.jax.org/api/network/annotation/OMIM:312750,2026-10-03,0.95,observed,supports,,OMIM:312750,,,
E1127825,MONDO:0010726,HP:0001332,has_phenotype,hpo,https://ontology.jax.org/api/network/annotation/OMIM:312750,2026-10-03,0.95,observed,supports,,OMIM:312750,,,
E5a43a81,MONDO:0010726,HP:0012171,has_phenotype,hpo,https://ontology.jax.org/api/network/annotation/OMIM:312750,2026-10-03,0.95,observed,supports,,PMID:9792883; PMID:34778139,3/3,,
E00f32b2,MONDO:0010726,HP:0010521,has_phenotype,hpo,https://ontology.jax.org/api/network/annotation/OMIM:312750,2026-10-03,0.95,observed,supports,,OMIM:312750,,,
Ecfd29ef,MONDO:0010726,HP:6001483,has_phenotype,hpo,https://ontology.jax.org/api/network/annotation/OMIM:312750,2026-10-03,0.95,observed,supports,,PMID:40608138; PMID:39061009,446/467,,
E18e4c9e,MONDO:0010726,HP:0003763,has_phenotype,hpo,https://ontology.jax.org/api/network/annotation/OMIM:312750,2026-10-03,0.95,observed,supports,,OMIM:312750,,,
E655becc,MONDO:0010726,HP:0002187,has_phenotype,hpo,https://ontology.jax.org/api/network/annotation/OMIM:312750,2026-10-03,0.95,observed,supports,,PMID:9792883,2/2,,
E3bcb094,MONDO:0010726,HP:0000729,has_phenotype,hpo,https://ontology.jax.org/api/network/annotation/OMIM:312750,2026-10-03,0.95,observed,supports,,OMIM:312750,,,
Eeb90c8b,MONDO:0010726,HP:0002376,has_phenotype,hpo,https://ontology.jax.org/api/network/annotation/OMIM:312750,2026-10-03,0.95,observed,supports,,PMID:9792883; PMID:34778139,3/3,,
E49f7858,MONDO:0010726,HP:6001482,has_phenotype,hpo,https://ontology.jax.org/api/network/annotation/OMIM:312750,2026-10-03,0.95,observed,supports,,PMID:40608138; PMID:25071871,291/554,,
Ed4baa8f,MONDO:0010726,HP:0100023,has_phenotype,hpo,https://ontology.jax.org/api/network/annotation/OMIM:312750,2026-10-03,0.95,observed,supports,,PMID:40608138; PMID:39061009,431/467,,
E9820140,MONDO:0010726,HP:0002353,has_phenotype,hpo,https://ontology.jax.org/api/network/annotation/OMIM:312750,2026-10-03,0.95,observed,supports,,OMIM:312750,,,
Ef56a1cd,MONDO:0010726,HP:0001250,has_phenotype,hpo,https://ontology.jax.org/api/network/annotation/OMIM:312750,2026-10-03,0.95,observed,supports,,PMID:39061009; PMID:34778139,211/456,,
E5c0c5cb,MONDO:0010726,HP:0002120,has_phenotype,hpo,https://ontology.jax.org/api/network/annotation/OMIM:312750,2026-10-03,0.95,observed,supports,,OMIM:312750,,,
E2fb118d,MONDO:0010726,HP:0002333,has_phenotype,hpo,https://ontology.jax.org/api/network/annotation/OMIM:312750,2026-10-03,0.95,observed,supports,,PMID:9792883,2/2,,
E9af2bd9,MONDO:0010726,HP:0002066,has_phenotype,hpo,https://ontology.jax.org/api/network/annotation/OMIM:312750,2026-10-03,0.95,observed,supports,,OMIM:312750,,,
E3727055,MONDO:0010726,HP:0002360,has_phenotype,hpo,https://ontology.jax.org/api/network/annotation/OMIM:312750,2026-10-03,0.95,observed,supports,,PMID:40608138; PMID:39061009,353/467,,
E7570fc7,MONDO:0010726,HP:0004326,has_phenotype,hpo,https://ontology.jax.org/api/network/annotation/OMIM:312750,2026-10-03,0.95,observed,supports,,OMIM:312750,,,
E23f1d8d,MONDO:0010726,HP:0004322,has_phenotype,hpo,https://ontology.jax.org/api/network/annotation/OMIM:312750,2026-10-03,0.95,observed,supports,,OMIM:312750,,,
E9d46f29,MONDO:0010726,HP:0005135,has_phenotype,hpo,https://ontology.jax.org/api/network/annotation/OMIM:312750,2026-10-03,0.95,observed,supports,,OMIM:312750,,,
E27f4317,MONDO:0010726,HP:0005184,has_phenotype,hpo,https://ontology.jax.org/api/network/annotation/OMIM:312750,2026-10-03,0.95,observed,supports,,OMIM:312750,,,
Eaf3b170,MONDO:0010726,HP:0001423,has_phenotype,hpo,https://ontology.jax.org/api/network/annotation/OMIM:312750,2026-10-03,0.95,observed,supports,,PMID:9792883,,,
E070895b,MONDO:0010726,HP:0001257,has_phenotype,hpo,https://ontology.jax.org/api/network/annotation/OMIM:312750,2026-10-03,0.95,observed,supports,,OMIM:312750,,,
E47968e7,MONDO:0010726,HP:0003202,has_phenotype,hpo,https://ontology.jax.org/api/network/annotation/OMIM:312750,2026-10-03,0.95,observed,supports,,OMIM:312750,,,
E3afca1b,MONDO:0010726,HP:0004879,has_phenotype,hpo,https://ontology.jax.org/api/network/annotation/OMIM:312750,2026-10-03,0.95,observed,supports,,PMID:9792883,2/2,,
Ec68ca73,MONDO:0010726,HP:0002104,has_phenotype,hpo,https://ontology.jax.org/api/network/annotation/OMIM:312750,2026-10-03,0.95,observed,supports,,OMIM:312750,,,
Eb1feb16,MONDO:0010726,HP:0002019,has_phenotype,hpo,https://ontology.jax.org/api/network/annotation/OMIM:312750,2026-10-03,0.95,observed,supports,,PMID:39061009,339/455,,
E59dc58a,MONDO:0010726,HP:0011968,has_phenotype,hpo,https://ontology.jax.org/api/network/annotation/OMIM:312750,2026-10-03,0.95,observed,supports,,PMID:39061009,292/455,,
E2b3343d,MONDO:0010726,HP:0002020,has_phenotype,hpo,https://ontology.jax.org/api/network/annotation/OMIM:312750,2026-10-03,0.95,observed,supports,,PMID:39061009,212/455,,
Eb2af038,MONDO:0010726,HP:0000164,has_phenotype,hpo,https://ontology.jax.org/api/network/annotation/OMIM:312750,2026-10-03,0.95,observed,supports,,OMIM:312750,,,
E3464b4e,MONDO:0010726,HP:0005484,has_phenotype,hpo,https://ontology.jax.org/api/network/annotation/OMIM:312750,2026-10-03,0.95,observed,supports,,OMIM:312750,,,
Edcddf95,MONDO:0010726,HP:0002650,has_phenotype,hpo,https://ontology.jax.org/api/network/annotation/OMIM:312750,2026-10-03,0.95,observed,supports,,PMID:40608138; PMID:39061009,241/467,,
Ebffbc91,MONDO:0010726,HP:0002808,has_phenotype,hpo,https://ontology.jax.org/api/network/annotation/OMIM:312750,2026-10-03,0.95,observed,supports,,OMIM:312750,,,
Eacae766,MONDO:0010679,NCBIGene:1756,caused_by,hpo,https://ontology.jax.org/api/network/annotation/OMIM:310200,2026-10-03,0.95,observed,supports,,,,,
E6b2459a,MONDO:0010679,HP:0001771,has_phenotype,hpo,https://ontology.jax.org/api/network/annotation/OMIM:310200,2026-10-03,0.95,observed,supports,,PMID:29067653,1/1,,
E46c7ccc,MONDO:0010679,HP:0001371,has_phenotype,hpo,https://ontology.jax.org/api/network/annotation/OMIM:310200,2026-10-03,0.95,observed,supports,,OMIM:310200,,,
E7212d00,MONDO:0010679,HP:0003089,has_phenotype,hpo,https://ontology.jax.org/api/network/annotation/OMIM:310200,2026-10-03,0.95,observed,supports,,PMID:29067653,1/1,,
Ec716958,MONDO:0010679,HP:0006380,has_phenotype,hpo,https://ontology.jax.org/api/network/annotation/OMIM:310200,2026-10-03,0.95,observed,supports,,PMID:29067653,1/1,,
E53b4ffd,MONDO:0010679,HP:0008981,has_phenotype,hpo,https://ontology.jax.org/api/network/annotation/OMIM:310200,2026-10-03,0.95,observed,supports,,PMID:29067653,1/1,,
Eb76eb05,MONDO:0010679,HP:0003707,has_phenotype,hpo,https://ontology.jax.org/api/network/annotation/OMIM:310200,2026-10-03,0.95,observed,supports,,OMIM:310200,,,
E3f9000e,MONDO:0010679,HP:0003236,has_phenotype,hpo,https://ontology.jax.org/api/network/annotation/OMIM:310200,2026-10-03,0.95,observed,supports,,PMID:29067653,1/1,,
E080b665,MONDO:0010679,HP:0011463,has_phenotype,hpo,https://ontology.jax.org/api/network/annotation/OMIM:310200,2026-10-03,0.95,observed,supports,,OMIM:310200,1/1,,
E6a19111,MONDO:0010679,HP:0002194,has_phenotype,hpo,https://ontology.jax.org/api/network/annotation/OMIM:310200,2026-10-03,0.95,observed,supports,,PMID:29067653,1/1,,
Eabf6a10,MONDO:0010679,HP:0002505,has_phenotype,hpo,https://ontology.jax.org/api/network/annotation/OMIM:310200,2026-10-03,0.95,observed,supports,,PMID:29067653,1/1,,
E2d10c9a,MONDO:0010679,HP:0001265,has_phenotype,hpo,https://ontology.jax.org/api/network/annotation/OMIM:310200,2026-10-03,0.95,observed,supports,,OMIM:310200,,,
E96dc58c,MONDO:0010679,HP:0002870,has_phenotype,hpo,https://ontology.jax.org/api/network/annotation/OMIM:310200,2026-10-03,0.95,observed,supports,,PMID:29067653,1/1,,
E8c9bb70,MONDO:0010679,HP:0030051,has_phenotype,hpo,https://ontology.jax.org/api/network/annotation/OMIM:310200,2026-10-03,0.95,observed,supports,,PMID:29067653,1/1,,
E655eff4,MONDO:0010679,HP:0002515,has_phenotype,hpo,https://ontology.jax.org/api/network/annotation/OMIM:310200,2026-10-03,0.95,observed,supports,,PMID:29067653,1/1,,
Ec98906d,MONDO:0010679,HP:0001256,has_phenotype,hpo,https://ontology.jax.org/api/network/annotation/OMIM:310200,2026-10-03,0.95,observed,supports,,OMIM:310200,,,
E58c22eb,MONDO:0010679,HP:0001638,has_phenotype,hpo,https://ontology.jax.org/api/network/annotation/OMIM:310200,2026-10-03,0.95,observed,supports,,OMIM:310200,,,
Ed417f77,MONDO:0010679,HP:0011675,has_phenotype,hpo,https://ontology.jax.org/api/network/annotation/OMIM:310200,2026-10-03,0.95,observed,supports,,OMIM:310200,,,
Eb977690,MONDO:0010679,HP:0001635,has_phenotype,hpo,https://ontology.jax.org/api/network/annotation/OMIM:310200,2026-10-03,0.95,observed,supports,,OMIM:310200,,,
E952f9c2,MONDO:0010679,HP:0003115,has_phenotype,hpo,https://ontology.jax.org/api/network/annotation/OMIM:310200,2026-10-03,0.95,observed,supports,,OMIM:310200,,,
E1aaee29,MONDO:0010679,HP:0001644,has_phenotype,hpo,https://ontology.jax.org/api/network/annotation/OMIM:310200,2026-10-03,0.95,observed,supports,,OMIM:310200,,,
E0f3d684,MONDO:0010679,HP:0001419,has_phenotype,hpo,https://ontology.jax.org/api/network/annotation/OMIM:310200,2026-10-03,0.95,observed,supports,,PMID:29067653,,,
Eebeda07,MONDO:0010679,HP:0002878,has_phenotype,hpo,https://ontology.jax.org/api/network/annotation/OMIM:310200,2026-10-03,0.95,observed,supports,,OMIM:310200,,,
Ed1216c8,MONDO:0010679,HP:0002791,has_phenotype,hpo,https://ontology.jax.org/api/network/annotation/OMIM:310200,2026-10-03,0.95,observed,supports,,OMIM:310200,,,
E5e04d4f,MONDO:0010679,HP:0002091,has_phenotype,hpo,https://ontology.jax.org/api/network/annotation/OMIM:310200,2026-10-03,0.95,observed,supports,,PMID:29067653,1/1,,
E9f8170d,MONDO:0010679,HP:0003560,has_phenotype,hpo,https://ontology.jax.org/api/network/annotation/OMIM:310200,2026-10-03,0.95,observed,supports,,OMIM:310200,,,
E300586d,MONDO:0010679,HP:0003391,has_phenotype,hpo,https://ontology.jax.org/api/network/annotation/OMIM:310200,2026-10-03,0.95,observed,supports,,OMIM:310200,,,
E18d0944,MONDO:0010679,HP:0001324,has_phenotype,hpo,https://ontology.jax.org/api/network/annotation/OMIM:310200,2026-10-03,0.95,observed,supports,,PMID:29067653,1/1,,
E94a1af6,MONDO:0010679,HP:0002747,has_phenotype,hpo,https://ontology.jax.org/api/network/annotation/OMIM:310200,2026-10-03,0.95,observed,supports,,PMID:29067653,1/1,,
Eae048f1,MONDO:0010679,HP:0003551,has_phenotype,hpo,https://ontology.jax.org/api/network/annotation/OMIM:310200,2026-10-03,0.95,observed,supports,,PMID:29067653,1/1,,
E235a970,MONDO:0010679,HP:0001252,has_phenotype,hpo,https://ontology.jax.org/api/network/annotation/OMIM:310200,2026-10-03,0.95,observed,supports,,OMIM:310200,,,
Ea3e05c3,MONDO:0010679,HP:0002650,has_phenotype,hpo,https://ontology.jax.org/api/network/annotation/OMIM:310200,2026-10-03,0.95,observed,supports,,OMIM:310200,,,
Efc6fae4,MONDO:0010679,HP:0003307,has_phenotype,hpo,https://ontology.jax.org/api/network/annotation/OMIM:310200,2026-10-03,0.95,observed,supports,,OMIM:310200,,,
Ec8c1e4e,MONDO:0008647,NCBIGene:4625,caused_by,hpo,https://ontology.jax.org/api/network/annotation/OMIM:192600,2026-10-03,0.95,observed,supports,,,,,
E0582de0,MONDO:0008647,HP:0011675,has_phenotype,hpo,https://ontology.jax.org/api/network/annotation/OMIM:192600,2026-10-03,0.95,observed,supports,,OMIM:192600,,,
Ef27c7d9,MONDO:0008647,HP:0001670,has_phenotype,hpo,https://ontology.jax.org/api/network/annotation/OMIM:192600,2026-10-03,0.95,observed,supports,,OMIM:192600,,,
E73fcc53,MONDO:0008647,HP:0001682,has_phenotype,hpo,https://ontology.jax.org/api/network/annotation/OMIM:192600,2026-10-03,0.95,observed,supports,,OMIM:192600,,,
E713082f,MONDO:0008647,HP:0001635,has_phenotype,hpo,https://ontology.jax.org/api/network/annotation/OMIM:192600,2026-10-03,0.95,observed,supports,,OMIM:192600,,,
E33b64f2,MONDO:0008647,HP:0000006,has_phenotype,hpo,https://ontology.jax.org/api/network/annotation/OMIM:192600,2026-10-03,0.95,observed,supports,,PMID:1975517,,,
Ee4ff1aa,MONDO:0008647,HP:0001699,has_phenotype,hpo,https://ontology.jax.org/api/network/annotation/OMIM:192600,2026-10-03,0.95,observed,supports,,OMIM:192600,,,
E96abfe0,MONDO:0010079,NCBIGene:443,caused_by,hpo,https://ontology.jax.org/api/network/annotation/OMIM:271900,2026-10-03,0.95,observed,supports,,,,,
E2b1be86,MONDO:0010079,HP:0000648,has_phenotype,hpo,https://ontology.jax.org/api/network/annotation/OMIM:271900,2026-10-03,0.95,observed,supports,,PMID:34446995,4/12,,
E68d83b6,MONDO:0010079,HP:0000639,has_phenotype,hpo,https://ontology.jax.org/api/network/annotation/OMIM:271900,2026-10-03,0.95,observed,supports,,PMID:34446995,6/12,,
E89b06d5,MONDO:0010079,HP:0000505,has_phenotype,hpo,https://ontology.jax.org/api/network/annotation/OMIM:271900,2026-10-03,0.95,observed,supports,,PMID:34446995,12/12,,
E9c797b2,MONDO:0010079,HP:0000618,has_phenotype,hpo,https://ontology.jax.org/api/network/annotation/OMIM:271900,2026-10-03,0.95,observed,supports,,PMID:34446995,,,
E2f0b435,MONDO:0010079,HP:0003593,has_phenotype,hpo,https://ontology.jax.org/api/network/annotation/OMIM:271900,2026-10-03,0.95,observed,supports,,PMID:34446995,12/12,,
E6f7a14d,MONDO:0010079,HP:0032273,has_phenotype,hpo,https://ontology.jax.org/api/network/annotation/OMIM:271900,2026-10-03,0.95,observed,supports,,OMIM:271900,,,
Efff6c25,MONDO:0010079,HP:6000354,has_phenotype,hpo,https://ontology.jax.org/api/network/annotation/OMIM:271900,2026-10-03,0.95,observed,supports,,PMID:8252036,22/22,,
E8cd2a4c,MONDO:0010079,HP:0034649,has_phenotype,hpo,https://ontology.jax.org/api/network/annotation/OMIM:271900,2026-10-03,0.95,observed,supports,,PMID:34446995,6/8,,
E5334f7a,MONDO:0010079,HP:0032274,has_phenotype,hpo,https://ontology.jax.org/api/network/annotation/OMIM:271900,2026-10-03,0.95,observed,supports,,OMIM:271900,,,
E1c228b6,MONDO:0010079,HP:0007256,has_phenotype,hpo,https://ontology.jax.org/api/network/annotation/OMIM:271900,2026-10-03,0.95,observed,supports,,PMID:34446995,12/12,,
Eb11fdab,MONDO:0010079,HP:0002069,has_phenotype,hpo,https://ontology.jax.org/api/network/annotation/OMIM:271900,2026-10-03,0.95,observed,supports,,PMID:34446995,5/12,,
Ec865933,MONDO:0010079,HP:0010841,has_phenotype,hpo,https://ontology.jax.org/api/network/annotation/OMIM:271900,2026-10-03,0.95,observed,supports,,PMID:34446995,2/5,,
Ec2baf33,MONDO:0010079,HP:0002376,has_phenotype,hpo,https://ontology.jax.org/api/network/annotation/OMIM:271900,2026-10-03,0.95,observed,supports,,OMIM:264470,,,
E6b6e6e6,MONDO:0010079,HP:0007305,has_phenotype,hpo,https://ontology.jax.org/api/network/annotation/OMIM:271900,2026-10-03,0.95,observed,supports,,OMIM:264470,,,
E2ccd385,MONDO:0010079,HP:0025053,has_phenotype,hpo,https://ontology.jax.org/api/network/annotation/OMIM:271900,2026-10-03,0.95,observed,supports,,PMID:34446995,10/10,,
Ea8cf7c2,MONDO:0010079,HP:0001263,has_phenotype,hpo,https://ontology.jax.org/api/network/annotation/OMIM:271900,2026-10-03,0.95,observed,supports,,PMID:34446995,12/12,,
Eddac0a7,MONDO:0010079,HP:0012444,has_phenotype,hpo,https://ontology.jax.org/api/network/annotation/OMIM:271900,2026-10-03,0.95,observed,supports,,OMIM:271900,,,
Ea63f81b,MONDO:0010079,HP:0011097,has_phenotype,hpo,https://ontology.jax.org/api/network/annotation/OMIM:271900,2026-10-03,0.95,observed,supports,,PMID:34446995,1/12,,
E86abb3d,MONDO:0010079,HP:0002521,has_phenotype,hpo,https://ontology.jax.org/api/network/annotation/OMIM:271900,2026-10-03,0.95,observed,supports,,PMID:34446995,1/5,,
E9dca323,MONDO:0010079,HP:0000007,has_phenotype,hpo,https://ontology.jax.org/api/network/annotation/OMIM:271900,2026-10-03,0.95,observed,supports,,OMIM:264470,,,
E7480537,MONDO:0010079,HP:0000365,has_phenotype,hpo,https://ontology.jax.org/api/network/annotation/OMIM:271900,2026-10-03,0.95,observed,supports,,OMIM:264470,,,
E74535f2,MONDO:0010079,HP:0002179,has_phenotype,hpo,https://ontology.jax.org/api/network/annotation/OMIM:271900,2026-10-03,0.95,observed,supports,,OMIM:264470,,,
Ecab592c,MONDO:0010079,HP:0001252,has_phenotype,hpo,https://ontology.jax.org/api/network/annotation/OMIM:271900,2026-10-03,0.95,observed,supports,,OMIM:264470,,,
E290aad0,MONDO:0010079,HP:0000256,has_phenotype,hpo,https://ontology.jax.org/api/network/annotation/OMIM:271900,2026-10-03,0.95,observed,supports,,PMID:34446995,7/12,,
Ec7a89da,MONDO:0010079,HP:0000252,has_phenotype,hpo,https://ontology.jax.org/api/network/annotation/OMIM:271900,2026-10-03,0.95,observed,supports,,PMID:34446995,2/12,,
E8f86733,MONDO:0010079,HP:0001476,has_phenotype,hpo,https://ontology.jax.org/api/network/annotation/OMIM:271900,2026-10-03,0.95,observed,supports,,OMIM:264470,,,
E760ba2a,NCBIGene:6448,R-HSA-2024096,in_pathway,reactome,https://reactome.org/ContentService/data/mapping/UniProt/P51688/pathways?species=9606,2026-10-03,0.95,observed,supports,,,,,
Ec9060e7,R-HSA-2024096,R-HSA-1638091,part_of,reactome,https://reactome.org/ContentService/data/event/R-HSA-2024096/ancestors,2026-10-03,0.95,observed,supports,,,,,
E32d11c0,NCBIGene:6448,R-HSA-2206307,in_pathway,reactome,https://reactome.org/ContentService/data/mapping/UniProt/P51688/pathways?species=9606,2026-10-03,0.95,observed,supports,,,,,
E472e813,R-HSA-2206307,R-HSA-2206281,part_of,reactome,https://reactome.org/ContentService/data/event/R-HSA-2206307/ancestors,2026-10-03,0.95,observed,supports,,,,,
Ef21c064,NCBIGene:6448,ClinVar:4854399,has_variant,clinvar,https://www.ncbi.nlm.nih.gov/clinvar/variation/4854399/,2026-10-03,0.95,observed,supports,,,,,
E5eb4753,NCBIGene:6448,ClinVar:4817912,has_variant,clinvar,https://www.ncbi.nlm.nih.gov/clinvar/variation/4817912/,2026-10-03,0.95,observed,supports,,,,,
Ec53a1e6,NCBIGene:6448,ClinVar:4765375,has_variant,clinvar,https://www.ncbi.nlm.nih.gov/clinvar/variation/4765375/,2026-10-03,0.95,observed,supports,,,,,
E7719c79,NCBIGene:4669,R-HSA-2024096,in_pathway,reactome,https://reactome.org/ContentService/data/mapping/UniProt/P54802/pathways?species=9606,2026-10-03,0.95,observed,supports,,,,,
E287118f,NCBIGene:4669,R-HSA-2206282,in_pathway,reactome,https://reactome.org/ContentService/data/mapping/UniProt/P54802/pathways?species=9606,2026-10-03,0.95,observed,supports,,,,,
Ef52839f,R-HSA-2206282,R-HSA-2206281,part_of,reactome,https://reactome.org/ContentService/data/event/R-HSA-2206282/ancestors,2026-10-03,0.95,observed,supports,,,,,
Ee1caec1,NCBIGene:4669,ClinVar:4886977,has_variant,clinvar,https://www.ncbi.nlm.nih.gov/clinvar/variation/4886977/,2026-10-03,0.95,observed,supports,,,,,
E9cdd17c,NCBIGene:4669,ClinVar:4818043,has_variant,clinvar,https://www.ncbi.nlm.nih.gov/clinvar/variation/4818043/,2026-10-03,0.95,observed,supports,,,,,
Ec6360b6,NCBIGene:4669,ClinVar:4783876,has_variant,clinvar,https://www.ncbi.nlm.nih.gov/clinvar/variation/4783876/,2026-10-03,0.95,observed,supports,,,,,
E977014a,NCBIGene:138050,R-HSA-2024096,in_pathway,reactome,https://reactome.org/ContentService/data/mapping/UniProt/Q68CP4/pathways?species=9606,2026-10-03,0.95,observed,supports,,,,,
E744d1f1,NCBIGene:138050,R-HSA-2206291,in_pathway,reactome,https://reactome.org/ContentService/data/mapping/UniProt/Q68CP4/pathways?species=9606,2026-10-03,0.95,observed,supports,,,,,
Ed1d9a61,R-HSA-2206291,R-HSA-2206281,part_of,reactome,https://reactome.org/ContentService/data/event/R-HSA-2206291/ancestors,2026-10-03,0.95,observed,supports,,,,,
E2d04cc0,NCBIGene:138050,R-HSA-6798695,in_pathway,reactome,https://reactome.org/ContentService/data/mapping/UniProt/Q68CP4/pathways?species=9606,2026-10-03,0.95,observed,supports,,,,,
Ed00daa9,NCBIGene:138050,ClinVar:4900190,has_variant,clinvar,https://www.ncbi.nlm.nih.gov/clinvar/variation/4900190/,2026-10-03,0.95,observed,supports,,,,,
Ed193916,NCBIGene:138050,ClinVar:4888407,has_variant,clinvar,https://www.ncbi.nlm.nih.gov/clinvar/variation/4888407/,2026-10-03,0.95,observed,supports,,,,,
Ee5502c5,NCBIGene:138050,ClinVar:4851250,has_variant,clinvar,https://www.ncbi.nlm.nih.gov/clinvar/variation/4851250/,2026-10-03,0.95,observed,supports,,,,,
E0d76220,NCBIGene:2799,R-HSA-2022857,in_pathway,reactome,https://reactome.org/ContentService/data/mapping/UniProt/P15586/pathways?species=9606,2026-10-03,0.95,observed,supports,,,,,
E28fd40b,R-HSA-2022857,R-HSA-1638074,part_of,reactome,https://reactome.org/ContentService/data/event/R-HSA-2022857/ancestors,2026-10-03,0.95,observed,supports,,,,,
Ef75bef1,NCBIGene:2799,R-HSA-2206305,in_pathway,reactome,https://reactome.org/ContentService/data/mapping/UniProt/P15586/pathways?species=9606,2026-10-03,0.95,observed,supports,,,,,
Ea3f8b18,R-HSA-2206305,R-HSA-2206281,part_of,reactome,https://reactome.org/ContentService/data/event/R-HSA-2206305/ancestors,2026-10-03,0.95,observed,supports,,,,,
Ed787a8d,NCBIGene:2799,R-HSA-432720,in_pathway,reactome,https://reactome.org/ContentService/data/mapping/UniProt/P15586/pathways?species=9606,2026-10-03,0.95,observed,supports,,,,,
E6caa198,R-HSA-432720,R-HSA-199992,part_of,reactome,https://reactome.org/ContentService/data/event/R-HSA-432720/ancestors,2026-10-03,0.95,observed,supports,,,,,
E1d925f8,NCBIGene:2799,R-HSA-6798695,in_pathway,reactome,https://reactome.org/ContentService/data/mapping/UniProt/P15586/pathways?species=9606,2026-10-03,0.95,observed,supports,,,,,
E37bc1ab,NCBIGene:2799,ClinVar:4814997,has_variant,clinvar,https://www.ncbi.nlm.nih.gov/clinvar/variation/4814997/,2026-10-03,0.95,observed,supports,,,,,
E5b5eb1e,NCBIGene:2799,ClinVar:4724139,has_variant,clinvar,https://www.ncbi.nlm.nih.gov/clinvar/variation/4724139/,2026-10-03,0.95,observed,supports,,,,,
E273dc3c,NCBIGene:2799,ClinVar:3723231,has_variant,clinvar,https://www.ncbi.nlm.nih.gov/clinvar/variation/3723231/,2026-10-03,0.95,observed,supports,,,,,
Ee3a2899,NCBIGene:3425,R-HSA-2024096,in_pathway,reactome,https://reactome.org/ContentService/data/mapping/UniProt/P35475/pathways?species=9606,2026-10-03,0.95,observed,supports,,,,,
Ee2cff3d,NCBIGene:3425,R-HSA-2024101,in_pathway,reactome,https://reactome.org/ContentService/data/mapping/UniProt/P35475/pathways?species=9606,2026-10-03,0.95,observed,supports,,,,,
E49df43b,R-HSA-2024101,R-HSA-1793185,part_of,reactome,https://reactome.org/ContentService/data/event/R-HSA-2024101/ancestors,2026-10-03,0.95,observed,supports,,,,,
E16e1ca0,NCBIGene:3425,R-HSA-2206302,in_pathway,reactome,https://reactome.org/ContentService/data/mapping/UniProt/P35475/pathways?species=9606,2026-10-03,0.95,observed,supports,,,,,
Eb6e6b47,R-HSA-2206302,R-HSA-2206281,part_of,reactome,https://reactome.org/ContentService/data/event/R-HSA-2206302/ancestors,2026-10-03,0.95,observed,supports,,,,,
E2717323,NCBIGene:3425,R-HSA-9953038,in_pathway,reactome,https://reactome.org/ContentService/data/mapping/UniProt/P35475/pathways?species=9606,2026-10-03,0.95,observed,supports,,,,,
Ef72d89c,R-HSA-9953038,R-HSA-2206281,part_of,reactome,https://reactome.org/ContentService/data/event/R-HSA-9953038/ancestors,2026-10-03,0.95,observed,supports,,,,,
E726580a,NCBIGene:3425,ClinVar:4976804,has_variant,clinvar,https://www.ncbi.nlm.nih.gov/clinvar/variation/4976804/,2026-10-03,0.95,observed,supports,,,,,
E8ad0139,ClinVar:4976804,MONDO:0011758,pathogenic_for,clinvar,https://www.ncbi.nlm.nih.gov/clinvar/variation/4976804/,2026-10-03,0.95,observed,supports,,Pathogenic: Hurler syndrome,,,
Ecd3966a,NCBIGene:3425,ClinVar:4974685,has_variant,clinvar,https://www.ncbi.nlm.nih.gov/clinvar/variation/4974685/,2026-10-03,0.95,observed,supports,,,,,
Ef97b268,NCBIGene:3425,ClinVar:4890970,has_variant,clinvar,https://www.ncbi.nlm.nih.gov/clinvar/variation/4890970/,2026-10-03,0.95,observed,supports,,,,,
Ecba7335,NCBIGene:3423,R-HSA-2024096,in_pathway,reactome,https://reactome.org/ContentService/data/mapping/UniProt/P22304/pathways?species=9606,2026-10-03,0.95,observed,supports,,,,,
Ec44e326,NCBIGene:3423,R-HSA-2024101,in_pathway,reactome,https://reactome.org/ContentService/data/mapping/UniProt/P22304/pathways?species=9606,2026-10-03,0.95,observed,supports,,,,,
Eba7c40d,NCBIGene:3423,R-HSA-2206296,in_pathway,reactome,https://reactome.org/ContentService/data/mapping/UniProt/P22304/pathways?species=9606,2026-10-03,0.95,observed,supports,,,,,
E1ba2695,R-HSA-2206296,R-HSA-2206281,part_of,reactome,https://reactome.org/ContentService/data/event/R-HSA-2206296/ancestors,2026-10-03,0.95,observed,supports,,,,,
Ee350f6b,NCBIGene:3423,R-HSA-9953078,in_pathway,reactome,https://reactome.org/ContentService/data/mapping/UniProt/P22304/pathways?species=9606,2026-10-03,0.95,observed,supports,,,,,
Ef650b8c,R-HSA-9953078,R-HSA-2206281,part_of,reactome,https://reactome.org/ContentService/data/event/R-HSA-9953078/ancestors,2026-10-03,0.95,observed,supports,,,,,
E58b32bc,NCBIGene:3423,ClinVar:4884744,has_variant,clinvar,https://www.ncbi.nlm.nih.gov/clinvar/variation/4884744/,2026-10-03,0.95,observed,supports,,,,,
E0fea70d,NCBIGene:3423,ClinVar:4880506,has_variant,clinvar,https://www.ncbi.nlm.nih.gov/clinvar/variation/4880506/,2026-10-03,0.95,observed,supports,,,,,
Ee9ba6a5,NCBIGene:3423,ClinVar:4852056,has_variant,clinvar,https://www.ncbi.nlm.nih.gov/clinvar/variation/4852056/,2026-10-03,0.95,observed,supports,,,,,
Eac0da0e,NCBIGene:2548,R-HSA-5357609,in_pathway,reactome,https://reactome.org/ContentService/data/mapping/UniProt/P10253/pathways?species=9606,2026-10-03,0.95,observed,supports,,,,,
Eab2549c,R-HSA-5357609,R-HSA-3229121,part_of,reactome,https://reactome.org/ContentService/data/event/R-HSA-5357609/ancestors,2026-10-03,0.95,observed,supports,,,,,
E455f009,NCBIGene:2548,R-HSA-6798695,in_pathway,reactome,https://reactome.org/ContentService/data/mapping/UniProt/P10253/pathways?species=9606,2026-10-03,0.95,observed,supports,,,,,
E24f9433,NCBIGene:2548,R-HSA-70221,in_pathway,reactome,https://reactome.org/ContentService/data/mapping/UniProt/P10253/pathways?species=9606,2026-10-03,0.95,observed,supports,,,,,
Ec5a1c89,R-HSA-70221,R-HSA-8982491,part_of,reactome,https://reactome.org/ContentService/data/event/R-HSA-70221/ancestors,2026-10-03,0.95,observed,supports,,,,,
Ed0849bf,NCBIGene:2548,ClinVar:4876681,has_variant,clinvar,https://www.ncbi.nlm.nih.gov/clinvar/variation/4876681/,2026-10-03,0.95,observed,supports,,,,,
E04998d5,ClinVar:4876681,MONDO:0017694,pathogenic_for,clinvar,https://www.ncbi.nlm.nih.gov/clinvar/variation/4876681/,2026-10-03,0.95,observed,supports,,"Pathogenic: GAA-related disorders; Glycogen storage disease, type II",,,
E1a4446b,NCBIGene:2548,ClinVar:4876679,has_variant,clinvar,https://www.ncbi.nlm.nih.gov/clinvar/variation/4876679/,2026-10-03,0.95,observed,supports,,,,,
E6a2dcd1,ClinVar:4876679,MONDO:0017694,pathogenic_for,clinvar,https://www.ncbi.nlm.nih.gov/clinvar/variation/4876679/,2026-10-03,0.95,observed,supports,,"Pathogenic: Glycogen storage disease, type II",,,
Efe2221b,NCBIGene:2548,ClinVar:4876678,has_variant,clinvar,https://www.ncbi.nlm.nih.gov/clinvar/variation/4876678/,2026-10-03,0.95,observed,supports,,,,,
E74a6390,ClinVar:4876678,MONDO:0017694,pathogenic_for,clinvar,https://www.ncbi.nlm.nih.gov/clinvar/variation/4876678/,2026-10-03,0.95,observed,supports,,"Pathogenic: Glycogen storage disease, type II",,,
E61bd825,NCBIGene:2629,R-HSA-390471,in_pathway,reactome,https://reactome.org/ContentService/data/mapping/UniProt/P04062/pathways?species=9606,2026-10-03,0.95,observed,supports,,,,,
E9cf452e,R-HSA-390471,R-HSA-390466,part_of,reactome,https://reactome.org/ContentService/data/event/R-HSA-390471/ancestors,2026-10-03,0.95,observed,supports,,,,,
E8a2d502,NCBIGene:2629,R-HSA-9840310,in_pathway,reactome,https://reactome.org/ContentService/data/mapping/UniProt/P04062/pathways?species=9606,2026-10-03,0.95,observed,supports,,,,,
E41520eb,R-HSA-9840310,R-HSA-1660662,part_of,reactome,https://reactome.org/ContentService/data/event/R-HSA-9840310/ancestors,2026-10-03,0.95,observed,supports,,,,,
Ed6bdd66,NCBIGene:2629,ClinVar:4852057,has_variant,clinvar,https://www.ncbi.nlm.nih.gov/clinvar/variation/4852057/,2026-10-03,0.95,observed,supports,,,,,
E1949b58,NCBIGene:2629,ClinVar:4817830,has_variant,clinvar,https://www.ncbi.nlm.nih.gov/clinvar/variation/4817830/,2026-10-03,0.95,observed,supports,,,,,
E1592af3,NCBIGene:2629,ClinVar:4817829,has_variant,clinvar,https://www.ncbi.nlm.nih.gov/clinvar/variation/4817829/,2026-10-03,0.95,observed,supports,,,,,
Eb8a2a2f,NCBIGene:2717,R-HSA-6798695,in_pathway,reactome,https://reactome.org/ContentService/data/mapping/UniProt/P06280/pathways?species=9606,2026-10-03,0.95,observed,supports,,,,,
Eaeb2dd9,NCBIGene:2717,R-HSA-9840310,in_pathway,reactome,https://reactome.org/ContentService/data/mapping/UniProt/P06280/pathways?species=9606,2026-10-03,0.95,observed,supports,,,,,
Eec50164,NCBIGene:2717,ClinVar:4974927,has_variant,clinvar,https://www.ncbi.nlm.nih.gov/clinvar/variation/4974927/,2026-10-03,0.95,observed,supports,,,,,
Ead8bbdb,ClinVar:4974927,MONDO:0010526,pathogenic_for,clinvar,https://www.ncbi.nlm.nih.gov/clinvar/variation/4974927/,2026-10-03,0.95,observed,supports,,Pathogenic: Fabry disease,,,
E891f232,NCBIGene:2717,ClinVar:4974926,has_variant,clinvar,https://www.ncbi.nlm.nih.gov/clinvar/variation/4974926/,2026-10-03,0.95,observed,supports,,,,,
E7fd4565,ClinVar:4974926,MONDO:0010526,pathogenic_for,clinvar,https://www.ncbi.nlm.nih.gov/clinvar/variation/4974926/,2026-10-03,0.95,observed,supports,,Pathogenic: Fabry disease,,,
E5fa07b8,NCBIGene:2717,ClinVar:4974924,has_variant,clinvar,https://www.ncbi.nlm.nih.gov/clinvar/variation/4974924/,2026-10-03,0.95,observed,supports,,,,,
E70aea90,ClinVar:4974924,MONDO:0010526,pathogenic_for,clinvar,https://www.ncbi.nlm.nih.gov/clinvar/variation/4974924/,2026-10-03,0.95,observed,supports,,Pathogenic: Fabry disease,,,
E6be1459,NCBIGene:2581,R-HSA-9840310,in_pathway,reactome,https://reactome.org/ContentService/data/mapping/UniProt/P54803/pathways?species=9606,2026-10-03,0.95,observed,supports,,,,,
Ed20501b,NCBIGene:2581,ClinVar:4887765,has_variant,clinvar,https://www.ncbi.nlm.nih.gov/clinvar/variation/4887765/,2026-10-03,0.95,observed,supports,,,,,
E96a748a,NCBIGene:2581,ClinVar:4884754,has_variant,clinvar,https://www.ncbi.nlm.nih.gov/clinvar/variation/4884754/,2026-10-03,0.95,observed,supports,,,,,
Ebd8158e,NCBIGene:2581,ClinVar:4855581,has_variant,clinvar,https://www.ncbi.nlm.nih.gov/clinvar/variation/4855581/,2026-10-03,0.95,observed,supports,,,,,
E86a304e,NCBIGene:410,R-HSA-1663150,in_pathway,reactome,https://reactome.org/ContentService/data/mapping/UniProt/P15289/pathways?species=9606,2026-10-03,0.95,observed,supports,,,,,
E7e19b11,R-HSA-1663150,R-HSA-163841,part_of,reactome,https://reactome.org/ContentService/data/event/R-HSA-1663150/ancestors,2026-10-03,0.95,observed,supports,,,,,
E9479877,NCBIGene:410,R-HSA-6798695,in_pathway,reactome,https://reactome.org/ContentService/data/mapping/UniProt/P15289/pathways?species=9606,2026-10-03,0.95,observed,supports,,,,,
Eb39398b,NCBIGene:410,R-HSA-9840310,in_pathway,reactome,https://reactome.org/ContentService/data/mapping/UniProt/P15289/pathways?species=9606,2026-10-03,0.95,observed,supports,,,,,
E1ccd88d,NCBIGene:410,ClinVar:4886803,has_variant,clinvar,https://www.ncbi.nlm.nih.gov/clinvar/variation/4886803/,2026-10-03,0.95,observed,supports,,,,,
Ea9d699a,NCBIGene:410,ClinVar:4850932,has_variant,clinvar,https://www.ncbi.nlm.nih.gov/clinvar/variation/4850932/,2026-10-03,0.95,observed,supports,,,,,
Ea18f0f7,ClinVar:4850932,MONDO:0009591,pathogenic_for,clinvar,https://www.ncbi.nlm.nih.gov/clinvar/variation/4850932/,2026-10-03,0.95,observed,supports,,Pathogenic: Metachromatic leukodystrophy; not provided,,,
Ef3e41bb,NCBIGene:410,ClinVar:4847585,has_variant,clinvar,https://www.ncbi.nlm.nih.gov/clinvar/variation/4847585/,2026-10-03,0.95,observed,supports,,,,,
Ea403ea6,ClinVar:4847585,MONDO:0009591,pathogenic_for,clinvar,https://www.ncbi.nlm.nih.gov/clinvar/variation/4847585/,2026-10-03,0.95,observed,supports,,Pathogenic: Metachromatic leukodystrophy,,,
E19deb30,NCBIGene:3073,R-HSA-2022857,in_pathway,reactome,https://reactome.org/ContentService/data/mapping/UniProt/P06865/pathways?species=9606,2026-10-03,0.95,observed,supports,,,,,
E7592318,NCBIGene:3073,R-HSA-2024101,in_pathway,reactome,https://reactome.org/ContentService/data/mapping/UniProt/P06865/pathways?species=9606,2026-10-03,0.95,observed,supports,,,,,
E62a31d1,NCBIGene:3073,R-HSA-2160916,in_pathway,reactome,https://reactome.org/ContentService/data/mapping/UniProt/P06865/pathways?species=9606,2026-10-03,0.95,observed,supports,,,,,
Edd97346,R-HSA-2160916,R-HSA-2142845,part_of,reactome,https://reactome.org/ContentService/data/event/R-HSA-2160916/ancestors,2026-10-03,0.95,observed,supports,,,,,
E61098a9,NCBIGene:3073,R-HSA-3656234,in_pathway,reactome,https://reactome.org/ContentService/data/mapping/UniProt/P06865/pathways?species=9606,2026-10-03,0.95,observed,supports,,,,,
Ebf70858,R-HSA-3656234,R-HSA-3560782,part_of,reactome,https://reactome.org/ContentService/data/event/R-HSA-3656234/ancestors,2026-10-03,0.95,observed,supports,,,,,
E1656f87,NCBIGene:3073,R-HSA-9840310,in_pathway,reactome,https://reactome.org/ContentService/data/mapping/UniProt/P06865/pathways?species=9606,2026-10-03,0.95,observed,supports,,,,,
E8cb03c8,NCBIGene:3073,ClinVar:4891001,has_variant,clinvar,https://www.ncbi.nlm.nih.gov/clinvar/variation/4891001/,2026-10-03,0.95,observed,supports,,,,,
E158dd90,NCBIGene:3073,ClinVar:4884842,has_variant,clinvar,https://www.ncbi.nlm.nih.gov/clinvar/variation/4884842/,2026-10-03,0.95,observed,supports,,,,,
E7c91281,ClinVar:4884842,MONDO:0010100,pathogenic_for,clinvar,https://www.ncbi.nlm.nih.gov/clinvar/variation/4884842/,2026-10-03,0.95,observed,supports,,Pathogenic: Tay-Sachs disease,,,
E40d38b9,NCBIGene:3073,ClinVar:4818721,has_variant,clinvar,https://www.ncbi.nlm.nih.gov/clinvar/variation/4818721/,2026-10-03,0.95,observed,supports,,,,,
E9fc8640,ClinVar:4818721,MONDO:0010100,pathogenic_for,clinvar,https://www.ncbi.nlm.nih.gov/clinvar/variation/4818721/,2026-10-03,0.95,observed,supports,,Pathogenic: Tay-Sachs disease,,,
E20893b6,NCBIGene:3074,R-HSA-2022857,in_pathway,reactome,https://reactome.org/ContentService/data/mapping/UniProt/P07686/pathways?species=9606,2026-10-03,0.95,observed,supports,,,,,
Ebff8d9d,NCBIGene:3074,R-HSA-2024101,in_pathway,reactome,https://reactome.org/ContentService/data/mapping/UniProt/P07686/pathways?species=9606,2026-10-03,0.95,observed,supports,,,,,
E9634516,NCBIGene:3074,R-HSA-2160916,in_pathway,reactome,https://reactome.org/ContentService/data/mapping/UniProt/P07686/pathways?species=9606,2026-10-03,0.95,observed,supports,,,,,
E74697b0,NCBIGene:3074,R-HSA-3656248,in_pathway,reactome,https://reactome.org/ContentService/data/mapping/UniProt/P07686/pathways?species=9606,2026-10-03,0.95,observed,supports,,,,,
Ef5b5159,R-HSA-3656248,R-HSA-3560782,part_of,reactome,https://reactome.org/ContentService/data/event/R-HSA-3656248/ancestors,2026-10-03,0.95,observed,supports,,,,,
E30d4e94,NCBIGene:3074,R-HSA-6798695,in_pathway,reactome,https://reactome.org/ContentService/data/mapping/UniProt/P07686/pathways?species=9606,2026-10-03,0.95,observed,supports,,,,,
E3e190d8,NCBIGene:3074,R-HSA-9840310,in_pathway,reactome,https://reactome.org/ContentService/data/mapping/UniProt/P07686/pathways?species=9606,2026-10-03,0.95,observed,supports,,,,,
E307dab3,NCBIGene:3074,ClinVar:4851249,has_variant,clinvar,https://www.ncbi.nlm.nih.gov/clinvar/variation/4851249/,2026-10-03,0.95,observed,supports,,,,,
E6683576,NCBIGene:3074,ClinVar:4809202,has_variant,clinvar,https://www.ncbi.nlm.nih.gov/clinvar/variation/4809202/,2026-10-03,0.95,observed,supports,,,,,
Eb7db494,ClinVar:4809202,MONDO:0010006,pathogenic_for,clinvar,https://www.ncbi.nlm.nih.gov/clinvar/variation/4809202/,2026-10-03,0.95,observed,supports,,Pathogenic: Sandhoff disease,,,
E8d0951d,NCBIGene:3074,ClinVar:4753741,has_variant,clinvar,https://www.ncbi.nlm.nih.gov/clinvar/variation/4753741/,2026-10-03,0.95,observed,supports,,,,,
E36a17e9,ClinVar:4753741,MONDO:0010006,pathogenic_for,clinvar,https://www.ncbi.nlm.nih.gov/clinvar/variation/4753741/,2026-10-03,0.95,observed,supports,,Pathogenic: Sandhoff disease,,,
E45d8a36,NCBIGene:4864,R-HSA-8964038,in_pathway,reactome,https://reactome.org/ContentService/data/mapping/UniProt/O15118/pathways?species=9606,2026-10-03,0.95,observed,supports,,,,,
Ed1f9884,R-HSA-8964038,R-HSA-8964043,part_of,reactome,https://reactome.org/ContentService/data/event/R-HSA-8964038/ancestors,2026-10-03,0.95,observed,supports,,,,,
Ec426a17,NCBIGene:4864,ClinVar:4820056,has_variant,clinvar,https://www.ncbi.nlm.nih.gov/clinvar/variation/4820056/,2026-10-03,0.95,observed,supports,,,,,
Eafd1c37,NCBIGene:4864,ClinVar:4818063,has_variant,clinvar,https://www.ncbi.nlm.nih.gov/clinvar/variation/4818063/,2026-10-03,0.95,observed,supports,,,,,
E3be30f0,ClinVar:4818063,MONDO:0009757,pathogenic_for,clinvar,https://www.ncbi.nlm.nih.gov/clinvar/variation/4818063/,2026-10-03,0.95,observed,supports,,"Pathogenic: Niemann-Pick disease, type C1",,,
E1e1d75c,NCBIGene:4864,ClinVar:4818058,has_variant,clinvar,https://www.ncbi.nlm.nih.gov/clinvar/variation/4818058/,2026-10-03,0.95,observed,supports,,,,,
E3991102,ClinVar:4818058,MONDO:0009757,pathogenic_for,clinvar,https://www.ncbi.nlm.nih.gov/clinvar/variation/4818058/,2026-10-03,0.95,observed,supports,,"Pathogenic: Niemann-Pick disease, type C1",,,
Ea05b317,NCBIGene:1200,R-HSA-381038,in_pathway,reactome,https://reactome.org/ContentService/data/mapping/UniProt/O14773/pathways?species=9606,2026-10-03,0.95,observed,supports,,,,,
E624d5c0,R-HSA-381038,R-HSA-381070,part_of,reactome,https://reactome.org/ContentService/data/event/R-HSA-381038/ancestors,2026-10-03,0.95,observed,supports,,,,,
E15b92f0,NCBIGene:1200,ClinVar:4974749,has_variant,clinvar,https://www.ncbi.nlm.nih.gov/clinvar/variation/4974749/,2026-10-03,0.95,observed,supports,,,,,
E59981fd,NCBIGene:1200,ClinVar:4850112,has_variant,clinvar,https://www.ncbi.nlm.nih.gov/clinvar/variation/4850112/,2026-10-03,0.95,observed,supports,,,,,
E287f969,NCBIGene:1200,ClinVar:4818300,has_variant,clinvar,https://www.ncbi.nlm.nih.gov/clinvar/variation/4818300/,2026-10-03,0.95,observed,supports,,,,,
E4ddeac4,ClinVar:4818300,MONDO:0008769,pathogenic_for,clinvar,https://www.ncbi.nlm.nih.gov/clinvar/variation/4818300/,2026-10-03,0.95,observed,supports,,Pathogenic: Neuronal ceroid lipofuscinosis 2,,,
Eb44bcf7,NCBIGene:1201,R-HSA-9845576,in_pathway,reactome,https://reactome.org/ContentService/data/mapping/UniProt/Q13286/pathways?species=9606,2026-10-03,0.95,observed,supports,,,,,
Ee6cb1d8,NCBIGene:1201,ClinVar:4819251,has_variant,clinvar,https://www.ncbi.nlm.nih.gov/clinvar/variation/4819251/,2026-10-03,0.95,observed,supports,,,,,
Ef225b7f,NCBIGene:1201,ClinVar:4771297,has_variant,clinvar,https://www.ncbi.nlm.nih.gov/clinvar/variation/4771297/,2026-10-03,0.95,observed,supports,,,,,
E7413b5d,ClinVar:4771297,MONDO:0008767,pathogenic_for,clinvar,https://www.ncbi.nlm.nih.gov/clinvar/variation/4771297/,2026-10-03,0.95,observed,supports,,Pathogenic: Neuronal ceroid lipofuscinosis,,,
E63f8c76,NCBIGene:1201,ClinVar:4738196,has_variant,clinvar,https://www.ncbi.nlm.nih.gov/clinvar/variation/4738196/,2026-10-03,0.95,observed,supports,,,,,
E8daea89,ClinVar:4738196,MONDO:0008767,pathogenic_for,clinvar,https://www.ncbi.nlm.nih.gov/clinvar/variation/4738196/,2026-10-03,0.95,observed,supports,,Pathogenic: Neuronal ceroid lipofuscinosis,,,
E958f23c,NCBIGene:2720,R-HSA-2022857,in_pathway,reactome,https://reactome.org/ContentService/data/mapping/UniProt/P16278/pathways?species=9606,2026-10-03,0.95,observed,supports,,,,,
E6a5b3fa,NCBIGene:2720,R-HSA-2024101,in_pathway,reactome,https://reactome.org/ContentService/data/mapping/UniProt/P16278/pathways?species=9606,2026-10-03,0.95,observed,supports,,,,,
Ec48012d,NCBIGene:2720,R-HSA-2206308,in_pathway,reactome,https://reactome.org/ContentService/data/mapping/UniProt/P16278/pathways?species=9606,2026-10-03,0.95,observed,supports,,,,,
Eef049f0,R-HSA-2206308,R-HSA-2206281,part_of,reactome,https://reactome.org/ContentService/data/event/R-HSA-2206308/ancestors,2026-10-03,0.95,observed,supports,,,,,
E7bfb2ee,NCBIGene:2720,R-HSA-4085001,in_pathway,reactome,https://reactome.org/ContentService/data/mapping/UniProt/P16278/pathways?species=9606,2026-10-03,0.95,observed,supports,,,,,
E6ef0a63,R-HSA-4085001,R-HSA-446219,part_of,reactome,https://reactome.org/ContentService/data/event/R-HSA-4085001/ancestors,2026-10-03,0.95,observed,supports,,,,,
Ea50a4b7,NCBIGene:2720,R-HSA-4341670,in_pathway,reactome,https://reactome.org/ContentService/data/mapping/UniProt/P16278/pathways?species=9606,2026-10-03,0.95,observed,supports,,,,,
E1f943e8,R-HSA-4341670,R-HSA-3781860,part_of,reactome,https://reactome.org/ContentService/data/event/R-HSA-4341670/ancestors,2026-10-03,0.95,observed,supports,,,,,
E1d03a81,NCBIGene:2720,R-HSA-6798695,in_pathway,reactome,https://reactome.org/ContentService/data/mapping/UniProt/P16278/pathways?species=9606,2026-10-03,0.95,observed,supports,,,,,
E4074b83,NCBIGene:2720,R-HSA-9840310,in_pathway,reactome,https://reactome.org/ContentService/data/mapping/UniProt/P16278/pathways?species=9606,2026-10-03,0.95,observed,supports,,,,,
Ead937cd,NCBIGene:2720,R-HSA-9953111,in_pathway,reactome,https://reactome.org/ContentService/data/mapping/UniProt/P16278/pathways?species=9606,2026-10-03,0.95,observed,supports,,,,,
E576d2bc,R-HSA-9953111,R-HSA-2206281,part_of,reactome,https://reactome.org/ContentService/data/event/R-HSA-9953111/ancestors,2026-10-03,0.95,observed,supports,,,,,
Ec54cef0,NCBIGene:2720,ClinVar:4974693,has_variant,clinvar,https://www.ncbi.nlm.nih.gov/clinvar/variation/4974693/,2026-10-03,0.95,observed,supports,,,,,
E48bb844,NCBIGene:2720,ClinVar:4961629,has_variant,clinvar,https://www.ncbi.nlm.nih.gov/clinvar/variation/4961629/,2026-10-03,0.95,observed,supports,,,,,
E7d5fa34,NCBIGene:2720,ClinVar:4961626,has_variant,clinvar,https://www.ncbi.nlm.nih.gov/clinvar/variation/4961626/,2026-10-03,0.95,observed,supports,,,,,
E878c798,NCBIGene:2760,R-HSA-6798695,in_pathway,reactome,https://reactome.org/ContentService/data/mapping/UniProt/P17900/pathways?species=9606,2026-10-03,0.95,observed,supports,,,,,
Ee27a382,NCBIGene:2760,R-HSA-9840310,in_pathway,reactome,https://reactome.org/ContentService/data/mapping/UniProt/P17900/pathways?species=9606,2026-10-03,0.95,observed,supports,,,,,
E807851e,NCBIGene:2760,ClinVar:4884781,has_variant,clinvar,https://www.ncbi.nlm.nih.gov/clinvar/variation/4884781/,2026-10-03,0.95,observed,supports,,,,,
Ebe484ca,ClinVar:4884781,MONDO:0010099,pathogenic_for,clinvar,https://www.ncbi.nlm.nih.gov/clinvar/variation/4884781/,2026-10-03,0.95,observed,supports,,"Pathogenic: Tay-Sachs disease, variant AB",,,
Ed50c38c,NCBIGene:2760,ClinVar:3340369,has_variant,clinvar,https://www.ncbi.nlm.nih.gov/clinvar/variation/3340369/,2026-10-03,0.95,observed,supports,,,,,
E39b5df4,NCBIGene:2760,ClinVar:1808662,has_variant,clinvar,https://www.ncbi.nlm.nih.gov/clinvar/variation/1808662/,2026-10-03,0.95,observed,supports,,,,,
E8f90dac,NCBIGene:6609,R-HSA-9769739,in_pathway,reactome,https://reactome.org/ContentService/data/mapping/UniProt/P17405/pathways?species=9606,2026-10-03,0.95,observed,supports,,,,,
Eacfbed3,NCBIGene:6609,R-HSA-9840310,in_pathway,reactome,https://reactome.org/ContentService/data/mapping/UniProt/P17405/pathways?species=9606,2026-10-03,0.95,observed,supports,,,,,
E3b729fd,NCBIGene:6609,ClinVar:4974749,has_variant,clinvar,https://www.ncbi.nlm.nih.gov/clinvar/variation/4974749/,2026-10-03,0.95,observed,supports,,,,,
E892f49e,NCBIGene:6609,ClinVar:4814345,has_variant,clinvar,https://www.ncbi.nlm.nih.gov/clinvar/variation/4814345/,2026-10-03,0.95,observed,supports,,,,,
E85dc97c,ClinVar:4814345,MONDO:0009756,pathogenic_for,clinvar,https://www.ncbi.nlm.nih.gov/clinvar/variation/4814345/,2026-10-03,0.95,observed,supports,,"Pathogenic: Niemann-Pick disease, type A",,,
E9fc7d8b,NCBIGene:6609,ClinVar:4689346,has_variant,clinvar,https://www.ncbi.nlm.nih.gov/clinvar/variation/4689346/,2026-10-03,0.95,observed,supports,,,,,
Eb2a9815,NCBIGene:3920,R-HSA-114608,in_pathway,reactome,https://reactome.org/ContentService/data/mapping/UniProt/P13473/pathways?species=9606,2026-10-03,0.95,observed,supports,,,,,
E69ca5cc,R-HSA-114608,R-HSA-76005,part_of,reactome,https://reactome.org/ContentService/data/event/R-HSA-114608/ancestors,2026-10-03,0.95,observed,supports,,,,,
E2c5d117,NCBIGene:3920,R-HSA-6798695,in_pathway,reactome,https://reactome.org/ContentService/data/mapping/UniProt/P13473/pathways?species=9606,2026-10-03,0.95,observed,supports,,,,,
Ea98b068,NCBIGene:3920,R-HSA-9613829,in_pathway,reactome,https://reactome.org/ContentService/data/mapping/UniProt/P13473/pathways?species=9606,2026-10-03,0.95,observed,supports,,,,,
Ef187096,NCBIGene:3920,ClinVar:4880506,has_variant,clinvar,https://www.ncbi.nlm.nih.gov/clinvar/variation/4880506/,2026-10-03,0.95,observed,supports,,,,,
Eca564eb,NCBIGene:3920,ClinVar:4852056,has_variant,clinvar,https://www.ncbi.nlm.nih.gov/clinvar/variation/4852056/,2026-10-03,0.95,observed,supports,,,,,
E73bcfb6,NCBIGene:3920,ClinVar:4851184,has_variant,clinvar,https://www.ncbi.nlm.nih.gov/clinvar/variation/4851184/,2026-10-03,0.95,observed,supports,,,,,
E9b6889f,NCBIGene:4204,R-HSA-8986944,in_pathway,reactome,https://reactome.org/ContentService/data/mapping/UniProt/P51608/pathways?species=9606,2026-10-03,0.95,observed,supports,,,,,
Eb7dd7f3,R-HSA-8986944,R-HSA-212436,part_of,reactome,https://reactome.org/ContentService/data/event/R-HSA-8986944/ancestors,2026-10-03,0.95,observed,supports,,,,,
Eb031b6d,NCBIGene:4204,R-HSA-9022534,in_pathway,reactome,https://reactome.org/ContentService/data/mapping/UniProt/P51608/pathways?species=9606,2026-10-03,0.95,observed,supports,,,,,
E39fe7ff,R-HSA-9022534,R-HSA-9005891,part_of,reactome,https://reactome.org/ContentService/data/event/R-HSA-9022534/ancestors,2026-10-03,0.95,observed,supports,,,,,
E31d8b5a,NCBIGene:4204,R-HSA-9022535,in_pathway,reactome,https://reactome.org/ContentService/data/mapping/UniProt/P51608/pathways?species=9606,2026-10-03,0.95,observed,supports,,,,,
E6ebba88,R-HSA-9022535,R-HSA-9005891,part_of,reactome,https://reactome.org/ContentService/data/event/R-HSA-9022535/ancestors,2026-10-03,0.95,observed,supports,,,,,
Ed8121c8,NCBIGene:4204,R-HSA-9022537,in_pathway,reactome,https://reactome.org/ContentService/data/mapping/UniProt/P51608/pathways?species=9606,2026-10-03,0.95,observed,supports,,,,,
Eae062d6,R-HSA-9022537,R-HSA-9005891,part_of,reactome,https://reactome.org/ContentService/data/event/R-HSA-9022537/ancestors,2026-10-03,0.95,observed,supports,,,,,
Ebd0b38e,NCBIGene:4204,R-HSA-9022538,in_pathway,reactome,https://reactome.org/ContentService/data/mapping/UniProt/P51608/pathways?species=9606,2026-10-03,0.95,observed,supports,,,,,
E57cb169,R-HSA-9022538,R-HSA-9005891,part_of,reactome,https://reactome.org/ContentService/data/event/R-HSA-9022538/ancestors,2026-10-03,0.95,observed,supports,,,,,
E3f7c3d6,NCBIGene:4204,R-HSA-9022692,in_pathway,reactome,https://reactome.org/ContentService/data/mapping/UniProt/P51608/pathways?species=9606,2026-10-03,0.95,observed,supports,,,,,
Ee2ace3f,R-HSA-9022692,R-HSA-8986944,part_of,reactome,https://reactome.org/ContentService/data/event/R-HSA-9022692/ancestors,2026-10-03,0.95,observed,supports,,,,,
E6786505,NCBIGene:4204,R-HSA-9022699,in_pathway,reactome,https://reactome.org/ContentService/data/mapping/UniProt/P51608/pathways?species=9606,2026-10-03,0.95,observed,supports,,,,,
Ef01d52d,R-HSA-9022699,R-HSA-8986944,part_of,reactome,https://reactome.org/ContentService/data/event/R-HSA-9022699/ancestors,2026-10-03,0.95,observed,supports,,,,,
E49afdb6,NCBIGene:4204,R-HSA-9022702,in_pathway,reactome,https://reactome.org/ContentService/data/mapping/UniProt/P51608/pathways?species=9606,2026-10-03,0.95,observed,supports,,,,,
E7ea45e4,R-HSA-9022702,R-HSA-8986944,part_of,reactome,https://reactome.org/ContentService/data/event/R-HSA-9022702/ancestors,2026-10-03,0.95,observed,supports,,,,,
Eccbaf4d,NCBIGene:4204,R-HSA-9022707,in_pathway,reactome,https://reactome.org/ContentService/data/mapping/UniProt/P51608/pathways?species=9606,2026-10-03,0.95,observed,supports,,,,,
Ed94c8f2,R-HSA-9022707,R-HSA-8986944,part_of,reactome,https://reactome.org/ContentService/data/event/R-HSA-9022707/ancestors,2026-10-03,0.95,observed,supports,,,,,
E01968ff,NCBIGene:4204,R-HSA-9022927,in_pathway,reactome,https://reactome.org/ContentService/data/mapping/UniProt/P51608/pathways?species=9606,2026-10-03,0.95,observed,supports,,,,,
Ed88b6b8,R-HSA-9022927,R-HSA-8986944,part_of,reactome,https://reactome.org/ContentService/data/event/R-HSA-9022927/ancestors,2026-10-03,0.95,observed,supports,,,,,
E79e0f23,NCBIGene:4204,R-HSA-9725371,in_pathway,reactome,https://reactome.org/ContentService/data/mapping/UniProt/P51608/pathways?species=9606,2026-10-03,0.95,observed,supports,,,,,
E35f15cc,R-HSA-9725371,R-HSA-9725370,part_of,reactome,https://reactome.org/ContentService/data/event/R-HSA-9725371/ancestors,2026-10-03,0.95,observed,supports,,,,,
E6d77a5e,NCBIGene:4204,ClinVar:4953508,has_variant,clinvar,https://www.ncbi.nlm.nih.gov/clinvar/variation/4953508/,2026-10-03,0.95,observed,supports,,,,,
Eb1e22f4,NCBIGene:4204,ClinVar:4953497,has_variant,clinvar,https://www.ncbi.nlm.nih.gov/clinvar/variation/4953497/,2026-10-03,0.95,observed,supports,,,,,
E5ff7a56,NCBIGene:4204,ClinVar:4886822,has_variant,clinvar,https://www.ncbi.nlm.nih.gov/clinvar/variation/4886822/,2026-10-03,0.95,observed,supports,,,,,
Eaf57f8a,NCBIGene:1756,R-HSA-3000171,in_pathway,reactome,https://reactome.org/ContentService/data/mapping/UniProt/P11532/pathways?species=9606,2026-10-03,0.95,observed,supports,,,,,
Ec463676,NCBIGene:1756,R-HSA-390522,in_pathway,reactome,https://reactome.org/ContentService/data/mapping/UniProt/P11532/pathways?species=9606,2026-10-03,0.95,observed,supports,,,,,
Ecd48059,NCBIGene:1756,R-HSA-9913351,in_pathway,reactome,https://reactome.org/ContentService/data/mapping/UniProt/P11532/pathways?species=9606,2026-10-03,0.95,observed,supports,,,,,
Ef2890e8,NCBIGene:1756,ClinVar:4949632,has_variant,clinvar,https://www.ncbi.nlm.nih.gov/clinvar/variation/4949632/,2026-10-03,0.95,observed,supports,,,,,
E23728c7,NCBIGene:1756,ClinVar:4949630,has_variant,clinvar,https://www.ncbi.nlm.nih.gov/clinvar/variation/4949630/,2026-10-03,0.95,observed,supports,,,,,
E52a376c,NCBIGene:1756,ClinVar:4949598,has_variant,clinvar,https://www.ncbi.nlm.nih.gov/clinvar/variation/4949598/,2026-10-03,0.95,observed,supports,,,,,
Ecee0d72,NCBIGene:4625,ClinVar:4884318,has_variant,clinvar,https://www.ncbi.nlm.nih.gov/clinvar/variation/4884318/,2026-10-03,0.95,observed,supports,,,,,
Eaf9f32c,ClinVar:4884318,MONDO:0008647,pathogenic_for,clinvar,https://www.ncbi.nlm.nih.gov/clinvar/variation/4884318/,2026-10-03,0.95,observed,supports,,Pathogenic: Hypertrophic cardiomyopathy 1,,,
E27e5275,NCBIGene:4625,ClinVar:3901153,has_variant,clinvar,https://www.ncbi.nlm.nih.gov/clinvar/variation/3901153/,2026-10-03,0.95,observed,supports,,,,,
E529adb0,ClinVar:3901153,MONDO:0008647,pathogenic_for,clinvar,https://www.ncbi.nlm.nih.gov/clinvar/variation/3901153/,2026-10-03,0.95,observed,supports,,Pathogenic: Hypertrophic cardiomyopathy 1,,,
E29c6804,NCBIGene:4625,ClinVar:3775810,has_variant,clinvar,https://www.ncbi.nlm.nih.gov/clinvar/variation/3775810/,2026-10-03,0.95,observed,supports,,,,,
E9a10458,ClinVar:3775810,MONDO:0008647,pathogenic_for,clinvar,https://www.ncbi.nlm.nih.gov/clinvar/variation/3775810/,2026-10-03,0.95,observed,supports,,Pathogenic: Hypertrophic cardiomyopathy 1,,,
E493ee1f,NCBIGene:443,R-HSA-8963693,in_pathway,reactome,https://reactome.org/ContentService/data/mapping/UniProt/P45381/pathways?species=9606,2026-10-03,0.95,observed,supports,,,,,
E0c9cab5,NCBIGene:443,ClinVar:4888418,has_variant,clinvar,https://www.ncbi.nlm.nih.gov/clinvar/variation/4888418/,2026-10-03,0.95,observed,supports,,,,,
E1f8ffc5,NCBIGene:443,ClinVar:4888390,has_variant,clinvar,https://www.ncbi.nlm.nih.gov/clinvar/variation/4888390/,2026-10-03,0.95,observed,supports,,,,,
Ee9afd0c,NCBIGene:443,ClinVar:4854098,has_variant,clinvar,https://www.ncbi.nlm.nih.gov/clinvar/variation/4854098/,2026-10-03,0.95,observed,supports,,,,,
E9c5e5c2,NCT07855562,MONDO:0009655,studies,ctgov,https://clinicaltrials.gov/study/NCT07855562,2026-10-03,0.95,observed,supports,,Conditions: MPS IIIA; Sanfilippo Syndrome; Sanfilippo A; Mucopolysaccharidosis III,,,
Eebc59b6,ORG:Ultragenyx_Pharmaceutical_Inc,NCT07855562,runs,ctgov,https://clinicaltrials.gov/study/NCT07855562,2026-10-03,0.95,observed,supports,,,,,
Eb3c0db6,NCT02716246,COUNTRY:US,has_site_in,ctgov,https://clinicaltrials.gov/study/NCT02716246,2026-10-03,0.95,observed,supports,,,,,
E4164417,NCT02716246,COUNTRY:AU,has_site_in,ctgov,https://clinicaltrials.gov/study/NCT02716246,2026-10-03,0.95,observed,supports,,,,,
E5dbae4a,NCT02716246,COUNTRY:ES,has_site_in,ctgov,https://clinicaltrials.gov/study/NCT02716246,2026-10-03,0.95,observed,supports,,,,,
Eebc4df2,NCT02716246,MONDO:0009655,studies,ctgov,https://clinicaltrials.gov/study/NCT02716246,2026-10-03,0.95,observed,supports,,Conditions: MPS IIIA; Sanfilippo Syndrome; Sanfilippo A; Mucopolysaccharidosis III,,,
E2ed7b1b,ORG:Ultragenyx_Pharmaceutical_Inc,NCT02716246,runs,ctgov,https://clinicaltrials.gov/study/NCT02716246,2026-10-03,0.95,observed,supports,,,,,
E3023148,NCT02716246,INTERVENTION:UX111,tests,ctgov,https://clinicaltrials.gov/study/NCT02716246,2026-10-03,0.95,observed,supports,,,,,
E707cac7,NCT02716246,INTERVENTION:Prophylactic_Immunomodulatory_IM_Therapy,tests,ctgov,https://clinicaltrials.gov/study/NCT02716246,2026-10-03,0.95,observed,supports,,,,,
Ebfac162,NCT02716246,INTERVENTION:Optimized_Prophylactic_IM_Therapy,tests,ctgov,https://clinicaltrials.gov/study/NCT02716246,2026-10-03,0.95,observed,supports,,,,,
Eec66bd8,NCT02716246,INTERVENTION:Adjuvant_IM_Therapy,tests,ctgov,https://clinicaltrials.gov/study/NCT02716246,2026-10-03,0.95,observed,supports,,,,,
E30bd1da,NCT07579910,MONDO:0009655,studies,ctgov,https://clinicaltrials.gov/study/NCT07579910,2026-10-03,0.95,observed,supports,,Conditions: MPS IIIB,,,
Ed0387fe,ORG:Spruce_Biosciences,NCT07579910,runs,ctgov,https://clinicaltrials.gov/study/NCT07579910,2026-10-03,0.95,observed,supports,,,,,
E5905aee,NCT07579910,INTERVENTION:Tralesinidase_alfa_TA,tests,ctgov,https://clinicaltrials.gov/study/NCT07579910,2026-10-03,0.95,observed,supports,,,,,
E4e0c623,NCT07818759,COUNTRY:US,has_site_in,ctgov,https://clinicaltrials.gov/study/NCT07818759,2026-10-03,0.95,observed,supports,,,,,
E8115f7a,NCT07818759,MONDO:0009655,studies,ctgov,https://clinicaltrials.gov/study/NCT07818759,2026-10-03,0.95,observed,supports,,Conditions: Sanfilippo Syndrome (MPS III),,,
E19686d8,ORG:NeuroGT,NCT07818759,runs,ctgov,https://clinicaltrials.gov/study/NCT07818759,2026-10-03,0.95,observed,supports,,,,,
E88ddde1,NCT07818759,INTERVENTION:rAAV9_CMV_hNAGLUop,tests,ctgov,https://clinicaltrials.gov/study/NCT07818759,2026-10-03,0.95,observed,supports,,,,,
Efebcb7f,NCT06567769,COUNTRY:US,has_site_in,ctgov,https://clinicaltrials.gov/study/NCT06567769,2026-10-03,0.95,observed,supports,,,,,
E16fc2e1,NCT06567769,COUNTRY:KR,has_site_in,ctgov,https://clinicaltrials.gov/study/NCT06567769,2026-10-03,0.95,observed,supports,,,,,
E061da6f,NCT06567769,MONDO:0009655,studies,ctgov,https://clinicaltrials.gov/study/NCT06567769,2026-10-03,0.95,observed,supports,,Conditions: Sanfilippo Syndrome Type A,,,
Eeb03be2,ORG:GC_Biopharma_Corp,NCT06567769,runs,ctgov,https://clinicaltrials.gov/study/NCT06567769,2026-10-03,0.95,observed,supports,,,,,
Efe44c2b,NCT06567769,INTERVENTION:GC1130A,tests,ctgov,https://clinicaltrials.gov/study/NCT06567769,2026-10-03,0.95,observed,supports,,,,,
E3577148,RePORTER:R21NS135412,MONDO:0009655,studies,reporter,https://reporter.nih.gov/project-details/11264950,2026-10-03,0.95,observed,supports,,"Title: Characterizing and treating peripheral nervous system dysfunction in Sanfilippo Syndrome Mucopolysaccharidosis Type IIIA (MPS IIIA), also known as Sanfilippo Syndrome Type A, is a rare autosomal recessive disorder that affects one in every 70,000 children worldwide, and currently there are no",,,
E3390656,PERSON:12619406,RePORTER:R21NS135412,pi_of,reporter,https://reporter.nih.gov/project-details/11264950,2026-10-03,0.95,observed,supports,,,,,
Ea01ae90,PERSON:10510547,RePORTER:R21NS135412,pi_of,reporter,https://reporter.nih.gov/project-details/11264950,2026-10-03,0.95,observed,supports,,,,,
E53b781a,ORG:NIH_NINDS,RePORTER:R21NS135412,funds,reporter,https://reporter.nih.gov/project-details/11264950,2026-10-03,0.95,observed,supports,,,,,
E20aba4b,RePORTER:R01NS131151,MONDO:0009655,studies,reporter,https://reporter.nih.gov/project-details/11266161,2026-10-03,0.95,observed,supports,,"In a recent trial for Sanfilippo syndrome, 1 patient died and others demonstrated concerning MRI changes at rAAV injection sites within the brain, halting the study.",,,
E34c16f8,PERSON:10761216,RePORTER:R01NS131151,pi_of,reporter,https://reporter.nih.gov/project-details/11266161,2026-10-03,0.95,observed,supports,,,,,
E72babc0,ORG:NIH_NINDS,RePORTER:R01NS131151,funds,reporter,https://reporter.nih.gov/project-details/11266161,2026-10-03,0.95,observed,supports,,,,,
E55008d4,RePORTER:R01NS131151,MONDO:0009655,studies,reporter,https://reporter.nih.gov/project-details/11010758,2026-10-03,0.95,observed,supports,,"In a recent trial for Sanfilippo syndrome, 1 patient died and others demonstrated concerning MRI changes at rAAV injection sites within the brain, halting the study.",,,
E99e48cc,PERSON:10761216,RePORTER:R01NS131151,pi_of,reporter,https://reporter.nih.gov/project-details/11010758,2026-10-03,0.95,observed,supports,,,,,
E58cf65a,ORG:NIH_NINDS,RePORTER:R01NS131151,funds,reporter,https://reporter.nih.gov/project-details/11010758,2026-10-03,0.95,observed,supports,,,,,
E31d9ebb,RePORTER:R21NS135412,MONDO:0009655,studies,reporter,https://reporter.nih.gov/project-details/11058182,2026-10-03,0.95,observed,supports,,"Title: Characterizing and treating peripheral nervous system dysfunction in Sanfilippo Syndrome Mucopolysaccharidosis Type IIIA (MPS IIIA), also known as Sanfilippo Syndrome Type A, is a rare autosomal recessive disorder that affects one in every 70,000 children worldwide, and currently there are no",,,
Ee088248,PERSON:12619406,RePORTER:R21NS135412,pi_of,reporter,https://reporter.nih.gov/project-details/11058182,2026-10-03,0.95,observed,supports,,,,,
E512071b,PERSON:10510547,RePORTER:R21NS135412,pi_of,reporter,https://reporter.nih.gov/project-details/11058182,2026-10-03,0.95,observed,supports,,,,,
Ecf455ef,ORG:NIH_NINDS,RePORTER:R21NS135412,funds,reporter,https://reporter.nih.gov/project-details/11058182,2026-10-03,0.95,observed,supports,,,,,
Ee287a43,RePORTER:R01NS131151,MONDO:0009655,studies,reporter,https://reporter.nih.gov/project-details/10765673,2026-10-03,0.95,observed,supports,,"In a recent trial for Sanfilippo syndrome, 1 patient died and others demonstrated concerning MRI changes at rAAV injection sites within the brain, halting the study.",,,
E24a0912,PERSON:10761216,RePORTER:R01NS131151,pi_of,reporter,https://reporter.nih.gov/project-details/10765673,2026-10-03,0.95,observed,supports,,,,,
E14ab336,ORG:NIH_NINDS,RePORTER:R01NS131151,funds,reporter,https://reporter.nih.gov/project-details/10765673,2026-10-03,0.95,observed,supports,,,,,
E033466c,PMID:42798182,MONDO:0009655,mentions,pubmed,https://pubmed.ncbi.nlm.nih.gov/42798182/,2026-10-03,0.95,observed,supports,,Clinical and biochemical correction of a patient with neurodegenerative Mucopolysaccharidosis IIIA using hematopoietic stem cell gene therapy.,,,
E9d1dccb,PMID:42291207,MONDO:0009655,mentions,pubmed,https://pubmed.ncbi.nlm.nih.gov/42291207/,2026-10-03,0.95,observed,supports,,ExIR enables prioritizing driver and biomarker genes from omics data in a reference free manner.,,,
Eafb6045,PMID:41657230,MONDO:0009655,mentions,pubmed,https://pubmed.ncbi.nlm.nih.gov/41657230/,2026-10-03,0.95,observed,supports,,Letter: Fluoxetine for Behavioral Problems in an 8-Year-Old with Mucopolysaccharidosis IIIA.,,,
E68579dc,PMID:41742100,MONDO:0009655,mentions,pubmed,https://pubmed.ncbi.nlm.nih.gov/41742100/,2026-10-03,0.95,observed,supports,,Sanfilippo syndrome type A with acute metabolic acidosis: a case report of the first documented SGSH c.571G > A homozygous mutation.,,,
E26a3c65,PMID:40522455,MONDO:0009655,mentions,pubmed,https://pubmed.ncbi.nlm.nih.gov/40522455/,2026-10-03,0.95,observed,supports,,Acute transient psychotic episode as presenting sign of Mucopolysaccharidosis III A (Sanfilippo Syndrome type A) in an adolescent patient.,,,
E4fcb0b9,NCT06488924,COUNTRY:JP,has_site_in,ctgov,https://clinicaltrials.gov/study/NCT06488924,2026-10-03,0.95,observed,supports,,,,,
Eeb73a12,NCT06488924,MONDO:0009656,studies,ctgov,https://clinicaltrials.gov/study/NCT06488924,2026-10-03,0.95,observed,supports,,Conditions: Mucopolysaccharidosis III-B,,,
E21184e6,ORG:JCR_Pharmaceuticals_Co_Ltd,NCT06488924,runs,ctgov,https://clinicaltrials.gov/study/NCT06488924,2026-10-03,0.95,observed,supports,,,,,
E4266ba7,NCT06488924,INTERVENTION:JR_446,tests,ctgov,https://clinicaltrials.gov/study/NCT06488924,2026-10-03,0.95,observed,supports,,,,,
E78c4e47,NCT07640984,COUNTRY:US,has_site_in,ctgov,https://clinicaltrials.gov/study/NCT07640984,2026-10-03,0.95,observed,supports,,,,,
E8b3818d,NCT07640984,COUNTRY:DE,has_site_in,ctgov,https://clinicaltrials.gov/study/NCT07640984,2026-10-03,0.95,observed,supports,,,,,
E84ae8d7,NCT07640984,COUNTRY:GB,has_site_in,ctgov,https://clinicaltrials.gov/study/NCT07640984,2026-10-03,0.95,observed,supports,,,,,
Eaba71d6,NCT07640984,MONDO:0009656,studies,ctgov,https://clinicaltrials.gov/study/NCT07640984,2026-10-03,0.95,observed,supports,,Conditions: Mucopolysaccharidosis IIIB,,,
E66fac1d,ORG:JCR_Pharmaceuticals_Co_Ltd,NCT07640984,runs,ctgov,https://clinicaltrials.gov/study/NCT07640984,2026-10-03,0.95,observed,supports,,,,,
Efbeeff7,NCT07640984,INTERVENTION:JR_446,tests,ctgov,https://clinicaltrials.gov/study/NCT07640984,2026-10-03,0.95,observed,supports,,,,,
E88775fa,NCT07733856,MONDO:0009656,studies,ctgov,https://clinicaltrials.gov/study/NCT07733856,2026-10-03,0.95,observed,supports,,Conditions: Mucopolysaccharidosis Type IIIB; MPS IIIB (Sanfilippo B Syndrome),,,
Ed13ea67,ORG:Spruce_Biosciences,NCT07733856,runs,ctgov,https://clinicaltrials.gov/study/NCT07733856,2026-10-03,0.95,observed,supports,,,,,
Ec16392e,NCT07733856,INTERVENTION:Tralesinidase_alfa_TA,tests,ctgov,https://clinicaltrials.gov/study/NCT07733856,2026-10-03,0.95,observed,supports,,,,,
E77f7e53,NCT07579910,MONDO:0009656,studies,ctgov,https://clinicaltrials.gov/study/NCT07579910,2026-10-03,0.95,observed,supports,,Conditions: MPS IIIB,,,
E2d2fc39,NCT07818759,MONDO:0009656,studies,ctgov,https://clinicaltrials.gov/study/NCT07818759,2026-10-03,0.95,observed,supports,,Conditions: Sanfilippo Syndrome (MPS III),,,
E44a67f9,RePORTER:R01NS131151,MONDO:0009656,studies,reporter,https://reporter.nih.gov/project-details/11266161,2026-10-03,0.95,observed,supports,,"In a recent trial for Sanfilippo syndrome, 1 patient died and others demonstrated concerning MRI changes at rAAV injection sites within the brain, halting the study.",,,
E1d51bde,RePORTER:UH3NS137533,MONDO:0009656,studies,reporter,https://reporter.nih.gov/project-details/11416607,2026-10-03,0.95,observed,supports,,Procession to IND of a capsid mutated AAV8 codon optimized NAGLU vector for treatment of Sanfilippo Syndrome type B,,,
E14e9bfa,PERSON:6405998,RePORTER:UH3NS137533,pi_of,reporter,https://reporter.nih.gov/project-details/11416607,2026-10-03,0.95,observed,supports,,,,,
E1aee145,PERSON:9766740,RePORTER:UH3NS137533,pi_of,reporter,https://reporter.nih.gov/project-details/11416607,2026-10-03,0.95,observed,supports,,,,,
Ef6abcfe,ORG:NIH_NINDS,RePORTER:UH3NS137533,funds,reporter,https://reporter.nih.gov/project-details/11416607,2026-10-03,0.95,observed,supports,,,,,
E99b068b,RePORTER:R01NS131151,MONDO:0009656,studies,reporter,https://reporter.nih.gov/project-details/11010758,2026-10-03,0.95,observed,supports,,"In a recent trial for Sanfilippo syndrome, 1 patient died and others demonstrated concerning MRI changes at rAAV injection sites within the brain, halting the study.",,,
E0b4a14c,RePORTER:ZIATR000570,MONDO:0009656,studies,reporter,https://reporter.nih.gov/project-details/11412135,2026-10-03,0.95,observed,supports,,"This disease, also known as Mucopolysaccharidosis type IIIB (MPS IIIB), is a severe autosomal recessive lysosomal storage disorder.",,,
E64a1986,PERSON:14380109,RePORTER:ZIATR000570,pi_of,reporter,https://reporter.nih.gov/project-details/11412135,2026-10-03,0.95,observed,supports,,,,,
Ea480d65,ORG:NIH_NCATS,RePORTER:ZIATR000570,funds,reporter,https://reporter.nih.gov/project-details/11412135,2026-10-03,0.95,observed,supports,,,,,
E37d14b5,RePORTER:UG3NS137533,MONDO:0009656,studies,reporter,https://reporter.nih.gov/project-details/11135541,2026-10-03,0.95,observed,supports,,Procession to IND of a capsid mutated AAV8 codon optimized NAGLU vector for treatment of Sanfilippo Syndrome type B,,,
Ebb94652,PERSON:6405998,RePORTER:UG3NS137533,pi_of,reporter,https://reporter.nih.gov/project-details/11135541,2026-10-03,0.95,observed,supports,,,,,
Ee0594db,PERSON:9766740,RePORTER:UG3NS137533,pi_of,reporter,https://reporter.nih.gov/project-details/11135541,2026-10-03,0.95,observed,supports,,,,,
E66844b2,ORG:NIH_NINDS,RePORTER:UG3NS137533,funds,reporter,https://reporter.nih.gov/project-details/11135541,2026-10-03,0.95,observed,supports,,,,,
Eac39d34,PMID:42782417,MONDO:0009656,mentions,pubmed,https://pubmed.ncbi.nlm.nih.gov/42782417/,2026-10-03,0.95,observed,supports,,Characterization of Cellular Alterations in a Novel NAGLU Enzyme-Deficient Cellular Model Generated from U-87MG Cell Line.,,,
E44f5ef4,PMID:42506095,MONDO:0009656,mentions,pubmed,https://pubmed.ncbi.nlm.nih.gov/42506095/,2026-10-03,0.95,observed,supports,,Personalized Drug Repurposing Screen Identifies Patient-Specific Therapeutic Candidates for Mucopolysaccharidosis Type IIIB.,,,
E1bdc139,PMID:42378005,MONDO:0009656,mentions,pubmed,https://pubmed.ncbi.nlm.nih.gov/42378005/,2026-10-03,0.95,observed,supports,,Variant profile of Brazilian patients with Sanfilippo syndrome type B.,,,
Eca8a419,PMID:42196382,MONDO:0009656,mentions,pubmed,https://pubmed.ncbi.nlm.nih.gov/42196382/,2026-10-03,0.95,observed,supports,,Molecular Modeling of N-Acetylglucosamine Binding to the I154R Mutant of NAGLU: Pathogenic Insights into Sanfilippo Syndrome Type B.,,,
E21393c2,PMID:41845025,MONDO:0009656,mentions,pubmed,https://pubmed.ncbi.nlm.nih.gov/41845025/,2026-10-03,0.95,observed,supports,,"Author Correction: TFEB, FOXO3 and TLR4 in resveratrol-induced autophagy in a mucopolysaccharidosis IIIB mouse model.",,,
Ec294d25,NCT05368038,COUNTRY:US,has_site_in,ctgov,https://clinicaltrials.gov/study/NCT05368038,2026-10-03,0.95,observed,supports,,,,,
E550e4bd,NCT05368038,MONDO:0009657,studies,ctgov,https://clinicaltrials.gov/study/NCT05368038,2026-10-03,0.95,observed,supports,,"Conditions: Acid Sphingomyelinase Deficiency; Ceroid Lipofuscinosis, Neuronal, 2; Cerebrotendinous Xanthomatosis; Fabry Disease; GM1 Gangliosidosis; Gaucher Disease; Lysosomal Acid Lipase Deficiency; Metachromatic Leukodystrophy; Mucopolysaccharidosis II; Mucopolysaccharidosis III-B; Mucopolysacchar",,,
E2523361,ORG:Albert_Einstein_College_of_Medicine,NCT05368038,runs,ctgov,https://clinicaltrials.gov/study/NCT05368038,2026-10-03,0.95,observed,supports,,,,,
E569cb0a,NCT07712003,COUNTRY:US,has_site_in,ctgov,https://clinicaltrials.gov/study/NCT07712003,2026-10-03,0.95,observed,supports,,,,,
E04abf2e,NCT07712003,MONDO:0009657,studies,ctgov,https://clinicaltrials.gov/study/NCT07712003,2026-10-03,0.95,observed,supports,,Conditions: Sanfilippo Syndrome Type C; Mucopolysaccharidosis (MPS) IIIC,,,
E98470ba,ORG:Phoenix_Nest,NCT07712003,runs,ctgov,https://clinicaltrials.gov/study/NCT07712003,2026-10-03,0.95,observed,supports,,,,,
E98a978e,NCT03655223,COUNTRY:US,has_site_in,ctgov,https://clinicaltrials.gov/study/NCT03655223,2026-10-03,0.95,observed,supports,,,,,
E45546ef,NCT03655223,MONDO:0009657,studies,ctgov,https://clinicaltrials.gov/study/NCT03655223,2026-10-03,0.95,observed,supports,,"Conditions: Spinal Muscular Atrophy; Fragile X Syndrome; Fragile X - Premutation; Duchenne Muscular Dystrophy; Hyperinsulinemic Hypoglycemia, Familial 1; Diabetes Mellitus; Adrenoleukodystrophy, Neonatal; Medium-chain Acyl-CoA Dehydrogenase Deficiency; Very Long Chain Acyl Coa Dehydrogenase Deficien",,,
E4997bb8,ORG:RTI_International,NCT03655223,runs,ctgov,https://clinicaltrials.gov/study/NCT03655223,2026-10-03,0.95,observed,supports,,,,,
Eba7dc9c,NCT05825131,COUNTRY:US,has_site_in,ctgov,https://clinicaltrials.gov/study/NCT05825131,2026-10-03,0.95,observed,supports,,,,,
E20316bb,NCT05825131,COUNTRY:FR,has_site_in,ctgov,https://clinicaltrials.gov/study/NCT05825131,2026-10-03,0.95,observed,supports,,,,,
E63413e3,NCT05825131,MONDO:0009657,studies,ctgov,https://clinicaltrials.gov/study/NCT05825131,2026-10-03,0.95,observed,supports,,Conditions: Sanfilippo Syndrome Type C,,,
E59089de,ORG:Phoenix_Nest,NCT05825131,runs,ctgov,https://clinicaltrials.gov/study/NCT05825131,2026-10-03,0.95,observed,supports,,,,,
E8d9ad0c,NCT02298686,COUNTRY:EG,has_site_in,ctgov,https://clinicaltrials.gov/study/NCT02298686,2026-10-03,0.95,observed,supports,,,,,
E6b9c141,NCT02298686,COUNTRY:DE,has_site_in,ctgov,https://clinicaltrials.gov/study/NCT02298686,2026-10-03,0.95,observed,supports,,,,,
Ec588a39,NCT02298686,COUNTRY:IN,has_site_in,ctgov,https://clinicaltrials.gov/study/NCT02298686,2026-10-03,0.95,observed,supports,,,,,
Ef54261c,NCT02298686,COUNTRY:LK,has_site_in,ctgov,https://clinicaltrials.gov/study/NCT02298686,2026-10-03,0.95,observed,supports,,,,,
E1ca5f35,NCT02298686,MONDO:0009657,studies,ctgov,https://clinicaltrials.gov/study/NCT02298686,2026-10-03,0.95,observed,supports,,Conditions: Mental Retardation; Developmental Delay,,,
E7168299,ORG:CENTOGENE_GmbH_Rostock,NCT02298686,runs,ctgov,https://clinicaltrials.gov/study/NCT02298686,2026-10-03,0.95,observed,supports,,,,,
E0ddfd31,RePORTER:R44NS147802,MONDO:0009657,studies,reporter,https://reporter.nih.gov/project-details/11315125,2026-10-03,0.95,observed,supports,,"Mucopolysaccharidosis Type IIIC (MPS IIIC or Sanfilippo disease type C) is one such LSD that is caused by deficiency of the enzyme heparan sulfate acetyl CoA: -glucosaminide N- acetyltransferase, (HGSNAT) essential for degradation of heparan sulfate, a repeating carbohydrate generally found",,,
Ed1dcbf0,PERSON:15847694,RePORTER:R44NS147802,pi_of,reporter,https://reporter.nih.gov/project-details/11315125,2026-10-03,0.95,observed,supports,,,,,
E76700d8,ORG:NIH_NINDS,RePORTER:R44NS147802,funds,reporter,https://reporter.nih.gov/project-details/11315125,2026-10-03,0.95,observed,supports,,,,,
Ed31cd05,RePORTER:R01NS131151,MONDO:0009657,studies,reporter,https://reporter.nih.gov/project-details/11266161,2026-10-03,0.95,observed,supports,,"In a recent trial for Sanfilippo syndrome, 1 patient died and others demonstrated concerning MRI changes at rAAV injection sites within the brain, halting the study.",,,
Ecbe8b3f,RePORTER:R01NS131151,MONDO:0009657,studies,reporter,https://reporter.nih.gov/project-details/11010758,2026-10-03,0.95,observed,supports,,"In a recent trial for Sanfilippo syndrome, 1 patient died and others demonstrated concerning MRI changes at rAAV injection sites within the brain, halting the study.",,,
Edbe4076,RePORTER:R44NS137892,MONDO:0009657,studies,reporter,https://reporter.nih.gov/project-details/11128545,2026-10-03,0.95,observed,supports,,"Mucopolysaccharidosis Type IIIC (MPS IIIC or Sanfilippo disease type C) is one such LSD that is caused by deficiency of the enzyme heparan sulfate acetyl CoA: -glucosaminide N-acetyltransferase, (HGSNAT) essential for degradation of heparan sulfate, a repeating carbohydrate generally found attached",,,
E9cf1af7,PERSON:15847694,RePORTER:R44NS137892,pi_of,reporter,https://reporter.nih.gov/project-details/11128545,2026-10-03,0.95,observed,supports,,,,,
E21d5530,ORG:NIH_NINDS,RePORTER:R44NS137892,funds,reporter,https://reporter.nih.gov/project-details/11128545,2026-10-03,0.95,observed,supports,,,,,
E37a307c,RePORTER:R01NS131151,MONDO:0009657,studies,reporter,https://reporter.nih.gov/project-details/10765673,2026-10-03,0.95,observed,supports,,"In a recent trial for Sanfilippo syndrome, 1 patient died and others demonstrated concerning MRI changes at rAAV injection sites within the brain, halting the study.",,,
E0ffdb1b,PMID:41590221,MONDO:0009657,mentions,pubmed,https://pubmed.ncbi.nlm.nih.gov/41590221/,2026-10-03,0.95,observed,supports,,Unveiling Mucopolysaccharidosis IIIC in Brazil: Diagnostic Journey and Clinical Features of Brazilian Patients Identified Through the MPS Brazil Network.,,,
E2284822,PMID:40126917,MONDO:0009657,mentions,pubmed,https://pubmed.ncbi.nlm.nih.gov/40126917/,2026-10-03,0.95,observed,supports,,Transplantation of Wild-Type Hematopoietic Stem and Progenitor Cells Improves Disease Phenotypes in a Mucopolysaccharidosis IIIC Mouse Model.,,,
E83aafef,PMID:39196614,MONDO:0009657,mentions,pubmed,https://pubmed.ncbi.nlm.nih.gov/39196614/,2026-10-03,0.95,observed,supports,,Structure of the human heparan-α-glucosaminide N-acetyltransferase (HGSNAT).,,,
E32cdcd0,PMID:38918376,MONDO:0009657,mentions,pubmed,https://pubmed.ncbi.nlm.nih.gov/38918376/,2026-10-03,0.95,observed,supports,,Structural and mechanistic insights into a lysosomal membrane enzyme HGSNAT involved in Sanfilippo syndrome.,,,
E8864c7b,PMID:37961489,MONDO:0009657,mentions,pubmed,https://pubmed.ncbi.nlm.nih.gov/37961489/,2026-10-03,0.95,observed,supports,,Structure of the human heparan-α-glucosaminide N-acetyltransferase (HGSNAT).,,,
Ef817ec9,NCT03655223,MONDO:0009658,studies,ctgov,https://clinicaltrials.gov/study/NCT03655223,2026-10-03,0.95,observed,supports,,"Conditions: Spinal Muscular Atrophy; Fragile X Syndrome; Fragile X - Premutation; Duchenne Muscular Dystrophy; Hyperinsulinemic Hypoglycemia, Familial 1; Diabetes Mellitus; Adrenoleukodystrophy, Neonatal; Medium-chain Acyl-CoA Dehydrogenase Deficiency; Very Long Chain Acyl Coa Dehydrogenase Deficien",,,
E2014b4f,NCT05648851,COUNTRY:US,has_site_in,ctgov,https://clinicaltrials.gov/study/NCT05648851,2026-10-03,0.95,observed,supports,,,,,
E2fea033,NCT05648851,MONDO:0009658,studies,ctgov,https://clinicaltrials.gov/study/NCT05648851,2026-10-03,0.95,observed,supports,,Conditions: Sanfilippo Syndrome Type D,,,
Ebbbbd0c,ORG:Phoenix_Nest,NCT05648851,runs,ctgov,https://clinicaltrials.gov/study/NCT05648851,2026-10-03,0.95,observed,supports,,,,,
E500615d,NCT02298686,MONDO:0009658,studies,ctgov,https://clinicaltrials.gov/study/NCT02298686,2026-10-03,0.95,observed,supports,,Conditions: Mental Retardation; Developmental Delay,,,
E84ec676,RePORTER:R01NS131151,MONDO:0009658,studies,reporter,https://reporter.nih.gov/project-details/11266161,2026-10-03,0.95,observed,supports,,"In a recent trial for Sanfilippo syndrome, 1 patient died and others demonstrated concerning MRI changes at rAAV injection sites within the brain, halting the study.",,,
E18773e0,RePORTER:R01NS131151,MONDO:0009658,studies,reporter,https://reporter.nih.gov/project-details/11010758,2026-10-03,0.95,observed,supports,,"In a recent trial for Sanfilippo syndrome, 1 patient died and others demonstrated concerning MRI changes at rAAV injection sites within the brain, halting the study.",,,
Efc25d69,RePORTER:R01NS131151,MONDO:0009658,studies,reporter,https://reporter.nih.gov/project-details/10765673,2026-10-03,0.95,observed,supports,,"In a recent trial for Sanfilippo syndrome, 1 patient died and others demonstrated concerning MRI changes at rAAV injection sites within the brain, halting the study.",,,
Ec1eec8d,RePORTER:UB1NS122644,MONDO:0009658,studies,reporter,https://reporter.nih.gov/project-details/10893861,2026-10-03,0.95,observed,supports,,We have focused on MPS IIID caused by a deficiency of alpha-N- acetylglucosamine-6-sulfatase (GNS).,,,
E87601f6,PERSON:15847694,RePORTER:UB1NS122644,pi_of,reporter,https://reporter.nih.gov/project-details/10893861,2026-10-03,0.95,observed,supports,,,,,
E4b8ddb1,ORG:NIH_NINDS,RePORTER:UB1NS122644,funds,reporter,https://reporter.nih.gov/project-details/10893861,2026-10-03,0.95,observed,supports,,,,,
E360c9c5,RePORTER:UB1NS122644,MONDO:0009658,studies,reporter,https://reporter.nih.gov/project-details/10831385,2026-10-03,0.95,observed,supports,,We have focused on MPS IIID caused by a deficiency of alpha-N- acetylglucosamine-6-sulfatase (GNS).,,,
Ee9e2a13,PERSON:15847694,RePORTER:UB1NS122644,pi_of,reporter,https://reporter.nih.gov/project-details/10831385,2026-10-03,0.95,observed,supports,,,,,
E89dde9b,ORG:NIH_NINDS,RePORTER:UB1NS122644,funds,reporter,https://reporter.nih.gov/project-details/10831385,2026-10-03,0.95,observed,supports,,,,,
Ed94199b,PMID:42017430,MONDO:0009658,mentions,pubmed,https://pubmed.ncbi.nlm.nih.gov/42017430/,2026-10-03,0.95,observed,supports,,Mucopolysaccharidosis IIID and Beta-Mannosidosis in Brazilian Anglo-Nubian Goats: Molecular and Genealogical Insights for the Development and Implementation of a Genetic Disease Eradication Program.,,,
E8d8ca95,PMID:38128203,MONDO:0009658,mentions,pubmed,https://pubmed.ncbi.nlm.nih.gov/38128203/,2026-10-03,0.95,observed,supports,,Tandem mass spectrometric assay of N-acetylglucosamine-6-sulfatase for multiplex analysis of mucopolysaccharidosis-IIID in dried blood spots.,,,
Eb40075a,PMID:37487748,MONDO:0009658,mentions,pubmed,https://pubmed.ncbi.nlm.nih.gov/37487748/,2026-10-03,0.95,observed,supports,,Child Neurology: Mucopolysaccharidosis IIID: Evidence From Ultrastructural and Genomic Study.,,,
E75e9aed,PMID:33320673,MONDO:0009658,mentions,pubmed,https://pubmed.ncbi.nlm.nih.gov/33320673/,2026-10-03,0.95,observed,supports,,Enzyme Replacement Therapy for Mucopolysaccharidosis IIID using Recombinant Human α-N-Acetylglucosamine-6-Sulfatase in Neonatal Mice.,,,
E8868f61,PMID:28334745,MONDO:0009658,mentions,pubmed,https://pubmed.ncbi.nlm.nih.gov/28334745/,2026-10-03,0.95,observed,supports,,Disease correction by AAV-mediated gene therapy in a new mouse model of mucopolysaccharidosis type IIID.,,,
E861145c,NCT06488924,MONDO:0011758,studies,ctgov,https://clinicaltrials.gov/study/NCT06488924,2026-10-03,0.95,observed,supports,,Conditions: Mucopolysaccharidosis III-B,,,
E5b80b7a,NCT07640984,MONDO:0011758,studies,ctgov,https://clinicaltrials.gov/study/NCT07640984,2026-10-03,0.95,observed,supports,,Conditions: Mucopolysaccharidosis IIIB,,,
Ee7259bb,NCT00004738,COUNTRY:US,has_site_in,ctgov,https://clinicaltrials.gov/study/NCT00004738,2026-10-03,0.95,observed,supports,,,,,
Ed8176bf,NCT00004738,COUNTRY:RU,has_site_in,ctgov,https://clinicaltrials.gov/study/NCT00004738,2026-10-03,0.95,observed,supports,,,,,
Eabc1746,NCT00004738,MONDO:0011758,studies,ctgov,https://clinicaltrials.gov/study/NCT00004738,2026-10-03,0.95,observed,supports,,Conditions: Syringomyelia; Type I Arnold Chiari Malformation,,,
E5d79bba,ORG:National_Institute_of_Neurological_Disor,NCT00004738,runs,ctgov,https://clinicaltrials.gov/study/NCT00004738,2026-10-03,0.95,observed,supports,,,,,
E5619f09,NCT06095388,COUNTRY:DE,has_site_in,ctgov,https://clinicaltrials.gov/study/NCT06095388,2026-10-03,0.95,observed,supports,,,,,
Eaeeff97,NCT06095388,MONDO:0011758,studies,ctgov,https://clinicaltrials.gov/study/NCT06095388,2026-10-03,0.95,observed,supports,,Conditions: Mucopolysaccharidosis III-A,,,
E8c9bb4f,ORG:JCR_Pharmaceuticals_Co_Ltd,NCT06095388,runs,ctgov,https://clinicaltrials.gov/study/NCT06095388,2026-10-03,0.95,observed,supports,,,,,
E58f27df,NCT06095388,INTERVENTION:JR_441,tests,ctgov,https://clinicaltrials.gov/study/NCT06095388,2026-10-03,0.95,observed,supports,,,,,
Ea0618b3,NCT04628871,COUNTRY:US,has_site_in,ctgov,https://clinicaltrials.gov/study/NCT04628871,2026-10-03,0.95,observed,supports,,,,,
E811d9f2,NCT04628871,MONDO:0011758,studies,ctgov,https://clinicaltrials.gov/study/NCT04628871,2026-10-03,0.95,observed,supports,,Conditions: Hemophilia B; Mucopolysaccharidosis I; Mucopolysaccharidosis II,,,
Ecaf12a1,ORG:Sangamo_Therapeutics,NCT04628871,runs,ctgov,https://clinicaltrials.gov/study/NCT04628871,2026-10-03,0.95,observed,supports,,,,,
Ecf092bd,NCT04628871,INTERVENTION:SB_318,tests,ctgov,https://clinicaltrials.gov/study/NCT04628871,2026-10-03,0.95,observed,supports,,,,,
Ef203dcd,NCT04628871,INTERVENTION:SB_913,tests,ctgov,https://clinicaltrials.gov/study/NCT04628871,2026-10-03,0.95,observed,supports,,,,,
Effde60c,NCT04628871,INTERVENTION:SB_FIX,tests,ctgov,https://clinicaltrials.gov/study/NCT04628871,2026-10-03,0.95,observed,supports,,,,,
Efec0abc,RePORTER:F32GM153031,MONDO:0011758,studies,reporter,https://reporter.nih.gov/project-details/11296879,2026-10-03,0.95,observed,supports,,"For instance, mutations causing severe combined immunodeficiency (SCID) and Hurler syndrome are potentially reversible by adenine targeting base editors, yet inaccessible by current methods due to the proximity of another editable adenine bases to the target site.",,,
Ec6285fb,PERSON:15679031,RePORTER:F32GM153031,pi_of,reporter,https://reporter.nih.gov/project-details/11296879,2026-10-03,0.95,observed,supports,,,,,
E941b226,ORG:NIH_NIGMS,RePORTER:F32GM153031,funds,reporter,https://reporter.nih.gov/project-details/11296879,2026-10-03,0.95,observed,supports,,,,,
E3eecbab,RePORTER:R44NS143501,MONDO:0011758,studies,reporter,https://reporter.nih.gov/project-details/11417197,2026-10-03,0.95,observed,supports,,MPS I is a rare lysosomal storage disease (LSD) caused by autosomal recessive defects in α-L-iduronidase (IDUA).,,,
E5f0dac2,PERSON:6409365,RePORTER:R44NS143501,pi_of,reporter,https://reporter.nih.gov/project-details/11417197,2026-10-03,0.95,observed,supports,,,,,
Ee3fd178,ORG:NIH_NINDS,RePORTER:R44NS143501,funds,reporter,https://reporter.nih.gov/project-details/11417197,2026-10-03,0.95,observed,supports,,,,,
Ec27516a,RePORTER:U19NS132301,MONDO:0011758,studies,reporter,https://reporter.nih.gov/project-details/11389365,2026-10-03,0.95,observed,supports,,"PROJECT SUMMARY Mucopolysaccharidosis type I (MPSI, Hurler syndrome) is an autosomal recessive lysosomal storage disease in which pathology begins before birth and untreated children die of cardiorespiratory complications by 10 years of age.",,,
E8717a60,PERSON:1943648,RePORTER:U19NS132301,pi_of,reporter,https://reporter.nih.gov/project-details/11389365,2026-10-03,0.95,observed,supports,,,,,
E1701055,ORG:NIH_NINDS,RePORTER:U19NS132301,funds,reporter,https://reporter.nih.gov/project-details/11389365,2026-10-03,0.95,observed,supports,,,,,
E3b9159d,RePORTER:R01NS132504,MONDO:0011758,studies,reporter,https://reporter.nih.gov/project-details/11264882,2026-10-03,0.95,observed,supports,,"Using a mouse model of Hurler syndrome (severe mucopolysaccharidosis type I, MPS I), which is caused by the deficiency of α-L- iduronidase (IDUA), we demonstrated functional rescue of M6PR-mediated IDUA transfer in the brain of double- knockout (MPS/miR-143KO) mice with long-term CNS therapeutic",,,
E554c292,PERSON:6652183,RePORTER:R01NS132504,pi_of,reporter,https://reporter.nih.gov/project-details/11264882,2026-10-03,0.95,observed,supports,,,,,
E21a8a49,ORG:NIH_NINDS,RePORTER:R01NS132504,funds,reporter,https://reporter.nih.gov/project-details/11264882,2026-10-03,0.95,observed,supports,,,,,
Eece15aa,RePORTER:R61NS149137,MONDO:0011758,studies,reporter,https://reporter.nih.gov/project-details/11358501,2026-10-03,0.95,observed,supports,,"Many LSDs, including Mucopolysaccharidosis Type I (MPS I, Hurler Syndrome), are life- limiting conditions with multisystem involvement and central nervous system (CNS) pathology.",,,
E7fe8591,PERSON:80910868,RePORTER:R61NS149137,pi_of,reporter,https://reporter.nih.gov/project-details/11358501,2026-10-03,0.95,observed,supports,,,,,
Eaec07c3,PERSON:10717409,RePORTER:R61NS149137,pi_of,reporter,https://reporter.nih.gov/project-details/11358501,2026-10-03,0.95,observed,supports,,,,,
E162c44d,ORG:NIH_NINDS,RePORTER:R61NS149137,funds,reporter,https://reporter.nih.gov/project-details/11358501,2026-10-03,0.95,observed,supports,,,,,
E1eaf35c,PMID:42685558,MONDO:0011758,mentions,pubmed,https://pubmed.ncbi.nlm.nih.gov/42685558/,2026-10-03,0.95,observed,supports,,"Disruptions in speech, language and social communication in lysosomal storage diseases.",,,
Ec2d5db7,PMID:42161901,MONDO:0011758,mentions,pubmed,https://pubmed.ncbi.nlm.nih.gov/42161901/,2026-10-03,0.95,observed,supports,,Homozygous R383H variant in IDUA gene causing pericentric retinitis pigmentosa in attenuated mucopolysaccharidosis type I.,,,
E29f364f,PMID:42818411,MONDO:0011758,mentions,pubmed,https://pubmed.ncbi.nlm.nih.gov/42818411/,2026-10-03,0.95,observed,supports,,Metabolomic profiling in treated mucopolysaccharidosis IH reveals candidate biomarkers and adjunctive therapeutic pathways.,,,
E88b8a79,PMID:42707122,MONDO:0011758,mentions,pubmed,https://pubmed.ncbi.nlm.nih.gov/42707122/,2026-10-03,0.95,observed,supports,,Unmasking Mucopolysaccharidosis Type I in a Patient With Wolf-Hirschhorn Syndrome: Diagnostic Overshadowing.,,,
E804abee,PMID:42228852,MONDO:0011758,mentions,pubmed,https://pubmed.ncbi.nlm.nih.gov/42228852/,2026-10-03,0.95,observed,supports,,A comparison of tension-band plate growth modulation in mucopolysaccharidoses versus idiopathic angular deformities.,,,
E3c52cb2,NCT04573023,COUNTRY:US,has_site_in,ctgov,https://clinicaltrials.gov/study/NCT04573023,2026-10-03,0.95,observed,supports,,,,,
Ee95854d,NCT04573023,COUNTRY:AR,has_site_in,ctgov,https://clinicaltrials.gov/study/NCT04573023,2026-10-03,0.95,observed,supports,,,,,
E8500988,NCT04573023,COUNTRY:BR,has_site_in,ctgov,https://clinicaltrials.gov/study/NCT04573023,2026-10-03,0.95,observed,supports,,,,,
E32f2753,NCT04573023,COUNTRY:CO,has_site_in,ctgov,https://clinicaltrials.gov/study/NCT04573023,2026-10-03,0.95,observed,supports,,,,,
Eb0ba726,NCT04573023,COUNTRY:FR,has_site_in,ctgov,https://clinicaltrials.gov/study/NCT04573023,2026-10-03,0.95,observed,supports,,,,,
E235fcc9,NCT04573023,COUNTRY:DE,has_site_in,ctgov,https://clinicaltrials.gov/study/NCT04573023,2026-10-03,0.95,observed,supports,,,,,
E22d0d05,NCT04573023,COUNTRY:IL,has_site_in,ctgov,https://clinicaltrials.gov/study/NCT04573023,2026-10-03,0.95,observed,supports,,,,,
Ebcda6f1,NCT04573023,COUNTRY:IT,has_site_in,ctgov,https://clinicaltrials.gov/study/NCT04573023,2026-10-03,0.95,observed,supports,,,,,
E4e6eddb,NCT04573023,COUNTRY:PL,has_site_in,ctgov,https://clinicaltrials.gov/study/NCT04573023,2026-10-03,0.95,observed,supports,,,,,
E041e14d,NCT04573023,COUNTRY:ES,has_site_in,ctgov,https://clinicaltrials.gov/study/NCT04573023,2026-10-03,0.95,observed,supports,,,,,
E0809aa5,NCT04573023,COUNTRY:TR,has_site_in,ctgov,https://clinicaltrials.gov/study/NCT04573023,2026-10-03,0.95,observed,supports,,,,,
E08ba6c3,NCT04573023,COUNTRY:GB,has_site_in,ctgov,https://clinicaltrials.gov/study/NCT04573023,2026-10-03,0.95,observed,supports,,,,,
Ee30ed6b,NCT04573023,MONDO:0010674,studies,ctgov,https://clinicaltrials.gov/study/NCT04573023,2026-10-03,0.95,observed,supports,,Conditions: Mucopolysaccharidosis II,,,
E6eb17af,ORG:JCR_Pharmaceuticals_Co_Ltd,NCT04573023,runs,ctgov,https://clinicaltrials.gov/study/NCT04573023,2026-10-03,0.95,observed,supports,,,,,
E4092bd0,NCT04573023,INTERVENTION:JR_141,tests,ctgov,https://clinicaltrials.gov/study/NCT04573023,2026-10-03,0.95,observed,supports,,,,,
E9917bba,NCT04573023,INTERVENTION:Idursulfase,tests,ctgov,https://clinicaltrials.gov/study/NCT04573023,2026-10-03,0.95,observed,supports,,,,,
E4ce6bb4,NCT04573023,INTERVENTION:JR_141_or_Idursulfase,tests,ctgov,https://clinicaltrials.gov/study/NCT04573023,2026-10-03,0.95,observed,supports,,,,,
E4fbc54e,NCT06488924,MONDO:0010674,studies,ctgov,https://clinicaltrials.gov/study/NCT06488924,2026-10-03,0.95,observed,supports,,Conditions: Mucopolysaccharidosis III-B,,,
E5525a91,NCT07640984,MONDO:0010674,studies,ctgov,https://clinicaltrials.gov/study/NCT07640984,2026-10-03,0.95,observed,supports,,Conditions: Mucopolysaccharidosis IIIB,,,
Ea810d6b,NCT05208281,COUNTRY:RU,has_site_in,ctgov,https://clinicaltrials.gov/study/NCT05208281,2026-10-03,0.95,observed,supports,,,,,
E7911ac7,NCT05208281,MONDO:0010674,studies,ctgov,https://clinicaltrials.gov/study/NCT05208281,2026-10-03,0.95,observed,supports,,Conditions: Mucopolysaccharidosis Type II; Metabolic Diseases,,,
E7d237d1,ORG:AO_GENERIUM,NCT05208281,runs,ctgov,https://clinicaltrials.gov/study/NCT05208281,2026-10-03,0.95,observed,supports,,,,,
Ee13c262,NCT05208281,INTERVENTION:GNR_055_1_0_2_0_3_0_mg_kg,tests,ctgov,https://clinicaltrials.gov/study/NCT05208281,2026-10-03,0.95,observed,supports,,,,,
Ea4f59ad,NCT05208281,INTERVENTION:GNR_055_2_0_mg_kg,tests,ctgov,https://clinicaltrials.gov/study/NCT05208281,2026-10-03,0.95,observed,supports,,,,,
Ed7959da,NCT05208281,INTERVENTION:GNR_055_3_0_mg_kg,tests,ctgov,https://clinicaltrials.gov/study/NCT05208281,2026-10-03,0.95,observed,supports,,,,,
Ecf42eaf,NCT05371613,COUNTRY:US,has_site_in,ctgov,https://clinicaltrials.gov/study/NCT05371613,2026-10-03,0.95,observed,supports,,,,,
Ef4d174d,NCT05371613,COUNTRY:AR,has_site_in,ctgov,https://clinicaltrials.gov/study/NCT05371613,2026-10-03,0.95,observed,supports,,,,,
E38e2e79,NCT05371613,COUNTRY:BE,has_site_in,ctgov,https://clinicaltrials.gov/study/NCT05371613,2026-10-03,0.95,observed,supports,,,,,
E45d7384,NCT05371613,COUNTRY:BR,has_site_in,ctgov,https://clinicaltrials.gov/study/NCT05371613,2026-10-03,0.95,observed,supports,,,,,
Eb24e51e,NCT05371613,COUNTRY:CA,has_site_in,ctgov,https://clinicaltrials.gov/study/NCT05371613,2026-10-03,0.95,observed,supports,,,,,
Ea24225a,NCT05371613,COUNTRY:CZ,has_site_in,ctgov,https://clinicaltrials.gov/study/NCT05371613,2026-10-03,0.95,observed,supports,,,,,
Ea0d0982,NCT05371613,COUNTRY:FR,has_site_in,ctgov,https://clinicaltrials.gov/study/NCT05371613,2026-10-03,0.95,observed,supports,,,,,
E11806d0,NCT05371613,COUNTRY:DE,has_site_in,ctgov,https://clinicaltrials.gov/study/NCT05371613,2026-10-03,0.95,observed,supports,,,,,
E0fd4240,NCT05371613,COUNTRY:IT,has_site_in,ctgov,https://clinicaltrials.gov/study/NCT05371613,2026-10-03,0.95,observed,supports,,,,,
E04c3ae6,NCT05371613,COUNTRY:NL,has_site_in,ctgov,https://clinicaltrials.gov/study/NCT05371613,2026-10-03,0.95,observed,supports,,,,,
Eaf430a8,NCT05371613,COUNTRY:ES,has_site_in,ctgov,https://clinicaltrials.gov/study/NCT05371613,2026-10-03,0.95,observed,supports,,,,,
E16cb79d,NCT05371613,COUNTRY:SE,has_site_in,ctgov,https://clinicaltrials.gov/study/NCT05371613,2026-10-03,0.95,observed,supports,,,,,
Ea73d710,NCT05371613,COUNTRY:TR,has_site_in,ctgov,https://clinicaltrials.gov/study/NCT05371613,2026-10-03,0.95,observed,supports,,,,,
Efd80a3a,NCT05371613,COUNTRY:GB,has_site_in,ctgov,https://clinicaltrials.gov/study/NCT05371613,2026-10-03,0.95,observed,supports,,,,,
Ec92098b,NCT05371613,MONDO:0010674,studies,ctgov,https://clinicaltrials.gov/study/NCT05371613,2026-10-03,0.95,observed,supports,,Conditions: Mucopolysaccharidosis II,,,
E24c408b,ORG:Denali_Therapeutics_Inc,NCT05371613,runs,ctgov,https://clinicaltrials.gov/study/NCT05371613,2026-10-03,0.95,observed,supports,,,,,
E00a6f85,NCT05371613,INTERVENTION:tividenofusp_alfa,tests,ctgov,https://clinicaltrials.gov/study/NCT05371613,2026-10-03,0.95,observed,supports,,,,,
Ed6ac932,NCT05371613,INTERVENTION:idursulfase,tests,ctgov,https://clinicaltrials.gov/study/NCT05371613,2026-10-03,0.95,observed,supports,,,,,
E4f7cf86,RePORTER:R01NS132057,MONDO:0010674,studies,reporter,https://reporter.nih.gov/project-details/11325066,2026-10-03,0.95,observed,supports,,"We will apply the technology to the comprehensive functional assessment of variants in IDS, the gene responsible for Hunter syndrome.",,,
E5f5b9ba,PERSON:8690084,RePORTER:R01NS132057,pi_of,reporter,https://reporter.nih.gov/project-details/11325066,2026-10-03,0.95,observed,supports,,,,,
E9090be4,PERSON:8251653,RePORTER:R01NS132057,pi_of,reporter,https://reporter.nih.gov/project-details/11325066,2026-10-03,0.95,observed,supports,,,,,
E4e8db2b,ORG:NIH_NINDS,RePORTER:R01NS132057,funds,reporter,https://reporter.nih.gov/project-details/11325066,2026-10-03,0.95,observed,supports,,,,,
E62484e3,RePORTER:R01NS132057,MONDO:0010674,studies,reporter,https://reporter.nih.gov/project-details/11056725,2026-10-03,0.95,observed,supports,,"We will apply the technology to the comprehensive functional assessment of variants in IDS, the gene responsible for Hunter syndrome.",,,
Ec76d4a9,PERSON:8690084,RePORTER:R01NS132057,pi_of,reporter,https://reporter.nih.gov/project-details/11056725,2026-10-03,0.95,observed,supports,,,,,
Ebe05552,PERSON:8251653,RePORTER:R01NS132057,pi_of,reporter,https://reporter.nih.gov/project-details/11056725,2026-10-03,0.95,observed,supports,,,,,
Ebbbe988,ORG:NIH_NINDS,RePORTER:R01NS132057,funds,reporter,https://reporter.nih.gov/project-details/11056725,2026-10-03,0.95,observed,supports,,,,,
E5a56eb4,RePORTER:R01NS132057,MONDO:0010674,studies,reporter,https://reporter.nih.gov/project-details/10813739,2026-10-03,0.95,observed,supports,,"We will apply the technology to the comprehensive functional assessment of variants in IDS, the gene responsible for Hunter syndrome.",,,
E495a0ad,PERSON:8690084,RePORTER:R01NS132057,pi_of,reporter,https://reporter.nih.gov/project-details/10813739,2026-10-03,0.95,observed,supports,,,,,
E3a84fb2,PERSON:8251653,RePORTER:R01NS132057,pi_of,reporter,https://reporter.nih.gov/project-details/10813739,2026-10-03,0.95,observed,supports,,,,,
Eda8264c,ORG:NIH_NINDS,RePORTER:R01NS132057,funds,reporter,https://reporter.nih.gov/project-details/10813739,2026-10-03,0.95,observed,supports,,,,,
Ecf8456f,PMID:42815349,MONDO:0010674,mentions,pubmed,https://pubmed.ncbi.nlm.nih.gov/42815349/,2026-10-03,0.95,observed,supports,,"Hunter syndrome (mucopolysaccharidosis type II): Molecular mechanisms, CNS biomarkers, and emerging therapeutic strategies.",,,
E8929765,PMID:42803740,MONDO:0010674,mentions,pubmed,https://pubmed.ncbi.nlm.nih.gov/42803740/,2026-10-03,0.95,observed,supports,,Uveal Effusion in Mucopolysaccharidosis Type II.,,,
Ee44e904,PMID:42767399,MONDO:0010674,mentions,pubmed,https://pubmed.ncbi.nlm.nih.gov/42767399/,2026-10-03,0.95,observed,supports,,Development and validation of an ELISA-based assay for detecting anti-idursulfase beta IgE antibodies in human serum using a conjugated IgG-IgE positive control antibody.,,,
Ef6a49cc,PMID:42818719,MONDO:0010674,mentions,pubmed,https://pubmed.ncbi.nlm.nih.gov/42818719/,2026-10-03,0.95,observed,supports,,Adjunctive nebulization of Idursulfase to intravenous treatment enhances cardiac proteome adaptations in IDS-KO mice.,,,
E5e6dc71,PMID:42746189,MONDO:0010674,mentions,pubmed,https://pubmed.ncbi.nlm.nih.gov/42746189/,2026-10-03,0.95,observed,supports,,Breaking Biological Barriers: Engineering Nanocarriers for Efficient Drug and Gene Delivery through Nano-Bio Interfaces and Biophysical Design.,,,
Eb143273,NCT07834320,COUNTRY:TW,has_site_in,ctgov,https://clinicaltrials.gov/study/NCT07834320,2026-10-03,0.95,observed,supports,,,,,
Ee77aa3e,NCT07834320,MONDO:0017694,studies,ctgov,https://clinicaltrials.gov/study/NCT07834320,2026-10-03,0.95,observed,supports,,Conditions: Pompe Disease,,,
E05add6f,ORG:National_Taiwan_University_Hospital,NCT07834320,runs,ctgov,https://clinicaltrials.gov/study/NCT07834320,2026-10-03,0.95,observed,supports,,,,,
E3f6f261,NCT06150820,COUNTRY:US,has_site_in,ctgov,https://clinicaltrials.gov/study/NCT06150820,2026-10-03,0.95,observed,supports,,,,,
E0c7b3d4,NCT06150820,COUNTRY:AU,has_site_in,ctgov,https://clinicaltrials.gov/study/NCT06150820,2026-10-03,0.95,observed,supports,,,,,
E39d5c99,NCT06150820,COUNTRY:BR,has_site_in,ctgov,https://clinicaltrials.gov/study/NCT06150820,2026-10-03,0.95,observed,supports,,,,,
Efef54a7,NCT06150820,COUNTRY:CA,has_site_in,ctgov,https://clinicaltrials.gov/study/NCT06150820,2026-10-03,0.95,observed,supports,,,,,
Eb9a04d8,NCT06150820,COUNTRY:FR,has_site_in,ctgov,https://clinicaltrials.gov/study/NCT06150820,2026-10-03,0.95,observed,supports,,,,,
Ecaeb030,NCT06150820,COUNTRY:DE,has_site_in,ctgov,https://clinicaltrials.gov/study/NCT06150820,2026-10-03,0.95,observed,supports,,,,,
Eb13f329,NCT06150820,COUNTRY:IT,has_site_in,ctgov,https://clinicaltrials.gov/study/NCT06150820,2026-10-03,0.95,observed,supports,,,,,
Ed38dce8,NCT06150820,COUNTRY:JP,has_site_in,ctgov,https://clinicaltrials.gov/study/NCT06150820,2026-10-03,0.95,observed,supports,,,,,
Ed1c60d5,NCT06150820,COUNTRY:ES,has_site_in,ctgov,https://clinicaltrials.gov/study/NCT06150820,2026-10-03,0.95,observed,supports,,,,,
E3677b3b,NCT06150820,COUNTRY:TW,has_site_in,ctgov,https://clinicaltrials.gov/study/NCT06150820,2026-10-03,0.95,observed,supports,,,,,
E79d02e1,NCT06150820,COUNTRY:GB,has_site_in,ctgov,https://clinicaltrials.gov/study/NCT06150820,2026-10-03,0.95,observed,supports,,,,,
Ec9cdaf8,NCT06150820,MONDO:0017694,studies,ctgov,https://clinicaltrials.gov/study/NCT06150820,2026-10-03,0.95,observed,supports,,Conditions: Pompe Disease (Late-onset),,,
E7687445,ORG:Astellas_Gene_Therapies,NCT06150820,runs,ctgov,https://clinicaltrials.gov/study/NCT06150820,2026-10-03,0.95,observed,supports,,,,,
Ed1cb82b,NCT03911505,COUNTRY:US,has_site_in,ctgov,https://clinicaltrials.gov/study/NCT03911505,2026-10-03,0.95,observed,supports,,,,,
E0a10c17,NCT03911505,COUNTRY:AU,has_site_in,ctgov,https://clinicaltrials.gov/study/NCT03911505,2026-10-03,0.95,observed,supports,,,,,
E830d74f,NCT03911505,COUNTRY:CA,has_site_in,ctgov,https://clinicaltrials.gov/study/NCT03911505,2026-10-03,0.95,observed,supports,,,,,
Efd56386,NCT03911505,COUNTRY:DE,has_site_in,ctgov,https://clinicaltrials.gov/study/NCT03911505,2026-10-03,0.95,observed,supports,,,,,
Eccbeb90,NCT03911505,COUNTRY:IT,has_site_in,ctgov,https://clinicaltrials.gov/study/NCT03911505,2026-10-03,0.95,observed,supports,,,,,
Eb1db85c,NCT03911505,COUNTRY:JP,has_site_in,ctgov,https://clinicaltrials.gov/study/NCT03911505,2026-10-03,0.95,observed,supports,,,,,
E4d943dc,NCT03911505,MONDO:0017694,studies,ctgov,https://clinicaltrials.gov/study/NCT03911505,2026-10-03,0.95,observed,supports,,Conditions: Pompe Disease (Late-onset),,,
Edbac865,ORG:Amicus_Therapeutics,NCT03911505,runs,ctgov,https://clinicaltrials.gov/study/NCT03911505,2026-10-03,0.95,observed,supports,,,,,
Ee74d13f,NCT03911505,INTERVENTION:Cipaglucosidase_Alfa,tests,ctgov,https://clinicaltrials.gov/study/NCT03911505,2026-10-03,0.95,observed,supports,,,,,
Ed5cbc50,NCT03911505,INTERVENTION:Miglustat,tests,ctgov,https://clinicaltrials.gov/study/NCT03911505,2026-10-03,0.95,observed,supports,,,,,
E8592216,NCT05164055,COUNTRY:FR,has_site_in,ctgov,https://clinicaltrials.gov/study/NCT05164055,2026-10-03,0.95,observed,supports,,,,,
E2e90d53,NCT05164055,MONDO:0017694,studies,ctgov,https://clinicaltrials.gov/study/NCT05164055,2026-10-03,0.95,observed,supports,,Conditions: Glycogen Storage Disease Type II,,,
E7147ec2,ORG:Genzyme_a_Sanofi_Company,NCT05164055,runs,ctgov,https://clinicaltrials.gov/study/NCT05164055,2026-10-03,0.95,observed,supports,,,,,
Ec435dd0,NCT05164055,INTERVENTION:Avalglucosidase_alfa_GZ402666,tests,ctgov,https://clinicaltrials.gov/study/NCT05164055,2026-10-03,0.95,observed,supports,,,,,
E5b01652,NCT03694561,COUNTRY:US,has_site_in,ctgov,https://clinicaltrials.gov/study/NCT03694561,2026-10-03,0.95,observed,supports,,,,,
E1929246,NCT03694561,MONDO:0017694,studies,ctgov,https://clinicaltrials.gov/study/NCT03694561,2026-10-03,0.95,observed,supports,,Conditions: Pompe Disease; Pompe Disease (Late-onset); GAA Deficiency,,,
E30ce9a7,ORG:Duke_University,NCT03694561,runs,ctgov,https://clinicaltrials.gov/study/NCT03694561,2026-10-03,0.95,observed,supports,,,,,
Eb7a8d74,RePORTER:R00HL161420,MONDO:0017694,studies,reporter,https://reporter.nih.gov/project-details/11263644,2026-10-03,0.95,observed,supports,,Novel Adjunctive Therapies for Pompe Disease,,,
E062dd82,PERSON:12357770,RePORTER:R00HL161420,pi_of,reporter,https://reporter.nih.gov/project-details/11263644,2026-10-03,0.95,observed,supports,,,,,
Ed988082,ORG:NIH_NHLBI,RePORTER:R00HL161420,funds,reporter,https://reporter.nih.gov/project-details/11263644,2026-10-03,0.95,observed,supports,,,,,
E523a0d8,RePORTER:R21HD122115,MONDO:0017694,studies,reporter,https://reporter.nih.gov/project-details/11357315,2026-10-03,0.95,observed,supports,,GYS1 Oligonucleotide Treatment as a Substrate Inhibitor for Pompe disease,,,
E68b2bd0,PERSON:6803749,RePORTER:R21HD122115,pi_of,reporter,https://reporter.nih.gov/project-details/11357315,2026-10-03,0.95,observed,supports,,,,,
E67f497e,ORG:NIH_NICHD,RePORTER:R21HD122115,funds,reporter,https://reporter.nih.gov/project-details/11357315,2026-10-03,0.95,observed,supports,,,,,
E24b51f5,RePORTER:U24HD121485,MONDO:0017694,studies,reporter,https://reporter.nih.gov/project-details/11334580,2026-10-03,0.95,observed,supports,,"The panel has already demonstrated success by implementing ACMG/AMP-based variant interpretation guidelines for IDUA and GAA, the genes implicated in MPS I and Pompe disease.",,,
E32ef15d,PERSON:15812635,RePORTER:U24HD121485,pi_of,reporter,https://reporter.nih.gov/project-details/11334580,2026-10-03,0.95,observed,supports,,,,,
E1295705,ORG:NIH_NICHD,RePORTER:U24HD121485,funds,reporter,https://reporter.nih.gov/project-details/11334580,2026-10-03,0.95,observed,supports,,,,,
E5d43ac1,RePORTER:T32AR083870,MONDO:0017694,studies,reporter,https://reporter.nih.gov/project-details/11345438,2026-10-03,0.95,observed,supports,,"Trainees also have opportunities/exposure to the multidisciplinary muscle clinics at UCI (UCI hosts thematic half day clinics in muscular dystrophy, myositis, Pompe Disease and GNE myopathy).",,,
E06bb758,PERSON:7369255,RePORTER:T32AR083870,pi_of,reporter,https://reporter.nih.gov/project-details/11345438,2026-10-03,0.95,observed,supports,,,,,
Ecdc9f1d,PERSON:6895967,RePORTER:T32AR083870,pi_of,reporter,https://reporter.nih.gov/project-details/11345438,2026-10-03,0.95,observed,supports,,,,,
E878a1e9,PERSON:2792229,RePORTER:T32AR083870,pi_of,reporter,https://reporter.nih.gov/project-details/11345438,2026-10-03,0.95,observed,supports,,,,,
E0b234d4,ORG:NIH_NIAMS,RePORTER:T32AR083870,funds,reporter,https://reporter.nih.gov/project-details/11345438,2026-10-03,0.95,observed,supports,,,,,
E2b72142,RePORTER:R01HD104814,MONDO:0017694,studies,reporter,https://reporter.nih.gov/project-details/11387708,2026-10-03,0.95,observed,supports,,"Enhancement of Newborn Screening Diagnostic Paradigms to Improve the Efficacy of Treatment for Krabbe Disease, Pompe Disease, and Mucopolysaccharidosis Type 1",,,
E11b06fa,PERSON:14751576,RePORTER:R01HD104814,pi_of,reporter,https://reporter.nih.gov/project-details/11387708,2026-10-03,0.95,observed,supports,,,,,
Ee9acdad,PERSON:6623546,RePORTER:R01HD104814,pi_of,reporter,https://reporter.nih.gov/project-details/11387708,2026-10-03,0.95,observed,supports,,,,,
E3fd67d6,ORG:NIH_NICHD,RePORTER:R01HD104814,funds,reporter,https://reporter.nih.gov/project-details/11387708,2026-10-03,0.95,observed,supports,,,,,
E3cafa86,PMID:42685558,MONDO:0017694,mentions,pubmed,https://pubmed.ncbi.nlm.nih.gov/42685558/,2026-10-03,0.95,observed,supports,,"Disruptions in speech, language and social communication in lysosomal storage diseases.",,,
E06874a7,PMID:42701350,MONDO:0017694,mentions,pubmed,https://pubmed.ncbi.nlm.nih.gov/42701350/,2026-10-03,0.95,observed,supports,,Epilepsy Is Part of the CNS Phenotype in Classic Infantile Pompe Disease.,,,
E5d108a3,PMID:42108746,MONDO:0017694,mentions,pubmed,https://pubmed.ncbi.nlm.nih.gov/42108746/,2026-10-03,0.95,observed,supports,,"Myotonia: Recognition, Evaluation, and Differential Diagnosis.",,,
E37227ff,PMID:42771559,MONDO:0017694,mentions,pubmed,https://pubmed.ncbi.nlm.nih.gov/42771559/,2026-10-03,0.95,observed,supports,,"A High-Fat, High-Protein, Carbohydrate-Restricted Dietary Interventions in Pompe Disease: A Case Series with Long-Term Follow-Up.",,,
E246e7bb,PMID:42748431,MONDO:0017694,mentions,pubmed,https://pubmed.ncbi.nlm.nih.gov/42748431/,2026-10-03,0.95,observed,supports,,Late-Onset Pompe Disease.,,,
Ed665e20,NCT00029965,COUNTRY:US,has_site_in,ctgov,https://clinicaltrials.gov/study/NCT00029965,2026-10-03,0.95,observed,supports,,,,,
E750208f,NCT00029965,MONDO:0009265,studies,ctgov,https://clinicaltrials.gov/study/NCT00029965,2026-10-03,0.95,observed,supports,,Conditions: Neurological Regression; Myoclonus; Cherry Red Spot; Brain Atrophy,,,
Eb614379,ORG:National_Human_Genome_Research_Institute,NCT00029965,runs,ctgov,https://clinicaltrials.gov/study/NCT00029965,2026-10-03,0.95,observed,supports,,,,,
E0c91255,NCT05669729,MONDO:0009265,studies,ctgov,https://clinicaltrials.gov/study/NCT05669729,2026-10-03,0.95,observed,supports,,Conditions: Gaucher Disease,,,
Ecfcc1e4,ORG:Takeda,NCT05669729,runs,ctgov,https://clinicaltrials.gov/study/NCT05669729,2026-10-03,0.95,observed,supports,,,,,
E1449560,NCT07847411,COUNTRY:CN,has_site_in,ctgov,https://clinicaltrials.gov/study/NCT07847411,2026-10-03,0.95,observed,supports,,,,,
Ec46e2f8,NCT07847411,MONDO:0009265,studies,ctgov,https://clinicaltrials.gov/study/NCT07847411,2026-10-03,0.95,observed,supports,,Conditions: Gaucher Disease; Gaucher Disease Type 1; Gaucher Disease Type 3,,,
Ea8b3215,ORG:CANbridge_Life_Sciences_Ltd,NCT07847411,runs,ctgov,https://clinicaltrials.gov/study/NCT07847411,2026-10-03,0.95,observed,supports,,,,,
Ef0d3d60,NCT07847411,INTERVENTION:Velaglucerase_beta,tests,ctgov,https://clinicaltrials.gov/study/NCT07847411,2026-10-03,0.95,observed,supports,,,,,
Ea2d7818,NCT07845188,MONDO:0009265,studies,ctgov,https://clinicaltrials.gov/study/NCT07845188,2026-10-03,0.95,observed,supports,,Conditions: Gaucher Disease,,,
E81251bb,ORG:Assiut_University,NCT07845188,runs,ctgov,https://clinicaltrials.gov/study/NCT07845188,2026-10-03,0.95,observed,supports,,,,,
E718140c,NCT00302146,COUNTRY:US,has_site_in,ctgov,https://clinicaltrials.gov/study/NCT00302146,2026-10-03,0.95,observed,supports,,,,,
Efaabe92,NCT00302146,MONDO:0009265,studies,ctgov,https://clinicaltrials.gov/study/NCT00302146,2026-10-03,0.95,observed,supports,,Conditions: Parkinson Disease; Gaucher Disease,,,
Eebd6e8b,ORG:National_Human_Genome_Research_Institute,NCT00302146,runs,ctgov,https://clinicaltrials.gov/study/NCT00302146,2026-10-03,0.95,observed,supports,,,,,
Eced0c79,NCT00302146,INTERVENTION:15_0_H20,tests,ctgov,https://clinicaltrials.gov/study/NCT00302146,2026-10-03,0.95,observed,supports,,,,,
Ee9bdefc,RePORTER:R43DK146746,MONDO:0009265,studies,reporter,https://reporter.nih.gov/project-details/11314731,2026-10-03,0.95,observed,supports,,Extended In Situ Production of Glucocerebrosidase (GCase) for the Treatment of Gaucher Disease,,,
Ee9791ad,PERSON:12210790,RePORTER:R43DK146746,pi_of,reporter,https://reporter.nih.gov/project-details/11314731,2026-10-03,0.95,observed,supports,,,,,
E099bb7a,PERSON:80054388,RePORTER:R43DK146746,pi_of,reporter,https://reporter.nih.gov/project-details/11314731,2026-10-03,0.95,observed,supports,,,,,
E94fa941,ORG:NIH_NIDDK,RePORTER:R43DK146746,funds,reporter,https://reporter.nih.gov/project-details/11314731,2026-10-03,0.95,observed,supports,,,,,
E071543e,RePORTER:R43TR006062,MONDO:0009265,studies,reporter,https://reporter.nih.gov/project-details/11405182,2026-10-03,0.95,observed,supports,,Engineered Tregs as a therapy to Gaucher syndrome,,,
Ea2f6cde,PERSON:11215239,RePORTER:R43TR006062,pi_of,reporter,https://reporter.nih.gov/project-details/11405182,2026-10-03,0.95,observed,supports,,,,,
E107bacb,ORG:NIH_NCATS,RePORTER:R43TR006062,funds,reporter,https://reporter.nih.gov/project-details/11405182,2026-10-03,0.95,observed,supports,,,,,
E6e9a867,RePORTER:R01NS138309,MONDO:0009265,studies,reporter,https://reporter.nih.gov/project-details/11380785,2026-10-03,0.95,observed,supports,,Systemic Enzyme Delivery by a Brain Targeted SapC-DOPS Nanocarrier for Treatment of Neuronopathic Gaucher Disease,,,
Ee5c100c,PERSON:2795867,RePORTER:R01NS138309,pi_of,reporter,https://reporter.nih.gov/project-details/11380785,2026-10-03,0.95,observed,supports,,,,,
E9471f75,PERSON:11084045,RePORTER:R01NS138309,pi_of,reporter,https://reporter.nih.gov/project-details/11380785,2026-10-03,0.95,observed,supports,,,,,
E839fdc8,ORG:NIH_NINDS,RePORTER:R01NS138309,funds,reporter,https://reporter.nih.gov/project-details/11380785,2026-10-03,0.95,observed,supports,,,,,
E3bc9616,RePORTER:R44GM154585,MONDO:0009265,studies,reporter,https://reporter.nih.gov/project-details/11316610,2026-10-03,0.95,observed,supports,,"In Aim 2, we will validate metD4’s translational utility by testing its ability to identify compounds of interest in in vivo models of two rare diseases: Familial Adenomatous Polyposis (FAP) and Gaucher Disease (GD).",,,
E5a848f0,PERSON:16435023,RePORTER:R44GM154585,pi_of,reporter,https://reporter.nih.gov/project-details/11316610,2026-10-03,0.95,observed,supports,,,,,
Eea9353e,ORG:NIH_NIGMS,RePORTER:R44GM154585,funds,reporter,https://reporter.nih.gov/project-details/11316610,2026-10-03,0.95,observed,supports,,,,,
Ec7ea9a9,RePORTER:R37CA269611,MONDO:0009265,studies,reporter,https://reporter.nih.gov/project-details/11319889,2026-10-03,0.95,observed,supports,,"We have uncovered a novel onco-metabolic feature in TNBC wherein cancer cells exploit a sphingomyelin lipid scavenging phenotype that is targetable through repurposing of the selective glucosylceramide synthase inhibitor eliglustat, an FDA approved drug for treatment of Gaucher Disease.",,,
E7fd482f,PERSON:14158591,RePORTER:R37CA269611,pi_of,reporter,https://reporter.nih.gov/project-details/11319889,2026-10-03,0.95,observed,supports,,,,,
E4beb3bc,ORG:NIH_NCI,RePORTER:R37CA269611,funds,reporter,https://reporter.nih.gov/project-details/11319889,2026-10-03,0.95,observed,supports,,,,,
Ed1f258b,PMID:42774662,MONDO:0009265,mentions,pubmed,https://pubmed.ncbi.nlm.nih.gov/42774662/,2026-10-03,0.95,observed,supports,,Clinical course and biomarkers in patients with type 1 Gaucher disease and Parkinson's disease: A retrospective cohort study.,,,
Ee9bcef0,PMID:42761608,MONDO:0009265,mentions,pubmed,https://pubmed.ncbi.nlm.nih.gov/42761608/,2026-10-03,0.95,observed,supports,,Computational evaluation of EPA-PC binding to GCase in neuronopathic Gaucher disease.,,,
E984a4bd,PMID:42685558,MONDO:0009265,mentions,pubmed,https://pubmed.ncbi.nlm.nih.gov/42685558/,2026-10-03,0.95,observed,supports,,"Disruptions in speech, language and social communication in lysosomal storage diseases.",,,
Ee2c3f8c,PMID:42229236,MONDO:0009265,mentions,pubmed,https://pubmed.ncbi.nlm.nih.gov/42229236/,2026-10-03,0.95,observed,supports,,Multivalent C2-alkyl trihydroxypiperidine architectures modulate β-glucocerebrosidase activity.,,,
Ea3cef66,PMID:42155171,MONDO:0009265,mentions,pubmed,https://pubmed.ncbi.nlm.nih.gov/42155171/,2026-10-03,0.95,observed,supports,,"Targeting lysosomal dysfunction with small-molecule TRPML1 ligands: Therapeutic opportunities in lysosomal storage disorders, neurodegeneration and beyond.",,,
Ebaf84c8,NCT06270316,COUNTRY:US,has_site_in,ctgov,https://clinicaltrials.gov/study/NCT06270316,2026-10-03,0.95,observed,supports,,,,,
Ec26ea35,NCT06270316,MONDO:0010526,studies,ctgov,https://clinicaltrials.gov/study/NCT06270316,2026-10-03,0.95,observed,supports,,Conditions: Fabry Disease,,,
E992a387,ORG:UniQure_Biopharma_B_V,NCT06270316,runs,ctgov,https://clinicaltrials.gov/study/NCT06270316,2026-10-03,0.95,observed,supports,,,,,
E51e1c00,NCT06270316,INTERVENTION:AMT_191,tests,ctgov,https://clinicaltrials.gov/study/NCT06270316,2026-10-03,0.95,observed,supports,,,,,
Ef495801,NCT07495410,COUNTRY:CZ,has_site_in,ctgov,https://clinicaltrials.gov/study/NCT07495410,2026-10-03,0.95,observed,supports,,,,,
E68b5013,NCT07495410,MONDO:0010526,studies,ctgov,https://clinicaltrials.gov/study/NCT07495410,2026-10-03,0.95,observed,supports,,Conditions: Fabry Disease,,,
Eb9aa35c,ORG:General_University_Hospital_Prague,NCT07495410,runs,ctgov,https://clinicaltrials.gov/study/NCT07495410,2026-10-03,0.95,observed,supports,,,,,
Efcb6cbb,NCT07494058,COUNTRY:MX,has_site_in,ctgov,https://clinicaltrials.gov/study/NCT07494058,2026-10-03,0.95,observed,supports,,,,,
Efeb4c09,NCT07494058,MONDO:0010526,studies,ctgov,https://clinicaltrials.gov/study/NCT07494058,2026-10-03,0.95,observed,supports,,Conditions: Lysosomal Disease,,,
Ecb7c3ab,ORG:Takeda,NCT07494058,runs,ctgov,https://clinicaltrials.gov/study/NCT07494058,2026-10-03,0.95,observed,supports,,,,,
E5fa73db,NCT06906367,COUNTRY:US,has_site_in,ctgov,https://clinicaltrials.gov/study/NCT06906367,2026-10-03,0.95,observed,supports,,,,,
Ea2c0813,NCT06906367,MONDO:0010526,studies,ctgov,https://clinicaltrials.gov/study/NCT06906367,2026-10-03,0.95,observed,supports,,Conditions: Fabry Disease,,,
E1a2c110,ORG:Amicus_Therapeutics,NCT06906367,runs,ctgov,https://clinicaltrials.gov/study/NCT06906367,2026-10-03,0.95,observed,supports,,,,,
Ee204e48,NCT06906367,INTERVENTION:migalastat_HCl,tests,ctgov,https://clinicaltrials.gov/study/NCT06906367,2026-10-03,0.95,observed,supports,,,,,
E68f4368,NCT06906367,INTERVENTION:ERT,tests,ctgov,https://clinicaltrials.gov/study/NCT06906367,2026-10-03,0.95,observed,supports,,,,,
E3053ed8,NCT04040049,COUNTRY:US,has_site_in,ctgov,https://clinicaltrials.gov/study/NCT04040049,2026-10-03,0.95,observed,supports,,,,,
E05cc8ba,NCT04040049,COUNTRY:AT,has_site_in,ctgov,https://clinicaltrials.gov/study/NCT04040049,2026-10-03,0.95,observed,supports,,,,,
E4cf6e88,NCT04040049,COUNTRY:CA,has_site_in,ctgov,https://clinicaltrials.gov/study/NCT04040049,2026-10-03,0.95,observed,supports,,,,,
E60dd319,NCT04040049,COUNTRY:DE,has_site_in,ctgov,https://clinicaltrials.gov/study/NCT04040049,2026-10-03,0.95,observed,supports,,,,,
Eae3134e,NCT04040049,COUNTRY:IT,has_site_in,ctgov,https://clinicaltrials.gov/study/NCT04040049,2026-10-03,0.95,observed,supports,,,,,
Ec712307,NCT04040049,COUNTRY:NO,has_site_in,ctgov,https://clinicaltrials.gov/study/NCT04040049,2026-10-03,0.95,observed,supports,,,,,
Ef70d115,NCT04040049,COUNTRY:GB,has_site_in,ctgov,https://clinicaltrials.gov/study/NCT04040049,2026-10-03,0.95,observed,supports,,,,,
E8bd7349,NCT04040049,MONDO:0010526,studies,ctgov,https://clinicaltrials.gov/study/NCT04040049,2026-10-03,0.95,observed,supports,,Conditions: Fabry Disease; Lysosomal Storage Diseases,,,
E8d2e8cc,ORG:Spur_Therapeutics,NCT04040049,runs,ctgov,https://clinicaltrials.gov/study/NCT04040049,2026-10-03,0.95,observed,supports,,,,,
Ea7858af,NCT04040049,INTERVENTION:FLT190,tests,ctgov,https://clinicaltrials.gov/study/NCT04040049,2026-10-03,0.95,observed,supports,,,,,
Ef4fa32d,RePORTER:F32NS138223,MONDO:0010526,studies,reporter,https://reporter.nih.gov/project-details/11378499,2026-10-03,0.95,observed,supports,,Mechanisms of Neuronal Excitability and Pain in Fabry Disease,,,
Eb1e07c1,PERSON:78260863,RePORTER:F32NS138223,pi_of,reporter,https://reporter.nih.gov/project-details/11378499,2026-10-03,0.95,observed,supports,,,,,
E7a2b934,ORG:NIH_NINDS,RePORTER:F32NS138223,funds,reporter,https://reporter.nih.gov/project-details/11378499,2026-10-03,0.95,observed,supports,,,,,
Ec97be3d,RePORTER:ZIADK053211,MONDO:0010526,studies,reporter,https://reporter.nih.gov/project-details/11414532,2026-10-03,0.95,observed,supports,,This technique allowed us to collect samples from healthy subjects; subjects with diabetes; men with a rare X-linked genetic disease that involves renal function (Fabry disease); and women who were receiving antiretroviral therapy for HIV.,,,
E60fb546,PERSON:6570335,RePORTER:ZIADK053211,pi_of,reporter,https://reporter.nih.gov/project-details/11414532,2026-10-03,0.95,observed,supports,,,,,
Ead3e8e0,ORG:NIH_NIDDK,RePORTER:ZIADK053211,funds,reporter,https://reporter.nih.gov/project-details/11414532,2026-10-03,0.95,observed,supports,,,,,
Eb1b20de,RePORTER:S10OD038306,MONDO:0010526,studies,reporter,https://reporter.nih.gov/project-details/11102566,2026-10-03,0.95,observed,supports,,"Moreover, the Symphony S6 will overcome critical bottlenecks for MCW researchers studying the role of exosomes in ovarian cancer, chronic pain in Fabry and sickle cell disease, gamma herpesvirus associated B-cell lymphomas, immune response to radiation exposure and type I diabetes.",,,
E314ad13,PERSON:8790808,RePORTER:S10OD038306,pi_of,reporter,https://reporter.nih.gov/project-details/11102566,2026-10-03,0.95,observed,supports,,,,,
E96811bd,ORG:NIH_OD,RePORTER:S10OD038306,funds,reporter,https://reporter.nih.gov/project-details/11102566,2026-10-03,0.95,observed,supports,,,,,
Eb9f2b8e,RePORTER:R37NS108278,MONDO:0010526,studies,reporter,https://reporter.nih.gov/project-details/11061919,2026-10-03,0.95,observed,supports,,Pain Mechanisms in Fabry Disease,,,
Eb0b551e,PERSON:1953845,RePORTER:R37NS108278,pi_of,reporter,https://reporter.nih.gov/project-details/11061919,2026-10-03,0.95,observed,supports,,,,,
Ebe86fbf,ORG:NIH_NINDS,RePORTER:R37NS108278,funds,reporter,https://reporter.nih.gov/project-details/11061919,2026-10-03,0.95,observed,supports,,,,,
E1de03a0,RePORTER:R01FD008540,MONDO:0010526,studies,reporter,https://reporter.nih.gov/project-details/11220627,2026-10-03,0.95,observed,supports,,"Importantly, this oral drug would treat the pathogenesis of the disease as has been successfully accomplished with specific chaperone therapies for Cystic Fibrosis and Fabry disease.",,,
E3e99871,PERSON:1863070,RePORTER:R01FD008540,pi_of,reporter,https://reporter.nih.gov/project-details/11220627,2026-10-03,0.95,observed,supports,,,,,
E69d84fc,ORG:NIH_FDA,RePORTER:R01FD008540,funds,reporter,https://reporter.nih.gov/project-details/11220627,2026-10-03,0.95,observed,supports,,,,,
E5b8bd82,PMID:42596563,MONDO:0010526,mentions,pubmed,https://pubmed.ncbi.nlm.nih.gov/42596563/,2026-10-03,0.95,observed,supports,,"Clinical manifestations, diagnosis, and management of renal involvement in Fabry disease.",,,
Ed4189f9,PMID:42424394,MONDO:0010526,mentions,pubmed,https://pubmed.ncbi.nlm.nih.gov/42424394/,2026-10-03,0.95,observed,supports,,"Regarding: ""Development and validation of a self-management efficacy questionnaire for patients with Fabry disease in China"".",,,
E9cedf57,PMID:41968796,MONDO:0010526,mentions,pubmed,https://pubmed.ncbi.nlm.nih.gov/41968796/,2026-10-03,0.95,observed,supports,,Development and validation of a self-management efficacy questionnaire for patients with Fabry disease in China.,,,
Edd19d6a,PMID:42562339,MONDO:0010526,mentions,pubmed,https://pubmed.ncbi.nlm.nih.gov/42562339/,2026-10-03,0.95,observed,supports,,Pain in Fabry disease: do experimental models reveal novel therapeutic targets?,,,
E474fde9,PMID:42716235,MONDO:0010526,mentions,pubmed,https://pubmed.ncbi.nlm.nih.gov/42716235/,2026-10-03,0.95,observed,supports,,Epigenetic aging and autosomal methylation remodeling in Anderson-Fabry disease.,,,
Ec109198,NCT02254863,COUNTRY:US,has_site_in,ctgov,https://clinicaltrials.gov/study/NCT02254863,2026-10-03,0.95,observed,supports,,,,,
E66c8c49,NCT02254863,MONDO:0009499,studies,ctgov,https://clinicaltrials.gov/study/NCT02254863,2026-10-03,0.95,observed,supports,,"Conditions: Adrenoleukodystrophy; Batten Disease; Mucopolysaccharidosis II; Leukodystrophy, Globoid Cell; Leukodystrophy, Metachromatic; Neimann Pick Disease; Pelizaeus-Merzbacher Disease; Sandhoff Disease; Tay-Sachs Disease; Brain Diseases, Metabolic, Inborn; Alpha-Mannosidosis; Sanfilippo Mucopoly",,,
E478a4f9,ORG:Joanne_Kurtzberg_MD,NCT02254863,runs,ctgov,https://clinicaltrials.gov/study/NCT02254863,2026-10-03,0.95,observed,supports,,,,,
E55ebc77,NCT02254863,INTERVENTION:DUOC_01,tests,ctgov,https://clinicaltrials.gov/study/NCT02254863,2026-10-03,0.95,observed,supports,,,,,
Ec260f91,NCT07740512,MONDO:0009499,studies,ctgov,https://clinicaltrials.gov/study/NCT07740512,2026-10-03,0.95,observed,supports,,Conditions: Lysosomal Storage Disorders; Sandhoff Disease; Krabbe Disease; CLN2; CLN3,,,
E2aaf128,ORG:Polaryx_Therapeutics_Inc,NCT07740512,runs,ctgov,https://clinicaltrials.gov/study/NCT07740512,2026-10-03,0.95,observed,supports,,,,,
E0fb2a07,NCT07740512,INTERVENTION:PLX_200,tests,ctgov,https://clinicaltrials.gov/study/NCT07740512,2026-10-03,0.95,observed,supports,,,,,
E699b80d,NCT02993796,COUNTRY:US,has_site_in,ctgov,https://clinicaltrials.gov/study/NCT02993796,2026-10-03,0.95,observed,supports,,,,,
E4203c02,NCT02993796,MONDO:0009499,studies,ctgov,https://clinicaltrials.gov/study/NCT02993796,2026-10-03,0.95,observed,supports,,Conditions: Krabbe Disease,,,
E931f21a,ORG:State_University_of_New_York_at_Buffalo,NCT02993796,runs,ctgov,https://clinicaltrials.gov/study/NCT02993796,2026-10-03,0.95,observed,supports,,,,,
E90c9a95,NCT03655223,MONDO:0009499,studies,ctgov,https://clinicaltrials.gov/study/NCT03655223,2026-10-03,0.95,observed,supports,,"Conditions: Spinal Muscular Atrophy; Fragile X Syndrome; Fragile X - Premutation; Duchenne Muscular Dystrophy; Hyperinsulinemic Hypoglycemia, Familial 1; Diabetes Mellitus; Adrenoleukodystrophy, Neonatal; Medium-chain Acyl-CoA Dehydrogenase Deficiency; Very Long Chain Acyl Coa Dehydrogenase Deficien",,,
Ebc22e94,NCT04771416,COUNTRY:US,has_site_in,ctgov,https://clinicaltrials.gov/study/NCT04771416,2026-10-03,0.95,observed,supports,,,,,
Eed48766,NCT04771416,COUNTRY:BR,has_site_in,ctgov,https://clinicaltrials.gov/study/NCT04771416,2026-10-03,0.95,observed,supports,,,,,
Efebd3a1,NCT04771416,COUNTRY:CA,has_site_in,ctgov,https://clinicaltrials.gov/study/NCT04771416,2026-10-03,0.95,observed,supports,,,,,
E983de01,NCT04771416,COUNTRY:IL,has_site_in,ctgov,https://clinicaltrials.gov/study/NCT04771416,2026-10-03,0.95,observed,supports,,,,,
Edac8643,NCT04771416,COUNTRY:NL,has_site_in,ctgov,https://clinicaltrials.gov/study/NCT04771416,2026-10-03,0.95,observed,supports,,,,,
E1d444c5,NCT04771416,COUNTRY:GB,has_site_in,ctgov,https://clinicaltrials.gov/study/NCT04771416,2026-10-03,0.95,observed,supports,,,,,
E8e004b3,NCT04771416,MONDO:0009499,studies,ctgov,https://clinicaltrials.gov/study/NCT04771416,2026-10-03,0.95,observed,supports,,"Conditions: Leukodystrophy, Globoid Cell",,,
E84bed90,ORG:Gemma_Biotherapeutics,NCT04771416,runs,ctgov,https://clinicaltrials.gov/study/NCT04771416,2026-10-03,0.95,observed,supports,,,,,
E6011634,NCT04771416,INTERVENTION:PBKR03,tests,ctgov,https://clinicaltrials.gov/study/NCT04771416,2026-10-03,0.95,observed,supports,,,,,
Ef352296,RePORTER:R01NS127403,MONDO:0009499,studies,reporter,https://reporter.nih.gov/project-details/11380880,2026-10-03,0.95,observed,supports,,CGT and ACD Inhibitors for SRT Treatment of Krabbe Disease,,,
E88025ac,PERSON:8763971,RePORTER:R01NS127403,pi_of,reporter,https://reporter.nih.gov/project-details/11380880,2026-10-03,0.95,observed,supports,,,,,
E50bb630,ORG:NIH_NINDS,RePORTER:R01NS127403,funds,reporter,https://reporter.nih.gov/project-details/11380880,2026-10-03,0.95,observed,supports,,,,,
Eaa7364b,RePORTER:R01NS112327,MONDO:0009499,studies,reporter,https://reporter.nih.gov/project-details/11257681,2026-10-03,0.95,observed,supports,,Selective galactosylceramidase ablation to study the pathogenesis of Krabbe leukodystrophy,,,
E9e586bf,PERSON:11815483,RePORTER:R01NS112327,pi_of,reporter,https://reporter.nih.gov/project-details/11257681,2026-10-03,0.95,observed,supports,,,,,
Ecfe2466,ORG:NIH_NINDS,RePORTER:R01NS112327,funds,reporter,https://reporter.nih.gov/project-details/11257681,2026-10-03,0.95,observed,supports,,,,,
E24c0efd,RePORTER:R01HD104814,MONDO:0009499,studies,reporter,https://reporter.nih.gov/project-details/11387708,2026-10-03,0.95,observed,supports,,"Enhancement of Newborn Screening Diagnostic Paradigms to Improve the Efficacy of Treatment for Krabbe Disease, Pompe Disease, and Mucopolysaccharidosis Type 1",,,
E5332e1a,RePORTER:R01NS136487,MONDO:0009499,studies,reporter,https://reporter.nih.gov/project-details/11320773,2026-10-03,0.95,observed,supports,,"Summary: Globoid cell leukodystrophy (GLD, Krabbe) is a fatal pediatric neurodegenerative disease caused by mutation of the lysosomal enzyme galactosylceramidase (GALC).",,,
E8bdc3b4,PERSON:12344369,RePORTER:R01NS136487,pi_of,reporter,https://reporter.nih.gov/project-details/11320773,2026-10-03,0.95,observed,supports,,,,,
Ec18deb8,PERSON:2090964,RePORTER:R01NS136487,pi_of,reporter,https://reporter.nih.gov/project-details/11320773,2026-10-03,0.95,observed,supports,,,,,
E4d8b50c,ORG:NIH_NINDS,RePORTER:R01NS136487,funds,reporter,https://reporter.nih.gov/project-details/11320773,2026-10-03,0.95,observed,supports,,,,,
Ed017472,RePORTER:R01NS137638,MONDO:0009499,studies,reporter,https://reporter.nih.gov/project-details/11295378,2026-10-03,0.95,observed,supports,,"During in vivo experiments to characterize therapeutic small molecules as therapy for globoid-cell leukodystrophy (GLD), or Krabbe disease, we serendipitously observed that the Twitcher galctwi/twi (Twi, the C57BL6/J murine GLD model), receiving hydroxypropyl-b-cyclodextrin (HPbCD)-only",,,
E8754eb0,PERSON:10267440,RePORTER:R01NS137638,pi_of,reporter,https://reporter.nih.gov/project-details/11295378,2026-10-03,0.95,observed,supports,,,,,
Ec2f292d,ORG:NIH_NINDS,RePORTER:R01NS137638,funds,reporter,https://reporter.nih.gov/project-details/11295378,2026-10-03,0.95,observed,supports,,,,,
E0a3c55f,PMID:20301416,MONDO:0009499,mentions,pubmed,https://pubmed.ncbi.nlm.nih.gov/20301416/,2026-10-03,0.95,observed,supports,,Krabbe Disease.,,,
Edcc2b4d,PMID:42751594,MONDO:0009499,mentions,pubmed,https://pubmed.ncbi.nlm.nih.gov/42751594/,2026-10-03,0.95,observed,supports,,Inpatient Deaths in Pediatric Leukodystrophies.,,,
Eee593ab,PMID:42703459,MONDO:0009499,mentions,pubmed,https://pubmed.ncbi.nlm.nih.gov/42703459/,2026-10-03,0.95,observed,supports,,Pedigree Case Report of adult-onset phenotypically heterogeneous Krabbe disease.,,,
E84b419f,PMID:42638118,MONDO:0009499,mentions,pubmed,https://pubmed.ncbi.nlm.nih.gov/42638118/,2026-10-03,0.95,observed,supports,,Correction: Caregiver-reported disease burden in Krabbe disease: evaluating outcomes of hematopoietic stem cell transplantation.,,,
E57d1dd5,PMID:42677154,MONDO:0009499,mentions,pubmed,https://pubmed.ncbi.nlm.nih.gov/42677154/,2026-10-03,0.95,observed,supports,,Survival benefit and immune-related toxicities after hematopoietic stem cell transplantation in Krabbe disease: a systematic review and meta-analysis.,,,
E563dd91,NCT02254863,MONDO:0009591,studies,ctgov,https://clinicaltrials.gov/study/NCT02254863,2026-10-03,0.95,observed,supports,,"Conditions: Adrenoleukodystrophy; Batten Disease; Mucopolysaccharidosis II; Leukodystrophy, Globoid Cell; Leukodystrophy, Metachromatic; Neimann Pick Disease; Pelizaeus-Merzbacher Disease; Sandhoff Disease; Tay-Sachs Disease; Brain Diseases, Metabolic, Inborn; Alpha-Mannosidosis; Sanfilippo Mucopoly",,,
E6dc2a0c,NCT03725670,COUNTRY:CN,has_site_in,ctgov,https://clinicaltrials.gov/study/NCT03725670,2026-10-03,0.95,observed,supports,,,,,
Ea6a0efe,NCT03725670,MONDO:0009591,studies,ctgov,https://clinicaltrials.gov/study/NCT03725670,2026-10-03,0.95,observed,supports,,Conditions: Metachromatic Leukodystrophy (MLD),,,
Ee28d284,ORG:Shenzhen_Geno_Immune_Medical_Institute,NCT03725670,runs,ctgov,https://clinicaltrials.gov/study/NCT03725670,2026-10-03,0.95,observed,supports,,,,,
Eb3c643d,NCT03725670,INTERVENTION:Intrathecal_and_intravenous_LV_gene_ther,tests,ctgov,https://clinicaltrials.gov/study/NCT03725670,2026-10-03,0.95,observed,supports,,,,,
E5fdf26d,NCT07046338,COUNTRY:CN,has_site_in,ctgov,https://clinicaltrials.gov/study/NCT07046338,2026-10-03,0.95,observed,supports,,,,,
E66bddab,NCT07046338,MONDO:0009591,studies,ctgov,https://clinicaltrials.gov/study/NCT07046338,2026-10-03,0.95,observed,supports,,Conditions: Metachromatic Leukodystrophy (MLD),,,
E8234b12,ORG:Shenzhen_Geno_Immune_Medical_Institute,NCT07046338,runs,ctgov,https://clinicaltrials.gov/study/NCT07046338,2026-10-03,0.95,observed,supports,,,,,
E8bcdd9e,NCT07046338,INTERVENTION:Lentiviral_TYF_ARSA_correction_of_patien,tests,ctgov,https://clinicaltrials.gov/study/NCT07046338,2026-10-03,0.95,observed,supports,,,,,
E788b2ff,NCT05368038,MONDO:0009591,studies,ctgov,https://clinicaltrials.gov/study/NCT05368038,2026-10-03,0.95,observed,supports,,"Conditions: Acid Sphingomyelinase Deficiency; Ceroid Lipofuscinosis, Neuronal, 2; Cerebrotendinous Xanthomatosis; Fabry Disease; GM1 Gangliosidosis; Gaucher Disease; Lysosomal Acid Lipase Deficiency; Metachromatic Leukodystrophy; Mucopolysaccharidosis II; Mucopolysaccharidosis III-B; Mucopolysacchar",,,
E9c4ae61,NCT03771898,COUNTRY:US,has_site_in,ctgov,https://clinicaltrials.gov/study/NCT03771898,2026-10-03,0.95,observed,supports,,,,,
E9695100,NCT03771898,COUNTRY:AR,has_site_in,ctgov,https://clinicaltrials.gov/study/NCT03771898,2026-10-03,0.95,observed,supports,,,,,
Ee98f450,NCT03771898,COUNTRY:BE,has_site_in,ctgov,https://clinicaltrials.gov/study/NCT03771898,2026-10-03,0.95,observed,supports,,,,,
E30f3d0e,NCT03771898,COUNTRY:BR,has_site_in,ctgov,https://clinicaltrials.gov/study/NCT03771898,2026-10-03,0.95,observed,supports,,,,,
Ea1ffbf4,NCT03771898,COUNTRY:CA,has_site_in,ctgov,https://clinicaltrials.gov/study/NCT03771898,2026-10-03,0.95,observed,supports,,,,,
E4bad580,NCT03771898,COUNTRY:FR,has_site_in,ctgov,https://clinicaltrials.gov/study/NCT03771898,2026-10-03,0.95,observed,supports,,,,,
E0f446fc,NCT03771898,COUNTRY:DE,has_site_in,ctgov,https://clinicaltrials.gov/study/NCT03771898,2026-10-03,0.95,observed,supports,,,,,
Ea50f04c,NCT03771898,COUNTRY:GR,has_site_in,ctgov,https://clinicaltrials.gov/study/NCT03771898,2026-10-03,0.95,observed,supports,,,,,
Eccbf68c,NCT03771898,COUNTRY:IL,has_site_in,ctgov,https://clinicaltrials.gov/study/NCT03771898,2026-10-03,0.95,observed,supports,,,,,
E733d1a7,NCT03771898,COUNTRY:IT,has_site_in,ctgov,https://clinicaltrials.gov/study/NCT03771898,2026-10-03,0.95,observed,supports,,,,,
Eaa3d1b5,NCT03771898,COUNTRY:JP,has_site_in,ctgov,https://clinicaltrials.gov/study/NCT03771898,2026-10-03,0.95,observed,supports,,,,,
Eb31b247,NCT03771898,COUNTRY:NL,has_site_in,ctgov,https://clinicaltrials.gov/study/NCT03771898,2026-10-03,0.95,observed,supports,,,,,
E6a10449,NCT03771898,COUNTRY:ES,has_site_in,ctgov,https://clinicaltrials.gov/study/NCT03771898,2026-10-03,0.95,observed,supports,,,,,
Ef5c2efb,NCT03771898,COUNTRY:GB,has_site_in,ctgov,https://clinicaltrials.gov/study/NCT03771898,2026-10-03,0.95,observed,supports,,,,,
Eaab309d,NCT03771898,MONDO:0009591,studies,ctgov,https://clinicaltrials.gov/study/NCT03771898,2026-10-03,0.95,observed,supports,,Conditions: Metachromatic Leukodystrophy (MLD),,,
E928a58f,ORG:Shire,NCT03771898,runs,ctgov,https://clinicaltrials.gov/study/NCT03771898,2026-10-03,0.95,observed,supports,,,,,
E88a4ad3,NCT03771898,INTERVENTION:SHP611,tests,ctgov,https://clinicaltrials.gov/study/NCT03771898,2026-10-03,0.95,observed,supports,,,,,
E3a94308,RePORTER:R61NS135584,MONDO:0009591,studies,reporter,https://reporter.nih.gov/project-details/11335638,2026-10-03,0.95,observed,supports,,Database Harmonization for Creation and Validation of Outcome Assessments and Prediction Tools for Metachromatic Leukodystrophy (MLD),,,
E7430a7a,PERSON:15467615,RePORTER:R61NS135584,pi_of,reporter,https://reporter.nih.gov/project-details/11335638,2026-10-03,0.95,observed,supports,,,,,
E880750d,PERSON:6117766,RePORTER:R61NS135584,pi_of,reporter,https://reporter.nih.gov/project-details/11335638,2026-10-03,0.95,observed,supports,,,,,
E0c6b5e0,PERSON:9331976,RePORTER:R61NS135584,pi_of,reporter,https://reporter.nih.gov/project-details/11335638,2026-10-03,0.95,observed,supports,,,,,
E540bab7,ORG:NIH_NINDS,RePORTER:R61NS135584,funds,reporter,https://reporter.nih.gov/project-details/11335638,2026-10-03,0.95,observed,supports,,,,,
E0d1da99,RePORTER:R25TR005269,MONDO:0009591,studies,reporter,https://reporter.nih.gov/project-details/11310834,2026-10-03,0.95,observed,supports,,"Exciting recent therapeutic advances, including gene therapy development for adrenoleukodystrophy and metachromatic leukodystrophy, underscore the critical unmet need for therapeutic development more broadly across the leukodystrophies.",,,
E449a907,PERSON:15467615,RePORTER:R25TR005269,pi_of,reporter,https://reporter.nih.gov/project-details/11310834,2026-10-03,0.95,observed,supports,,,,,
Ec8e91d6,ORG:NIH_NCATS,RePORTER:R25TR005269,funds,reporter,https://reporter.nih.gov/project-details/11310834,2026-10-03,0.95,observed,supports,,,,,
E7fe6746,PMID:42787314,MONDO:0009591,mentions,pubmed,https://pubmed.ncbi.nlm.nih.gov/42787314/,2026-10-03,0.95,observed,supports,,Leukodystrophy in Tanzania: A Case Study Highlighting Diagnostic Dilemmas and Clinical Implications.,,,
E3343f14,PMID:42809903,MONDO:0009591,mentions,pubmed,https://pubmed.ncbi.nlm.nih.gov/42809903/,2026-10-03,0.95,observed,supports,,Gallbladder involvement in metachromatic leukodystrophy: a systematic review and comparison of American and European surveillance recommendations.,,,
E72fe165,PMID:42764516,MONDO:0009591,mentions,pubmed,https://pubmed.ncbi.nlm.nih.gov/42764516/,2026-10-03,0.95,observed,supports,,Allogeneic haematopoietic stem cell transplantation in late-onset metachromatic leukodystrophy.,,,
Eeaab8ea,PMID:41807041,MONDO:0009591,mentions,pubmed,https://pubmed.ncbi.nlm.nih.gov/41807041/,2026-10-03,0.95,observed,supports,,Multiparametric MRI Analysis of Clinical Outcome after Hematopoietic Stem Cell Transplantation in Juvenile Metachromatic Leukodystrophy.,,,
E2de80b6,PMID:42751594,MONDO:0009591,mentions,pubmed,https://pubmed.ncbi.nlm.nih.gov/42751594/,2026-10-03,0.95,observed,supports,,Inpatient Deaths in Pediatric Leukodystrophies.,,,
E6f81db2,NCT00029965,MONDO:0010100,studies,ctgov,https://clinicaltrials.gov/study/NCT00029965,2026-10-03,0.95,observed,supports,,Conditions: Neurological Regression; Myoclonus; Cherry Red Spot; Brain Atrophy,,,
Eddb75f2,NCT07082725,COUNTRY:US,has_site_in,ctgov,https://clinicaltrials.gov/study/NCT07082725,2026-10-03,0.95,observed,supports,,,,,
E7f51a81,NCT07082725,COUNTRY:AR,has_site_in,ctgov,https://clinicaltrials.gov/study/NCT07082725,2026-10-03,0.95,observed,supports,,,,,
E50a9323,NCT07082725,COUNTRY:AU,has_site_in,ctgov,https://clinicaltrials.gov/study/NCT07082725,2026-10-03,0.95,observed,supports,,,,,
E4fe4594,NCT07082725,COUNTRY:BR,has_site_in,ctgov,https://clinicaltrials.gov/study/NCT07082725,2026-10-03,0.95,observed,supports,,,,,
E98cecb4,NCT07082725,COUNTRY:CA,has_site_in,ctgov,https://clinicaltrials.gov/study/NCT07082725,2026-10-03,0.95,observed,supports,,,,,
Ea5d1702,NCT07082725,COUNTRY:DE,has_site_in,ctgov,https://clinicaltrials.gov/study/NCT07082725,2026-10-03,0.95,observed,supports,,,,,
E898f7dc,NCT07082725,COUNTRY:IN,has_site_in,ctgov,https://clinicaltrials.gov/study/NCT07082725,2026-10-03,0.95,observed,supports,,,,,
E3ff009c,NCT07082725,COUNTRY:IT,has_site_in,ctgov,https://clinicaltrials.gov/study/NCT07082725,2026-10-03,0.95,observed,supports,,,,,
Edad462a,NCT07082725,COUNTRY:MX,has_site_in,ctgov,https://clinicaltrials.gov/study/NCT07082725,2026-10-03,0.95,observed,supports,,,,,
E023c571,NCT07082725,COUNTRY:PK,has_site_in,ctgov,https://clinicaltrials.gov/study/NCT07082725,2026-10-03,0.95,observed,supports,,,,,
Edc536b3,NCT07082725,COUNTRY:PT,has_site_in,ctgov,https://clinicaltrials.gov/study/NCT07082725,2026-10-03,0.95,observed,supports,,,,,
Eefb2fee,NCT07082725,COUNTRY:ES,has_site_in,ctgov,https://clinicaltrials.gov/study/NCT07082725,2026-10-03,0.95,observed,supports,,,,,
E413a6fd,NCT07082725,COUNTRY:CH,has_site_in,ctgov,https://clinicaltrials.gov/study/NCT07082725,2026-10-03,0.95,observed,supports,,,,,
E1ad356c,NCT07082725,COUNTRY:TR,has_site_in,ctgov,https://clinicaltrials.gov/study/NCT07082725,2026-10-03,0.95,observed,supports,,,,,
Eca228e2,NCT07082725,COUNTRY:GB,has_site_in,ctgov,https://clinicaltrials.gov/study/NCT07082725,2026-10-03,0.95,observed,supports,,,,,
E0e11c35,NCT07082725,MONDO:0010100,studies,ctgov,https://clinicaltrials.gov/study/NCT07082725,2026-10-03,0.95,observed,supports,,Conditions: Niemann-Pick Type C Disease,,,
E1599abf,ORG:Azafaros_B_V,NCT07082725,runs,ctgov,https://clinicaltrials.gov/study/NCT07082725,2026-10-03,0.95,observed,supports,,,,,
E494d62f,NCT07082725,INTERVENTION:Nizubaglustat,tests,ctgov,https://clinicaltrials.gov/study/NCT07082725,2026-10-03,0.95,observed,supports,,,,,
Efedd728,NCT07082725,INTERVENTION:Placebo,tests,ctgov,https://clinicaltrials.gov/study/NCT07082725,2026-10-03,0.95,observed,supports,,,,,
Ef8b116b,NCT07054515,COUNTRY:US,has_site_in,ctgov,https://clinicaltrials.gov/study/NCT07054515,2026-10-03,0.95,observed,supports,,,,,
E5b246a1,NCT07054515,COUNTRY:AR,has_site_in,ctgov,https://clinicaltrials.gov/study/NCT07054515,2026-10-03,0.95,observed,supports,,,,,
E22e0f38,NCT07054515,COUNTRY:AU,has_site_in,ctgov,https://clinicaltrials.gov/study/NCT07054515,2026-10-03,0.95,observed,supports,,,,,
E89da8ab,NCT07054515,COUNTRY:BR,has_site_in,ctgov,https://clinicaltrials.gov/study/NCT07054515,2026-10-03,0.95,observed,supports,,,,,
Eb5ac2fa,NCT07054515,COUNTRY:CA,has_site_in,ctgov,https://clinicaltrials.gov/study/NCT07054515,2026-10-03,0.95,observed,supports,,,,,
E29b988a,NCT07054515,COUNTRY:FR,has_site_in,ctgov,https://clinicaltrials.gov/study/NCT07054515,2026-10-03,0.95,observed,supports,,,,,
Ece69d09,NCT07054515,COUNTRY:DE,has_site_in,ctgov,https://clinicaltrials.gov/study/NCT07054515,2026-10-03,0.95,observed,supports,,,,,
E179f28c,NCT07054515,COUNTRY:IN,has_site_in,ctgov,https://clinicaltrials.gov/study/NCT07054515,2026-10-03,0.95,observed,supports,,,,,
Ec96f077,NCT07054515,COUNTRY:IT,has_site_in,ctgov,https://clinicaltrials.gov/study/NCT07054515,2026-10-03,0.95,observed,supports,,,,,
E11182c8,NCT07054515,COUNTRY:MX,has_site_in,ctgov,https://clinicaltrials.gov/study/NCT07054515,2026-10-03,0.95,observed,supports,,,,,
E89328df,NCT07054515,COUNTRY:PK,has_site_in,ctgov,https://clinicaltrials.gov/study/NCT07054515,2026-10-03,0.95,observed,supports,,,,,
E302f8aa,NCT07054515,COUNTRY:PT,has_site_in,ctgov,https://clinicaltrials.gov/study/NCT07054515,2026-10-03,0.95,observed,supports,,,,,
E366d657,NCT07054515,COUNTRY:ES,has_site_in,ctgov,https://clinicaltrials.gov/study/NCT07054515,2026-10-03,0.95,observed,supports,,,,,
Ee73d2ea,NCT07054515,COUNTRY:SE,has_site_in,ctgov,https://clinicaltrials.gov/study/NCT07054515,2026-10-03,0.95,observed,supports,,,,,
Ee3e9419,NCT07054515,COUNTRY:CH,has_site_in,ctgov,https://clinicaltrials.gov/study/NCT07054515,2026-10-03,0.95,observed,supports,,,,,
Ee9cc1a3,NCT07054515,COUNTRY:TR,has_site_in,ctgov,https://clinicaltrials.gov/study/NCT07054515,2026-10-03,0.95,observed,supports,,,,,
Eae9c9db,NCT07054515,COUNTRY:GB,has_site_in,ctgov,https://clinicaltrials.gov/study/NCT07054515,2026-10-03,0.95,observed,supports,,,,,
Ee1176a9,NCT07054515,MONDO:0010100,studies,ctgov,https://clinicaltrials.gov/study/NCT07054515,2026-10-03,0.95,observed,supports,,Conditions: Niemann-Pick Type C Disease; GM1 Gangliosidosis; GM2 Gangliosidosis,,,
E420c0c4,ORG:Azafaros_B_V,NCT07054515,runs,ctgov,https://clinicaltrials.gov/study/NCT07054515,2026-10-03,0.95,observed,supports,,,,,
E05ee7b4,NCT07054515,INTERVENTION:AZ_3102,tests,ctgov,https://clinicaltrials.gov/study/NCT07054515,2026-10-03,0.95,observed,supports,,,,,
E8856918,NCT07054515,INTERVENTION:Placebo,tests,ctgov,https://clinicaltrials.gov/study/NCT07054515,2026-10-03,0.95,observed,supports,,,,,
Ecb4843e,NCT07082543,COUNTRY:US,has_site_in,ctgov,https://clinicaltrials.gov/study/NCT07082543,2026-10-03,0.95,observed,supports,,,,,
Ef36b118,NCT07082543,COUNTRY:AR,has_site_in,ctgov,https://clinicaltrials.gov/study/NCT07082543,2026-10-03,0.95,observed,supports,,,,,
E00d9e36,NCT07082543,COUNTRY:AU,has_site_in,ctgov,https://clinicaltrials.gov/study/NCT07082543,2026-10-03,0.95,observed,supports,,,,,
E8421fd8,NCT07082543,COUNTRY:BR,has_site_in,ctgov,https://clinicaltrials.gov/study/NCT07082543,2026-10-03,0.95,observed,supports,,,,,
Eb69d3fb,NCT07082543,COUNTRY:CA,has_site_in,ctgov,https://clinicaltrials.gov/study/NCT07082543,2026-10-03,0.95,observed,supports,,,,,
Ee857075,NCT07082543,COUNTRY:FR,has_site_in,ctgov,https://clinicaltrials.gov/study/NCT07082543,2026-10-03,0.95,observed,supports,,,,,
Ebbf069b,NCT07082543,COUNTRY:DE,has_site_in,ctgov,https://clinicaltrials.gov/study/NCT07082543,2026-10-03,0.95,observed,supports,,,,,
E06b8591,NCT07082543,COUNTRY:IN,has_site_in,ctgov,https://clinicaltrials.gov/study/NCT07082543,2026-10-03,0.95,observed,supports,,,,,
E8b3af0d,NCT07082543,COUNTRY:IT,has_site_in,ctgov,https://clinicaltrials.gov/study/NCT07082543,2026-10-03,0.95,observed,supports,,,,,
E6a2d88f,NCT07082543,COUNTRY:PT,has_site_in,ctgov,https://clinicaltrials.gov/study/NCT07082543,2026-10-03,0.95,observed,supports,,,,,
E224b69d,NCT07082543,COUNTRY:ES,has_site_in,ctgov,https://clinicaltrials.gov/study/NCT07082543,2026-10-03,0.95,observed,supports,,,,,
E33f160a,NCT07082543,COUNTRY:SE,has_site_in,ctgov,https://clinicaltrials.gov/study/NCT07082543,2026-10-03,0.95,observed,supports,,,,,
E1070099,NCT07082543,COUNTRY:CH,has_site_in,ctgov,https://clinicaltrials.gov/study/NCT07082543,2026-10-03,0.95,observed,supports,,,,,
Ee4ad946,NCT07082543,COUNTRY:TR,has_site_in,ctgov,https://clinicaltrials.gov/study/NCT07082543,2026-10-03,0.95,observed,supports,,,,,
Ec01293e,NCT07082543,MONDO:0010100,studies,ctgov,https://clinicaltrials.gov/study/NCT07082543,2026-10-03,0.95,observed,supports,,"Conditions: Gangliosidoses, GM2; Gangliosidosis, GM1",,,
E80ef9bf,ORG:Azafaros_B_V,NCT07082543,runs,ctgov,https://clinicaltrials.gov/study/NCT07082543,2026-10-03,0.95,observed,supports,,,,,
E975cb48,NCT07082543,INTERVENTION:AZ_3102,tests,ctgov,https://clinicaltrials.gov/study/NCT07082543,2026-10-03,0.95,observed,supports,,,,,
E2164450,NCT07082543,INTERVENTION:Placebo,tests,ctgov,https://clinicaltrials.gov/study/NCT07082543,2026-10-03,0.95,observed,supports,,,,,
E35ecde9,NCT05007990,COUNTRY:US,has_site_in,ctgov,https://clinicaltrials.gov/study/NCT05007990,2026-10-03,0.95,observed,supports,,,,,
Eae09363,NCT05007990,MONDO:0010100,studies,ctgov,https://clinicaltrials.gov/study/NCT05007990,2026-10-03,0.95,observed,supports,,Conditions: Inherited Metabolic Disorders; Undiagnosed Diseases; Batten's Disease; Tay Sachs; Diabetes,,,
E6d2d77e,ORG:National_Human_Genome_Research_Institute,NCT05007990,runs,ctgov,https://clinicaltrials.gov/study/NCT05007990,2026-10-03,0.95,observed,supports,,,,,
E3022460,RePORTER:ZIATR000550,MONDO:0010100,studies,reporter,https://reporter.nih.gov/project-details/11412116,2026-10-03,0.95,observed,supports,,"The primary focus of SCTL scientists in the past year has been to utilize rigorous and efficient iPSC differentiation protocols for a variety of cell types relevant for both disease modeling and cell therapy applications, hypothalamic arcuate neurons (e.g., T2D), nociceptors (e.g., pain research)",,,
E4ba0146,PERSON:79299645,RePORTER:ZIATR000550,pi_of,reporter,https://reporter.nih.gov/project-details/11412116,2026-10-03,0.95,observed,supports,,,,,
E2013bea,ORG:NIH_NCATS,RePORTER:ZIATR000550,funds,reporter,https://reporter.nih.gov/project-details/11412116,2026-10-03,0.95,observed,supports,,,,,
Edd475ac,RePORTER:ZIATR000561,MONDO:0010100,studies,reporter,https://reporter.nih.gov/project-details/11412126,2026-10-03,0.95,observed,supports,,Generation of Tay Sachs cell models and assay approaches for small molecule discovery,,,
Ee8e5c45,PERSON:77844220,RePORTER:ZIATR000561,pi_of,reporter,https://reporter.nih.gov/project-details/11412126,2026-10-03,0.95,observed,supports,,,,,
E1c20060,ORG:NIH_NCATS,RePORTER:ZIATR000561,funds,reporter,https://reporter.nih.gov/project-details/11412126,2026-10-03,0.95,observed,supports,,,,,
Eb1e63f1,RePORTER:ZIADK056014,MONDO:0010100,studies,reporter,https://reporter.nih.gov/project-details/11410764,2026-10-03,0.95,observed,supports,,"First, a humanized late-onset Tay-Sachs model carrying the human pathogenic HEXA c.805G>A mutation was generated, reproducing key features of the human disease including GM2 ganglioside storage, neurological decline, and shortened lifespan.",,,
E5894b74,PERSON:9415586,RePORTER:ZIADK056014,pi_of,reporter,https://reporter.nih.gov/project-details/11410764,2026-10-03,0.95,observed,supports,,,,,
E823e7fd,ORG:NIH_NIDDK,RePORTER:ZIADK056014,funds,reporter,https://reporter.nih.gov/project-details/11410764,2026-10-03,0.95,observed,supports,,,,,
E425d353,RePORTER:ZIATR000553,MONDO:0010100,studies,reporter,https://reporter.nih.gov/project-details/11412119,2026-10-03,0.95,observed,supports,,"The primary focus of SCTL scientists in the past year has been to utilize rigorous and efficient iPSC differentiation protocols for a variety of cell types relevant for both disease modeling and cell therapy applications, hypothalamic arcuate neurons (e.g., T2D), nociceptors (e.g., pain research)",,,
E3d787ea,PERSON:79299645,RePORTER:ZIATR000553,pi_of,reporter,https://reporter.nih.gov/project-details/11412119,2026-10-03,0.95,observed,supports,,,,,
E98f33c6,ORG:NIH_NCATS,RePORTER:ZIATR000553,funds,reporter,https://reporter.nih.gov/project-details/11412119,2026-10-03,0.95,observed,supports,,,,,
E8e40c36,RePORTER:ZIATR000551,MONDO:0010100,studies,reporter,https://reporter.nih.gov/project-details/11412117,2026-10-03,0.95,observed,supports,,"The primary focus of SCTL scientists in the past year has been to utilize rigorous and efficient iPSC differentiation protocols for a variety of cell types relevant for both disease modeling and cell therapy applications, hypothalamic arcuate neurons (e.g., T2D), nociceptors (e.g., pain research)",,,
Edf0f079,PERSON:79299645,RePORTER:ZIATR000551,pi_of,reporter,https://reporter.nih.gov/project-details/11412117,2026-10-03,0.95,observed,supports,,,,,
E780d9c7,ORG:NIH_NCATS,RePORTER:ZIATR000551,funds,reporter,https://reporter.nih.gov/project-details/11412117,2026-10-03,0.95,observed,supports,,,,,
E9e7434f,PMID:42685558,MONDO:0010100,mentions,pubmed,https://pubmed.ncbi.nlm.nih.gov/42685558/,2026-10-03,0.95,observed,supports,,"Disruptions in speech, language and social communication in lysosomal storage diseases.",,,
E8f03a6e,PMID:42794762,MONDO:0010100,mentions,pubmed,https://pubmed.ncbi.nlm.nih.gov/42794762/,2026-10-03,0.95,observed,supports,,"Miglustat in Neuronopathic Lysosomal Storage Disorders: Biological Rationale, Clinical Evidence, and Limits of Repurposing.",,,
E90252db,PMID:42281208,MONDO:0010100,mentions,pubmed,https://pubmed.ncbi.nlm.nih.gov/42281208/,2026-10-03,0.95,observed,supports,,Cerebrospinal delivery of a bidirectional AAV9 vector improves optic nerve and retinal pathology in a sheep model of Tay-Sachs disease.,,,
E9e8ff18,PMID:42466981,MONDO:0010100,mentions,pubmed,https://pubmed.ncbi.nlm.nih.gov/42466981/,2026-10-03,0.95,observed,supports,,Late-Onset Tay-Sachs Disease With SMALED-Like Muscle MRI Pattern Despite a Distinct Clinical Phenotype.,,,
Eb86f3ab,PMID:42167572,MONDO:0010100,mentions,pubmed,https://pubmed.ncbi.nlm.nih.gov/42167572/,2026-10-03,0.95,observed,supports,,Novel HEXB variant and first evidence of urinary Gb4 isoforms in Sandhoff disease: Biochemical and bioinformatic characterization in two Moroccan families.,,,
Ea158c9f,NCT00029965,MONDO:0010006,studies,ctgov,https://clinicaltrials.gov/study/NCT00029965,2026-10-03,0.95,observed,supports,,Conditions: Neurological Regression; Myoclonus; Cherry Red Spot; Brain Atrophy,,,
Eb6761e2,NCT02254863,MONDO:0010006,studies,ctgov,https://clinicaltrials.gov/study/NCT02254863,2026-10-03,0.95,observed,supports,,"Conditions: Adrenoleukodystrophy; Batten Disease; Mucopolysaccharidosis II; Leukodystrophy, Globoid Cell; Leukodystrophy, Metachromatic; Neimann Pick Disease; Pelizaeus-Merzbacher Disease; Sandhoff Disease; Tay-Sachs Disease; Brain Diseases, Metabolic, Inborn; Alpha-Mannosidosis; Sanfilippo Mucopoly",,,
E516f6f2,NCT07740512,MONDO:0010006,studies,ctgov,https://clinicaltrials.gov/study/NCT07740512,2026-10-03,0.95,observed,supports,,Conditions: Lysosomal Storage Disorders; Sandhoff Disease; Krabbe Disease; CLN2; CLN3,,,
E7735499,NCT07445490,COUNTRY:FR,has_site_in,ctgov,https://clinicaltrials.gov/study/NCT07445490,2026-10-03,0.95,observed,supports,,,,,
E081011a,NCT07445490,MONDO:0010006,studies,ctgov,https://clinicaltrials.gov/study/NCT07445490,2026-10-03,0.95,observed,supports,,Conditions: Tay-Sachs Disease Ganglioside; Sandhoff Disease Ganglioside,,,
E434d32f,ORG:Assistance_Publique_Hôpitaux_de_Paris,NCT07445490,runs,ctgov,https://clinicaltrials.gov/study/NCT07445490,2026-10-03,0.95,observed,supports,,,,,
Eb90b48d,NCT07445490,INTERVENTION:blood_sample,tests,ctgov,https://clinicaltrials.gov/study/NCT07445490,2026-10-03,0.95,observed,supports,,,,,
Ebe5e7e7,NCT00668187,COUNTRY:US,has_site_in,ctgov,https://clinicaltrials.gov/study/NCT00668187,2026-10-03,0.95,observed,supports,,,,,
E30c4e67,NCT00668187,MONDO:0010006,studies,ctgov,https://clinicaltrials.gov/study/NCT00668187,2026-10-03,0.95,observed,supports,,Conditions: Tay-Sachs Disease; Sandhoff Disease; Late Onset Tay-Sachs Disease; GM1 Gangliosidosis; GM2 Gangliosidosis,,,
Efade4fc,ORG:University_of_Minnesota,NCT00668187,runs,ctgov,https://clinicaltrials.gov/study/NCT00668187,2026-10-03,0.95,observed,supports,,,,,
Ec7665cc,RePORTER:ZIADK056014,MONDO:0010006,studies,reporter,https://reporter.nih.gov/project-details/11410764,2026-10-03,0.95,observed,supports,,"Third, a new Sandhoff disease model (Hexb-/-;Tsc2+/-) was used to study the activation of mTOR signaling by reducing Tsc2 genetically.",,,
E0b1339b,RePORTER:ZIAHG200409,MONDO:0010006,studies,reporter,https://reporter.nih.gov/project-details/11401542,2026-10-03,0.95,observed,supports,,"Our overarching natural history study has enrolled over 100 patients with GM1 and GM2 gangliosidosis (Tay-Sachs (TSD) and Sandhoff diseases (SD)), sialidosis, and galactosialidosis.",,,
E20732b2,PERSON:77884991,RePORTER:ZIAHG200409,pi_of,reporter,https://reporter.nih.gov/project-details/11401542,2026-10-03,0.95,observed,supports,,,,,
E51d8cd2,ORG:NIH_NHGRI,RePORTER:ZIAHG200409,funds,reporter,https://reporter.nih.gov/project-details/11401542,2026-10-03,0.95,observed,supports,,,,,
E6b1724a,RePORTER:ZIADK056016,MONDO:0010006,studies,reporter,https://reporter.nih.gov/project-details/11417593,2026-10-03,0.95,observed,supports,,"Finally, work in a Sandhoff disease mouse model revealed that impaired mammalian target of rapamycin (mTOR) signaling is a driver of neurodegeneration, and that genetic reactivation of this pathway improved survival, motor function, dendritic spine density, and synaptic gene expression.",,,
E4e99fed,PERSON:9415586,RePORTER:ZIADK056016,pi_of,reporter,https://reporter.nih.gov/project-details/11417593,2026-10-03,0.95,observed,supports,,,,,
Ee7f13db,ORG:NIH_NIDDK,RePORTER:ZIADK056016,funds,reporter,https://reporter.nih.gov/project-details/11417593,2026-10-03,0.95,observed,supports,,,,,
Ec9638f7,RePORTER:ZIAHG200409,MONDO:0010006,studies,reporter,https://reporter.nih.gov/project-details/11179931,2026-10-03,0.95,observed,supports,,"Our overarching natural history study has enrolled over 100 patients with GM1 and GM2 gangliosidosis (Tay-Sachs (TSD) and Sandhoff diseases (SD)), sialidosis, and galactosialidosis.",,,
Ee22dbce,PERSON:77884991,RePORTER:ZIAHG200409,pi_of,reporter,https://reporter.nih.gov/project-details/11179931,2026-10-03,0.95,observed,supports,,,,,
Eb0cff03,ORG:NIH_NHGRI,RePORTER:ZIAHG200409,funds,reporter,https://reporter.nih.gov/project-details/11179931,2026-10-03,0.95,observed,supports,,,,,
E5d35fbc,PMID:41701133,MONDO:0010006,mentions,pubmed,https://pubmed.ncbi.nlm.nih.gov/41701133/,2026-10-03,0.95,observed,supports,,Bilateral Macular Cherry-Red Spots in Infantile Sandhoff Disease.,,,
E5c4ba5c,PMID:42794762,MONDO:0010006,mentions,pubmed,https://pubmed.ncbi.nlm.nih.gov/42794762/,2026-10-03,0.95,observed,supports,,"Miglustat in Neuronopathic Lysosomal Storage Disorders: Biological Rationale, Clinical Evidence, and Limits of Repurposing.",,,
E0ba3e3a,PMID:42715347,MONDO:0010006,mentions,pubmed,https://pubmed.ncbi.nlm.nih.gov/42715347/,2026-10-03,0.95,observed,supports,,Intravenous gene therapy improves life span and clinical outcomes in a feline model of Sandhoff disease.,,,
Efe374d7,PMID:42167572,MONDO:0010006,mentions,pubmed,https://pubmed.ncbi.nlm.nih.gov/42167572/,2026-10-03,0.95,observed,supports,,Novel HEXB variant and first evidence of urinary Gb4 isoforms in Sandhoff disease: Biochemical and bioinformatic characterization in two Moroccan families.,,,
E92b528a,PMID:42823992,MONDO:0010006,mentions,pubmed,https://pubmed.ncbi.nlm.nih.gov/42823992/,2026-10-03,0.95,observed,supports,,Sandhoff Disease Associated With Bipolar Disorder: A Case Report From the United Arab Emirates.,,,
E2bf1fc8,NCT00344331,COUNTRY:US,has_site_in,ctgov,https://clinicaltrials.gov/study/NCT00344331,2026-10-03,0.95,observed,supports,,,,,
E79bd406,NCT00344331,MONDO:0009757,studies,ctgov,https://clinicaltrials.gov/study/NCT00344331,2026-10-03,0.95,observed,supports,,"Conditions: Niemann-Pick Disease, Type C",,,
Ee7c24e2,ORG:Eunice_Kennedy_Shriver_National_Institut,NCT00344331,runs,ctgov,https://clinicaltrials.gov/study/NCT00344331,2026-10-03,0.95,observed,supports,,,,,
E9cf59f8,NCT07082725,MONDO:0009757,studies,ctgov,https://clinicaltrials.gov/study/NCT07082725,2026-10-03,0.95,observed,supports,,Conditions: Niemann-Pick Type C Disease,,,
E37ca5ed,NCT07054515,MONDO:0009757,studies,ctgov,https://clinicaltrials.gov/study/NCT07054515,2026-10-03,0.95,observed,supports,,Conditions: Niemann-Pick Type C Disease; GM1 Gangliosidosis; GM2 Gangliosidosis,,,
Ec518748,NCT07082543,MONDO:0009757,studies,ctgov,https://clinicaltrials.gov/study/NCT07082543,2026-10-03,0.95,observed,supports,,"Conditions: Gangliosidoses, GM2; Gangliosidosis, GM1",,,
Ebfb87ac,NCT05642221,COUNTRY:US,has_site_in,ctgov,https://clinicaltrials.gov/study/NCT05642221,2026-10-03,0.95,observed,supports,,,,,
E060d92d,NCT05642221,MONDO:0009757,studies,ctgov,https://clinicaltrials.gov/study/NCT05642221,2026-10-03,0.95,observed,supports,,Conditions: Juvenile Neuronal Ceroid Lipofuscinosis; Smith-Lemli-Opitz Syndrome; Creatine Transporter Deficiency; Niemann-Pick Disease Type C1,,,
E0f510fa,ORG:Eunice_Kennedy_Shriver_National_Institut,NCT05642221,runs,ctgov,https://clinicaltrials.gov/study/NCT05642221,2026-10-03,0.95,observed,supports,,,,,
E3cf86a2,RePORTER:R21NS142761,MONDO:0009757,studies,reporter,https://reporter.nih.gov/project-details/11303790,2026-10-03,0.95,observed,supports,,"Niemann-Pick Disease Type C (NPC) is a fatal pediatric neurodegenerative disorder caused by mutations in NPC1 or NPC2, affecting fewer than 200,000 individuals globally.",,,
Ed1aa9be,PERSON:1894752,RePORTER:R21NS142761,pi_of,reporter,https://reporter.nih.gov/project-details/11303790,2026-10-03,0.95,observed,supports,,,,,
Ee9ebb2d,PERSON:10841943,RePORTER:R21NS142761,pi_of,reporter,https://reporter.nih.gov/project-details/11303790,2026-10-03,0.95,observed,supports,,,,,
Eecbcff9,ORG:NIH_NINDS,RePORTER:R21NS142761,funds,reporter,https://reporter.nih.gov/project-details/11303790,2026-10-03,0.95,observed,supports,,,,,
Eab56acf,RePORTER:R01NS150245,MONDO:0009757,studies,reporter,https://reporter.nih.gov/project-details/11424536,2026-10-03,0.95,observed,supports,,NPC1 protein misfolding in Niemann-Pick type C disease,,,
E9acea00,PERSON:1890588,RePORTER:R01NS150245,pi_of,reporter,https://reporter.nih.gov/project-details/11424536,2026-10-03,0.95,observed,supports,,,,,
Ed6df02f,PERSON:2110376,RePORTER:R01NS150245,pi_of,reporter,https://reporter.nih.gov/project-details/11424536,2026-10-03,0.95,observed,supports,,,,,
E4f395f9,ORG:NIH_NINDS,RePORTER:R01NS150245,funds,reporter,https://reporter.nih.gov/project-details/11424536,2026-10-03,0.95,observed,supports,,,,,
Ed51b44e,RePORTER:R01HD109312,MONDO:0009757,studies,reporter,https://reporter.nih.gov/project-details/11396302,2026-10-03,0.95,observed,supports,,"In contrast, ~95% of patients with NPC have a defect in the cholesterol transport protein, NPC1, leading to a primary defect in cholesterol storage.",,,
E739dfaf,PERSON:1920549,RePORTER:R01HD109312,pi_of,reporter,https://reporter.nih.gov/project-details/11396302,2026-10-03,0.95,observed,supports,,,,,
E59fb599,ORG:NIH_NICHD,RePORTER:R01HD109312,funds,reporter,https://reporter.nih.gov/project-details/11396302,2026-10-03,0.95,observed,supports,,,,,
Ef6a6369,RePORTER:R01NS133575,MONDO:0009757,studies,reporter,https://reporter.nih.gov/project-details/11260241,2026-10-03,0.95,observed,supports,,"Niemann-Pick type C (NPC) is a neurodegenerative and metabolic disease triggered by mutations of the NPC1 gene, which encodes a lysosomal membrane protein involved in the trafficking and partitioning of cholesterol.",,,
E024fce5,PERSON:10485570,RePORTER:R01NS133575,pi_of,reporter,https://reporter.nih.gov/project-details/11260241,2026-10-03,0.95,observed,supports,,,,,
E301564c,ORG:NIH_NINDS,RePORTER:R01NS133575,funds,reporter,https://reporter.nih.gov/project-details/11260241,2026-10-03,0.95,observed,supports,,,,,
E3e46e7f,RePORTER:R35GM149211,MONDO:0009757,studies,reporter,https://reporter.nih.gov/project-details/11361146,2026-10-03,0.95,observed,supports,,At these contacts the Niemann Pick C1 cholesterol transporter (NPC1) facilitates the efflux of cholesterol out of the lysosome before it is transferred to the ER for distribution to other cellular membranes.,,,
E96b9939,PERSON:10437243,RePORTER:R35GM149211,pi_of,reporter,https://reporter.nih.gov/project-details/11361146,2026-10-03,0.95,observed,supports,,,,,
E245c595,ORG:NIH_NIGMS,RePORTER:R35GM149211,funds,reporter,https://reporter.nih.gov/project-details/11361146,2026-10-03,0.95,observed,supports,,,,,
Ed3f751d,PMID:42822755,MONDO:0009757,mentions,pubmed,https://pubmed.ncbi.nlm.nih.gov/42822755/,2026-10-03,0.95,observed,supports,,Altered vestibular-related reflex responses in Npc1(-/-) mice.,,,
E4a61f9a,PMID:42324936,MONDO:0009757,mentions,pubmed,https://pubmed.ncbi.nlm.nih.gov/42324936/,2026-10-03,0.95,observed,supports,,Diverse clinical spectrum of Niemann-Pick C: insights from a single center.,,,
Ef4dda55,PMID:42794762,MONDO:0009757,mentions,pubmed,https://pubmed.ncbi.nlm.nih.gov/42794762/,2026-10-03,0.95,observed,supports,,"Miglustat in Neuronopathic Lysosomal Storage Disorders: Biological Rationale, Clinical Evidence, and Limits of Repurposing.",,,
Ed3fee16,PMID:42761304,MONDO:0009757,mentions,pubmed,https://pubmed.ncbi.nlm.nih.gov/42761304/,2026-10-03,0.95,observed,supports,,Clinical and molecular spectrum of Niemann-Pick disease type C patients in India.,,,
Efd85367,PMID:42729944,MONDO:0009757,mentions,pubmed,https://pubmed.ncbi.nlm.nih.gov/42729944/,2026-10-03,0.95,observed,supports,,Developmental brain programmes and biomarker activation in Alzheimer's disease.,,,
E12fae6f,NCT07740512,MONDO:0008769,studies,ctgov,https://clinicaltrials.gov/study/NCT07740512,2026-10-03,0.95,observed,supports,,Conditions: Lysosomal Storage Disorders; Sandhoff Disease; Krabbe Disease; CLN2; CLN3,,,
E17af82a,NCT05368038,MONDO:0008769,studies,ctgov,https://clinicaltrials.gov/study/NCT05368038,2026-10-03,0.95,observed,supports,,"Conditions: Acid Sphingomyelinase Deficiency; Ceroid Lipofuscinosis, Neuronal, 2; Cerebrotendinous Xanthomatosis; Fabry Disease; GM1 Gangliosidosis; Gaucher Disease; Lysosomal Acid Lipase Deficiency; Metachromatic Leukodystrophy; Mucopolysaccharidosis II; Mucopolysaccharidosis III-B; Mucopolysacchar",,,
Ed82970f,NCT04476862,COUNTRY:US,has_site_in,ctgov,https://clinicaltrials.gov/study/NCT04476862,2026-10-03,0.95,observed,supports,,,,,
E88ec7f7,NCT04476862,MONDO:0008769,studies,ctgov,https://clinicaltrials.gov/study/NCT04476862,2026-10-03,0.95,observed,supports,,Conditions: Late-Infantile Neuronal Ceroid Lipofuscinosis Type 2,,,
E6239b0d,ORG:BioMarin_Pharmaceutical,NCT04476862,runs,ctgov,https://clinicaltrials.gov/study/NCT04476862,2026-10-03,0.95,observed,supports,,,,,
E92a7022,NCT04476862,INTERVENTION:Cerliponase_Alfa,tests,ctgov,https://clinicaltrials.gov/study/NCT04476862,2026-10-03,0.95,observed,supports,,,,,
Eea9930a,NCT07582484,COUNTRY:US,has_site_in,ctgov,https://clinicaltrials.gov/study/NCT07582484,2026-10-03,0.95,observed,supports,,,,,
E54b7767,NCT07582484,MONDO:0008769,studies,ctgov,https://clinicaltrials.gov/study/NCT07582484,2026-10-03,0.95,observed,supports,,Conditions: CLN6; Batten Disease; Batten's Disease; Neuronal Ceroid Lipofuscinosis CLN6; Neuronal Ceroid Lipofuscinosis,,,
E5406472,ORG:The_Charlotte_and_Gwenyth_Gray_Foundatio,NCT07582484,runs,ctgov,https://clinicaltrials.gov/study/NCT07582484,2026-10-03,0.95,observed,supports,,,,,
E94e3acf,NCT07582484,INTERVENTION:scAAV9_CB_CLN6_dose_1_5E14_vector_genome,tests,ctgov,https://clinicaltrials.gov/study/NCT07582484,2026-10-03,0.95,observed,supports,,,,,
E79e2025,NCT05152914,COUNTRY:US,has_site_in,ctgov,https://clinicaltrials.gov/study/NCT05152914,2026-10-03,0.95,observed,supports,,,,,
E01eb273,NCT05152914,MONDO:0008769,studies,ctgov,https://clinicaltrials.gov/study/NCT05152914,2026-10-03,0.95,observed,supports,,Conditions: Neuronal Ceroid Lipofuscinosis Type 2,,,
E63570b1,ORG:David_L_Rogers_MD,NCT05152914,runs,ctgov,https://clinicaltrials.gov/study/NCT05152914,2026-10-03,0.95,observed,supports,,,,,
E63f5644,NCT05152914,INTERVENTION:Cerliponase_Alfa,tests,ctgov,https://clinicaltrials.gov/study/NCT05152914,2026-10-03,0.95,observed,supports,,,,,
Eccc3ac9,RePORTER:U54HD122210,MONDO:0008769,studies,reporter,https://reporter.nih.gov/project-details/11417532,2026-10-03,0.95,observed,supports,,"CNS-directed enzyme replacement therapy was approved for the treatmnt of CLN2 disease n 2017, however, progress in advancing new interventions and launching rigorous clinical phase trials has slowed since that time.",,,
Ec74b030,PERSON:9568426,RePORTER:U54HD122210,pi_of,reporter,https://reporter.nih.gov/project-details/11417532,2026-10-03,0.95,observed,supports,,,,,
Eba9be50,ORG:NIH_NICHD,RePORTER:U54HD122210,funds,reporter,https://reporter.nih.gov/project-details/11417532,2026-10-03,0.95,observed,supports,,,,,
E215c22c,RePORTER:R01NS140682,MONDO:0008769,studies,reporter,https://reporter.nih.gov/project-details/11370693,2026-10-03,0.95,observed,supports,,Cellular Mechanisms of Enteric Nervous System Damage in CLN2 Disease,,,
Ed3a744a,PERSON:2427635,RePORTER:R01NS140682,pi_of,reporter,https://reporter.nih.gov/project-details/11370693,2026-10-03,0.95,observed,supports,,,,,
E979376d,ORG:NIH_NINDS,RePORTER:R01NS140682,funds,reporter,https://reporter.nih.gov/project-details/11370693,2026-10-03,0.95,observed,supports,,,,,
Ecbd2222,RePORTER:R01NS140682,MONDO:0008769,studies,reporter,https://reporter.nih.gov/project-details/11225355,2026-10-03,0.95,observed,supports,,Cellular Mechanisms of Enteric Nervous System Damage in CLN2 Disease,,,
E772b52b,PERSON:2427635,RePORTER:R01NS140682,pi_of,reporter,https://reporter.nih.gov/project-details/11225355,2026-10-03,0.95,observed,supports,,,,,
E0e47c64,ORG:NIH_NINDS,RePORTER:R01NS140682,funds,reporter,https://reporter.nih.gov/project-details/11225355,2026-10-03,0.95,observed,supports,,,,,
E53f8887,RePORTER:ZIAHD000910,MONDO:0008769,studies,reporter,https://reporter.nih.gov/project-details/11392750,2026-10-03,0.95,observed,supports,,"Here we report that lysosomal cholesterol levels in cultured fibroblasts from patients with CLN1-, CLN2-, CLN3-, CLN6- and CLN8-disease are elevated.",,,
E574608d,PERSON:2452381,RePORTER:ZIAHD000910,pi_of,reporter,https://reporter.nih.gov/project-details/11392750,2026-10-03,0.95,observed,supports,,,,,
E055be57,ORG:NIH_NICHD,RePORTER:ZIAHD000910,funds,reporter,https://reporter.nih.gov/project-details/11392750,2026-10-03,0.95,observed,supports,,,,,
Ebbef661,RePORTER:U54HD122210,MONDO:0008769,studies,reporter,https://reporter.nih.gov/project-details/11173016,2026-10-03,0.95,observed,supports,,"CNS-directed enzyme replacement therapy was approved for the treatmnt of CLN2 disease n 2017, however, progress in advancing new interventions and launching rigorous clinical phase trials has slowed since that time.",,,
E9434757,PERSON:9568426,RePORTER:U54HD122210,pi_of,reporter,https://reporter.nih.gov/project-details/11173016,2026-10-03,0.95,observed,supports,,,,,
Ee961191,ORG:NIH_NICHD,RePORTER:U54HD122210,funds,reporter,https://reporter.nih.gov/project-details/11173016,2026-10-03,0.95,observed,supports,,,,,
E3ec2dd1,PMID:42641913,MONDO:0008769,mentions,pubmed,https://pubmed.ncbi.nlm.nih.gov/42641913/,2026-10-03,0.95,observed,supports,,"K16ApoE-mediated delivery across the blood-brain barrier: mechanisms, applications, and translational challenges.",,,
E8a54571,PMID:42760386,MONDO:0008769,mentions,pubmed,https://pubmed.ncbi.nlm.nih.gov/42760386/,2026-10-03,0.95,observed,supports,,Conversion of a ventricular rickham reservoir to a subcutaneous chest port for repeated intraventricular enzyme replacement therapy: technical note and surgical considerations.,,,
E0b740e3,PMID:42413193,MONDO:0008769,mentions,pubmed,https://pubmed.ncbi.nlm.nih.gov/42413193/,2026-10-03,0.95,observed,supports,,Expanding the genotypic landscape of the neuronal ceroid lipofuscinoses: clinical and molecular findings from a tertiary-care center in Argentina.,,,
E44d2838,PMID:42475369,MONDO:0008769,mentions,pubmed,https://pubmed.ncbi.nlm.nih.gov/42475369/,2026-10-03,0.95,observed,supports,,Chronic oral cannabidiol delays seizure onset and reduces seizure burden in a mouse model of CLN2 disease.,,,
E8e0074d,PMID:42102651,MONDO:0008769,mentions,pubmed,https://pubmed.ncbi.nlm.nih.gov/42102651/,2026-10-03,0.95,observed,supports,,"Lysosomal storage, mitochondrial pathology, and autophagy in knockout of tripeptidyl peptidase 1 in human neuroblastoma cells in vitro.",,,
Ef32c051,NCT03307304,COUNTRY:US,has_site_in,ctgov,https://clinicaltrials.gov/study/NCT03307304,2026-10-03,0.95,observed,supports,,,,,
E19ee7ea,NCT03307304,MONDO:0008767,studies,ctgov,https://clinicaltrials.gov/study/NCT03307304,2026-10-03,0.95,observed,supports,,Conditions: Juvenile Neuronal Ceroid Lipofuscinosis (CLN3); Batten Disease,,,
Efe77716,ORG:Eunice_Kennedy_Shriver_National_Institut,NCT03307304,runs,ctgov,https://clinicaltrials.gov/study/NCT03307304,2026-10-03,0.95,observed,supports,,,,,
Ec2c2679,NCT05642221,MONDO:0008767,studies,ctgov,https://clinicaltrials.gov/study/NCT05642221,2026-10-03,0.95,observed,supports,,Conditions: Juvenile Neuronal Ceroid Lipofuscinosis; Smith-Lemli-Opitz Syndrome; Creatine Transporter Deficiency; Niemann-Pick Disease Type C1,,,
E83e587a,NCT05007990,MONDO:0008767,studies,ctgov,https://clinicaltrials.gov/study/NCT05007990,2026-10-03,0.95,observed,supports,,Conditions: Inherited Metabolic Disorders; Undiagnosed Diseases; Batten's Disease; Tay Sachs; Diabetes,,,
Eb47ea6a,NCT02254863,MONDO:0008767,studies,ctgov,https://clinicaltrials.gov/study/NCT02254863,2026-10-03,0.95,observed,supports,,"Conditions: Adrenoleukodystrophy; Batten Disease; Mucopolysaccharidosis II; Leukodystrophy, Globoid Cell; Leukodystrophy, Metachromatic; Neimann Pick Disease; Pelizaeus-Merzbacher Disease; Sandhoff Disease; Tay-Sachs Disease; Brain Diseases, Metabolic, Inborn; Alpha-Mannosidosis; Sanfilippo Mucopoly",,,
E489962f,NCT04637282,MONDO:0008767,studies,ctgov,https://clinicaltrials.gov/study/NCT04637282,2026-10-03,0.95,observed,supports,,Conditions: Juvenile Neuronal Ceroid Lipofuscinosis,,,
Ec50667b,ORG:Polaryx_Therapeutics_Inc,NCT04637282,runs,ctgov,https://clinicaltrials.gov/study/NCT04637282,2026-10-03,0.95,observed,supports,,,,,
Ef038fca,NCT04637282,INTERVENTION:PLX_200,tests,ctgov,https://clinicaltrials.gov/study/NCT04637282,2026-10-03,0.95,observed,supports,,,,,
Ea339530,NCT04637282,INTERVENTION:Placebo,tests,ctgov,https://clinicaltrials.gov/study/NCT04637282,2026-10-03,0.95,observed,supports,,,,,
E2a71a2d,RePORTER:U54HD122210,MONDO:0008767,studies,reporter,https://reporter.nih.gov/project-details/11417532,2026-10-03,0.95,observed,supports,,"The study is open to all individuals with neuronal ceroid lipofuscinosis; initial analyses will target higher prevalence disease forms: CLN1, CLN2, CLN3, and CLN6 diseases.",,,
E0685c9c,RePORTER:U01NS148918,MONDO:0008767,studies,reporter,https://reporter.nih.gov/project-details/11348100,2026-10-03,0.95,observed,supports,,IND-Enabling Studies of an Antisense Oligonucleotide Therapy for CLN3 Batten Disease,,,
Eb70d387,PERSON:9608833,RePORTER:U01NS148918,pi_of,reporter,https://reporter.nih.gov/project-details/11348100,2026-10-03,0.95,observed,supports,,,,,
Ed725662,ORG:NIH_NINDS,RePORTER:U01NS148918,funds,reporter,https://reporter.nih.gov/project-details/11348100,2026-10-03,0.95,observed,supports,,,,,
E246b584,RePORTER:R01NS140682,MONDO:0008767,studies,reporter,https://reporter.nih.gov/project-details/11370693,2026-10-03,0.95,observed,supports,,"Our preliminary data reveal profound ENS neurodegeneration in mouse models of CLN1, CLN2 and CLN3 disease, the major forms of NCL.",,,
Edd559f3,RePORTER:R03NS146860,MONDO:0008767,studies,reporter,https://reporter.nih.gov/project-details/11285738,2026-10-03,0.95,observed,supports,,Investigating TTYH3 and Its Relation to CLN3 Batten Disease,,,
Eb38c2d1,PERSON:8310828,RePORTER:R03NS146860,pi_of,reporter,https://reporter.nih.gov/project-details/11285738,2026-10-03,0.95,observed,supports,,,,,
Ea22db1a,ORG:NIH_NINDS,RePORTER:R03NS146860,funds,reporter,https://reporter.nih.gov/project-details/11285738,2026-10-03,0.95,observed,supports,,,,,
Ee2e1cfd,RePORTER:U54HD122210,MONDO:0008767,studies,reporter,https://reporter.nih.gov/project-details/11417535,2026-10-03,0.95,observed,supports,,"Leveraging our prior experience with DIABLO/sPLS-DA modeling in CLN3 disease, we will collaborate with the BDCRC Administrative Core to integrate and analyze data, resulting in a comprehensive scoring system.",,,
E6d64cb3,PERSON:7864776,RePORTER:U54HD122210,pi_of,reporter,https://reporter.nih.gov/project-details/11417535,2026-10-03,0.95,observed,supports,,,,,
E011ef2f,ORG:NIH_NICHD,RePORTER:U54HD122210,funds,reporter,https://reporter.nih.gov/project-details/11417535,2026-10-03,0.95,observed,supports,,,,,
E62dfff7,PMID:41642869,MONDO:0008767,mentions,pubmed,https://pubmed.ncbi.nlm.nih.gov/41642869/,2026-10-03,0.95,observed,supports,,Neurodevelopmental and Psychiatric Disorders and the Use of Psychotropic Medications in a National Sample of Individuals With Juvenile Neuronal Ceroid Lipofuscinosis.,,,
E732230c,PMID:42794762,MONDO:0008767,mentions,pubmed,https://pubmed.ncbi.nlm.nih.gov/42794762/,2026-10-03,0.95,observed,supports,,"Miglustat in Neuronopathic Lysosomal Storage Disorders: Biological Rationale, Clinical Evidence, and Limits of Repurposing.",,,
Efd59266,PMID:42691200,MONDO:0008767,mentions,pubmed,https://pubmed.ncbi.nlm.nih.gov/42691200/,2026-10-03,0.95,observed,supports,,CLN3-Related Disorder.,,,
Eedd836d,PMID:42647598,MONDO:0008767,mentions,pubmed,https://pubmed.ncbi.nlm.nih.gov/42647598/,2026-10-03,0.95,observed,supports,,A 3D human retina model reveals a non-cell-autonomous and non-neuronal mechanism of photoreceptor loss in a lysosomal storage disorder.,,,
Ec0d5e72,PMID:42632523,MONDO:0008767,mentions,pubmed,https://pubmed.ncbi.nlm.nih.gov/42632523/,2026-10-03,0.95,observed,supports,,Functional ultrasound imaging reveals early pathway-specific reorganization of central visual circuits in a mouse model of Batten disease.,,,
Ec81c2d2,NCT00029965,MONDO:0009260,studies,ctgov,https://clinicaltrials.gov/study/NCT00029965,2026-10-03,0.95,observed,supports,,Conditions: Neurological Regression; Myoclonus; Cherry Red Spot; Brain Atrophy,,,
E1c38ce1,NCT07082725,MONDO:0009260,studies,ctgov,https://clinicaltrials.gov/study/NCT07082725,2026-10-03,0.95,observed,supports,,Conditions: Niemann-Pick Type C Disease,,,
E118ac08,NCT07054515,MONDO:0009260,studies,ctgov,https://clinicaltrials.gov/study/NCT07054515,2026-10-03,0.95,observed,supports,,Conditions: Niemann-Pick Type C Disease; GM1 Gangliosidosis; GM2 Gangliosidosis,,,
E93e7b0e,NCT07082543,MONDO:0009260,studies,ctgov,https://clinicaltrials.gov/study/NCT07082543,2026-10-03,0.95,observed,supports,,"Conditions: Gangliosidoses, GM2; Gangliosidosis, GM1",,,
E7239626,NCT03952637,COUNTRY:US,has_site_in,ctgov,https://clinicaltrials.gov/study/NCT03952637,2026-10-03,0.95,observed,supports,,,,,
E66ca8c7,NCT03952637,MONDO:0009260,studies,ctgov,https://clinicaltrials.gov/study/NCT03952637,2026-10-03,0.95,observed,supports,,Conditions: Lysosomal Diseases; Gangliosidosis; GM1,,,
Ee991361,ORG:National_Human_Genome_Research_Institute,NCT03952637,runs,ctgov,https://clinicaltrials.gov/study/NCT03952637,2026-10-03,0.95,observed,supports,,,,,
E77cb86a,NCT03952637,INTERVENTION:AAV9_GLB1,tests,ctgov,https://clinicaltrials.gov/study/NCT03952637,2026-10-03,0.95,observed,supports,,,,,
Ed9ba6e0,NCT03952637,INTERVENTION:Rituximab,tests,ctgov,https://clinicaltrials.gov/study/NCT03952637,2026-10-03,0.95,observed,supports,,,,,
E6df8f20,NCT03952637,INTERVENTION:Sirolimus,tests,ctgov,https://clinicaltrials.gov/study/NCT03952637,2026-10-03,0.95,observed,supports,,,,,
E4b7b211,NCT03952637,INTERVENTION:Methylprednisolone,tests,ctgov,https://clinicaltrials.gov/study/NCT03952637,2026-10-03,0.95,observed,supports,,,,,
E9fabf02,NCT03952637,INTERVENTION:Prednisone,tests,ctgov,https://clinicaltrials.gov/study/NCT03952637,2026-10-03,0.95,observed,supports,,,,,
Eacd0141,RePORTER:U01NS146166,MONDO:0009260,studies,reporter,https://reporter.nih.gov/project-details/11281711,2026-10-03,0.95,observed,supports,,Prenatal AAV9 gene replacement therapy for patients with severe infantile GM1 gangliosidosis,,,
E28a6fee,PERSON:9196466,RePORTER:U01NS146166,pi_of,reporter,https://reporter.nih.gov/project-details/11281711,2026-10-03,0.95,observed,supports,,,,,
E8018779,ORG:NIH_NINDS,RePORTER:U01NS146166,funds,reporter,https://reporter.nih.gov/project-details/11281711,2026-10-03,0.95,observed,supports,,,,,
Eeb25e7d,RePORTER:R44NS141514,MONDO:0009260,studies,reporter,https://reporter.nih.gov/project-details/11627834,2026-10-03,0.95,observed,supports,,GM1-gangliosidosis is a neurosomatic lysosomal storage disease linked to mutations in the GLB1 gene that encodes lysosomal acid β-galactosidase (β-Gal).,,,
Eefe7dac,PERSON:12642772,RePORTER:R44NS141514,pi_of,reporter,https://reporter.nih.gov/project-details/11627834,2026-10-03,0.95,observed,supports,,,,,
Ed59f4b9,PERSON:1928016,RePORTER:R44NS141514,pi_of,reporter,https://reporter.nih.gov/project-details/11627834,2026-10-03,0.95,observed,supports,,,,,
E73d2169,PERSON:15964704,RePORTER:R44NS141514,pi_of,reporter,https://reporter.nih.gov/project-details/11627834,2026-10-03,0.95,observed,supports,,,,,
Eba5a545,ORG:NIH_NINDS,RePORTER:R44NS141514,funds,reporter,https://reporter.nih.gov/project-details/11627834,2026-10-03,0.95,observed,supports,,,,,
E497208f,RePORTER:R44NS141514,MONDO:0009260,studies,reporter,https://reporter.nih.gov/project-details/11184602,2026-10-03,0.95,observed,supports,,GM1-gangliosidosis is a neurosomatic lysosomal storage disease linked to mutations in the GLB1 gene that encodes lysosomal acid β-galactosidase (β-Gal).,,,
E3bd0bd7,PERSON:12642772,RePORTER:R44NS141514,pi_of,reporter,https://reporter.nih.gov/project-details/11184602,2026-10-03,0.95,observed,supports,,,,,
E9ff206c,PERSON:1928016,RePORTER:R44NS141514,pi_of,reporter,https://reporter.nih.gov/project-details/11184602,2026-10-03,0.95,observed,supports,,,,,
E3296143,PERSON:15964704,RePORTER:R44NS141514,pi_of,reporter,https://reporter.nih.gov/project-details/11184602,2026-10-03,0.95,observed,supports,,,,,
Ef9652bf,ORG:NIH_NINDS,RePORTER:R44NS141514,funds,reporter,https://reporter.nih.gov/project-details/11184602,2026-10-03,0.95,observed,supports,,,,,
Eef783f2,RePORTER:ZIADK056014,MONDO:0009260,studies,reporter,https://reporter.nih.gov/project-details/11188576,2026-10-03,0.95,observed,supports,,"GM1 gangliosidosis is a neurodegenerative disorder caused by mutations in the GLB1 gene, which encodes lysosomal beta-galactosidase.",,,
E5d509f4,PERSON:9415586,RePORTER:ZIADK056014,pi_of,reporter,https://reporter.nih.gov/project-details/11188576,2026-10-03,0.95,observed,supports,,,,,
E6b27c3a,ORG:NIH_NIDDK,RePORTER:ZIADK056014,funds,reporter,https://reporter.nih.gov/project-details/11188576,2026-10-03,0.95,observed,supports,,,,,
Eaa799df,PMID:42782580,MONDO:0009260,mentions,pubmed,https://pubmed.ncbi.nlm.nih.gov/42782580/,2026-10-03,0.95,observed,supports,,Single-nucleus RNA sequencing reveals excitatory and inhibitory neuronal subtype imbalance and its potential regulatory mechanisms in GM1 gangliosidosis.,,,
Eeb4334e,PMID:42794762,MONDO:0009260,mentions,pubmed,https://pubmed.ncbi.nlm.nih.gov/42794762/,2026-10-03,0.95,observed,supports,,"Miglustat in Neuronopathic Lysosomal Storage Disorders: Biological Rationale, Clinical Evidence, and Limits of Repurposing.",,,
E18032b0,PMID:42818441,MONDO:0009260,mentions,pubmed,https://pubmed.ncbi.nlm.nih.gov/42818441/,2026-10-03,0.95,observed,supports,,Expanded Access use of Intravenous Gene Transfer with AAV9-GLB1 in a Juvenile GM1 Gangliosidosis Participant.,,,
E1d869e4,PMID:42410243,MONDO:0009260,mentions,pubmed,https://pubmed.ncbi.nlm.nih.gov/42410243/,2026-10-03,0.95,observed,supports,,Brain aging in Type II GM1 gangliosidosis.,,,
E11cfeaf,PMID:42160923,MONDO:0009260,mentions,pubmed,https://pubmed.ncbi.nlm.nih.gov/42160923/,2026-10-03,0.95,observed,supports,,Diagnostic and therapeutic applications of the glycan biomarker H3N2b in GM1 Gangliosidosis.,,,
E1dbdecb,NCT04470713,COUNTRY:US,has_site_in,ctgov,https://clinicaltrials.gov/study/NCT04470713,2026-10-03,0.95,observed,supports,,,,,
Eff60089,NCT04470713,COUNTRY:BE,has_site_in,ctgov,https://clinicaltrials.gov/study/NCT04470713,2026-10-03,0.95,observed,supports,,,,,
E2dace9b,NCT04470713,COUNTRY:BR,has_site_in,ctgov,https://clinicaltrials.gov/study/NCT04470713,2026-10-03,0.95,observed,supports,,,,,
E081cc5e,NCT04470713,COUNTRY:FR,has_site_in,ctgov,https://clinicaltrials.gov/study/NCT04470713,2026-10-03,0.95,observed,supports,,,,,
E15195ab,NCT04470713,COUNTRY:DE,has_site_in,ctgov,https://clinicaltrials.gov/study/NCT04470713,2026-10-03,0.95,observed,supports,,,,,
Ef1ca983,NCT04470713,COUNTRY:IT,has_site_in,ctgov,https://clinicaltrials.gov/study/NCT04470713,2026-10-03,0.95,observed,supports,,,,,
E2ffd333,NCT04470713,COUNTRY:PT,has_site_in,ctgov,https://clinicaltrials.gov/study/NCT04470713,2026-10-03,0.95,observed,supports,,,,,
E403578f,NCT04470713,COUNTRY:ES,has_site_in,ctgov,https://clinicaltrials.gov/study/NCT04470713,2026-10-03,0.95,observed,supports,,,,,
E86a16be,NCT04470713,COUNTRY:CH,has_site_in,ctgov,https://clinicaltrials.gov/study/NCT04470713,2026-10-03,0.95,observed,supports,,,,,
E2684d16,NCT04470713,COUNTRY:GB,has_site_in,ctgov,https://clinicaltrials.gov/study/NCT04470713,2026-10-03,0.95,observed,supports,,,,,
E5a0d41e,NCT04470713,MONDO:0010099,studies,ctgov,https://clinicaltrials.gov/study/NCT04470713,2026-10-03,0.95,observed,supports,,"Conditions: GM1 Gangliosidosis; GM2 Gangliosidosis; Gaucher Disease, Type 2; Tay-Sachs Disease; AB Variant Gangliosidosis GM2; Sandhoff Disease",,,
E2bbdda4,ORG:Idorsia_Pharmaceuticals_Ltd,NCT04470713,runs,ctgov,https://clinicaltrials.gov/study/NCT04470713,2026-10-03,0.95,observed,supports,,,,,
E3e65ff6,NCT04624789,COUNTRY:DE,has_site_in,ctgov,https://clinicaltrials.gov/study/NCT04624789,2026-10-03,0.95,observed,supports,,,,,
E1de801c,NCT04624789,MONDO:0010099,studies,ctgov,https://clinicaltrials.gov/study/NCT04624789,2026-10-03,0.95,observed,supports,,"Conditions: Gangliosidoses; GM1 Gangliosidosis; Morquio B Disease; Sialidosis; Galactosialidosis; Gm2-Gangliosidosis, Variant B1; Tay-Sachs Disease; Sandhoff Disease; GM2 Activator Deficiency",,,
E5c45a48,ORG:SphinCS_Lyso_Gemeinnutzige_UG_Haftungsbe,NCT04624789,runs,ctgov,https://clinicaltrials.gov/study/NCT04624789,2026-10-03,0.95,observed,supports,,,,,
E1d2e970,NCT00418847,COUNTRY:CA,has_site_in,ctgov,https://clinicaltrials.gov/study/NCT00418847,2026-10-03,0.95,observed,supports,,,,,
E9f76fd6,NCT00418847,MONDO:0010099,studies,ctgov,https://clinicaltrials.gov/study/NCT00418847,2026-10-03,0.95,observed,supports,,Conditions: Gangliosidoses GM2,,,
Ec8e5090,ORG:The_Hospital_for_Sick_Children,NCT00418847,runs,ctgov,https://clinicaltrials.gov/study/NCT00418847,2026-10-03,0.95,observed,supports,,,,,
Ee868ceb,NCT00418847,INTERVENTION:miglustat,tests,ctgov,https://clinicaltrials.gov/study/NCT00418847,2026-10-03,0.95,observed,supports,,,,,
Ea1cdec0,PMID:41111867,MONDO:0010099,mentions,pubmed,https://pubmed.ncbi.nlm.nih.gov/41111867/,2026-10-03,0.95,observed,supports,,GM2 Gangliosidosis AB Variant: A Hidden Truth.,,,
Eb793fdc,PMID:40543381,MONDO:0010099,mentions,pubmed,https://pubmed.ncbi.nlm.nih.gov/40543381/,2026-10-03,0.95,observed,supports,,Secondary accumulation of lyso-platelet activating factors in lysosomal storage diseases.,,,
E11f4e9f,PMID:40386041,MONDO:0010099,mentions,pubmed,https://pubmed.ncbi.nlm.nih.gov/40386041/,2026-10-03,0.95,observed,supports,,GM2 activator deficiency: An ultra-rare disorder with a new case and review of 22 published cases.,,,
E546877d,PMID:39644670,MONDO:0010099,mentions,pubmed,https://pubmed.ncbi.nlm.nih.gov/39644670/,2026-10-03,0.95,observed,supports,,Clinical and biochemical abnormalities in a feline model of GM2 activator deficiency.,,,
E7dd5b37,PMID:38165373,MONDO:0010099,mentions,pubmed,https://pubmed.ncbi.nlm.nih.gov/38165373/,2026-10-03,0.95,observed,supports,,"Clinical, Imaging, Genetic, and Disease Course Characteristics in Patients With GM2 Gangliosidosis: Beyond Age of Onset.",,,
E11ab202,NCT07082725,MONDO:0009756,studies,ctgov,https://clinicaltrials.gov/study/NCT07082725,2026-10-03,0.95,observed,supports,,Conditions: Niemann-Pick Type C Disease,,,
E26d58fe,NCT07054515,MONDO:0009756,studies,ctgov,https://clinicaltrials.gov/study/NCT07054515,2026-10-03,0.95,observed,supports,,Conditions: Niemann-Pick Type C Disease; GM1 Gangliosidosis; GM2 Gangliosidosis,,,
E3795fcf,NCT07082543,MONDO:0009756,studies,ctgov,https://clinicaltrials.gov/study/NCT07082543,2026-10-03,0.95,observed,supports,,"Conditions: Gangliosidoses, GM2; Gangliosidosis, GM1",,,
Ee7c3f8c,NCT06192576,COUNTRY:US,has_site_in,ctgov,https://clinicaltrials.gov/study/NCT06192576,2026-10-03,0.95,observed,supports,,,,,
Eb112f38,NCT06192576,MONDO:0009756,studies,ctgov,https://clinicaltrials.gov/study/NCT06192576,2026-10-03,0.95,observed,supports,,Conditions: Niemann-Pick Diseases; Acid Sphingomyelinase Deficiency,,,
E80354ec,ORG:Sanofi,NCT06192576,runs,ctgov,https://clinicaltrials.gov/study/NCT06192576,2026-10-03,0.95,observed,supports,,,,,
Ed83c864,NCT06192576,INTERVENTION:Olipudase_alfa,tests,ctgov,https://clinicaltrials.gov/study/NCT06192576,2026-10-03,0.95,observed,supports,,,,,
E853499f,NCT05642221,MONDO:0009756,studies,ctgov,https://clinicaltrials.gov/study/NCT05642221,2026-10-03,0.95,observed,supports,,Conditions: Juvenile Neuronal Ceroid Lipofuscinosis; Smith-Lemli-Opitz Syndrome; Creatine Transporter Deficiency; Niemann-Pick Disease Type C1,,,
E2ee7548,PMID:42800888,MONDO:0009756,mentions,pubmed,https://pubmed.ncbi.nlm.nih.gov/42800888/,2026-10-03,0.95,observed,supports,,"From guidelines to real-world practice: clinical, biochemical, and genetic insights in a series of Moroccan patients with acid sphingomyelinase deficiency.",,,
E34ecf60,PMID:42786969,MONDO:0009756,mentions,pubmed,https://pubmed.ncbi.nlm.nih.gov/42786969/,2026-10-03,0.95,observed,supports,,Acid Sphingomyelinase Deficiency in an Adult with Unexplained Splenomegaly Despite Negative SMPD1 Sequencing: A Case Report.,,,
Ee607e74,PMID:42684456,MONDO:0009756,mentions,pubmed,https://pubmed.ncbi.nlm.nih.gov/42684456/,2026-10-03,0.95,observed,supports,,"Targeting of Acid Sphingomyelinase, a Lysosomal Membrane Protein, Using Apolipoprotein E3-containing Nanodiscs.",,,
Efb55a6d,PMID:42641356,MONDO:0009756,mentions,pubmed,https://pubmed.ncbi.nlm.nih.gov/42641356/,2026-10-03,0.95,observed,supports,,Multiplex MSMS measurement of lysosomal enzymes enables incidental diagnosis of acid sphingomyelinase deficiency in patients evaluated for Gaucher disease.,,,
E8148f88,PMID:42587127,MONDO:0009756,mentions,pubmed,https://pubmed.ncbi.nlm.nih.gov/42587127/,2026-10-03,0.95,observed,supports,,Targeting CD44 reverses sphingomyelin-induced oligodendrocyte maturation arrest in acid sphingomyelinase deficiency.,,,
E9cadb6d,NCT06214507,COUNTRY:US,has_site_in,ctgov,https://clinicaltrials.gov/study/NCT06214507,2026-10-03,0.95,observed,supports,,,,,
Efeffc76,NCT06214507,COUNTRY:DE,has_site_in,ctgov,https://clinicaltrials.gov/study/NCT06214507,2026-10-03,0.95,observed,supports,,,,,
E82505d2,NCT06214507,COUNTRY:IL,has_site_in,ctgov,https://clinicaltrials.gov/study/NCT06214507,2026-10-03,0.95,observed,supports,,,,,
Eadecf2e,NCT06214507,COUNTRY:IT,has_site_in,ctgov,https://clinicaltrials.gov/study/NCT06214507,2026-10-03,0.95,observed,supports,,,,,
Edfa898e,NCT06214507,COUNTRY:ES,has_site_in,ctgov,https://clinicaltrials.gov/study/NCT06214507,2026-10-03,0.95,observed,supports,,,,,
E8fa8fa3,NCT06214507,COUNTRY:GB,has_site_in,ctgov,https://clinicaltrials.gov/study/NCT06214507,2026-10-03,0.95,observed,supports,,,,,
Ea370024,NCT06214507,MONDO:0010281,studies,ctgov,https://clinicaltrials.gov/study/NCT06214507,2026-10-03,0.95,observed,supports,,Conditions: Danon Disease,,,
E822f114,ORG:Rocket_Pharmaceuticals_Inc,NCT06214507,runs,ctgov,https://clinicaltrials.gov/study/NCT06214507,2026-10-03,0.95,observed,supports,,,,,
E77e875f,NCT06092034,COUNTRY:US,has_site_in,ctgov,https://clinicaltrials.gov/study/NCT06092034,2026-10-03,0.95,observed,supports,,,,,
E5e48ead,NCT06092034,COUNTRY:DE,has_site_in,ctgov,https://clinicaltrials.gov/study/NCT06092034,2026-10-03,0.95,observed,supports,,,,,
E1668b79,NCT06092034,COUNTRY:IT,has_site_in,ctgov,https://clinicaltrials.gov/study/NCT06092034,2026-10-03,0.95,observed,supports,,,,,
E4192620,NCT06092034,COUNTRY:GB,has_site_in,ctgov,https://clinicaltrials.gov/study/NCT06092034,2026-10-03,0.95,observed,supports,,,,,
Ec165b8d,NCT06092034,MONDO:0010281,studies,ctgov,https://clinicaltrials.gov/study/NCT06092034,2026-10-03,0.95,observed,supports,,Conditions: Danon Disease,,,
Ee764f20,ORG:Rocket_Pharmaceuticals_Inc,NCT06092034,runs,ctgov,https://clinicaltrials.gov/study/NCT06092034,2026-10-03,0.95,observed,supports,,,,,
Ef3ad63e,NCT06092034,INTERVENTION:RP_A501,tests,ctgov,https://clinicaltrials.gov/study/NCT06092034,2026-10-03,0.95,observed,supports,,,,,
E14467f7,NCT07336394,COUNTRY:CN,has_site_in,ctgov,https://clinicaltrials.gov/study/NCT07336394,2026-10-03,0.95,observed,supports,,,,,
E6c048cc,NCT07336394,MONDO:0010281,studies,ctgov,https://clinicaltrials.gov/study/NCT07336394,2026-10-03,0.95,observed,supports,,Conditions: Danon Disease; Fabry Disease; Cardiac Amyloidosis; Noonan Syndrome; Cardiac Sarcoidosis; Glycogen Storage Disease; Idiopathic Cardiomyopathy,,,
E948e7e8,ORG:Chinese_Academy_of_Medical_Sciences_Fuwa,NCT07336394,runs,ctgov,https://clinicaltrials.gov/study/NCT07336394,2026-10-03,0.95,observed,supports,,,,,
E37cc651,NCT06795152,COUNTRY:US,has_site_in,ctgov,https://clinicaltrials.gov/study/NCT06795152,2026-10-03,0.95,observed,supports,,,,,
E485f287,NCT06795152,MONDO:0010281,studies,ctgov,https://clinicaltrials.gov/study/NCT06795152,2026-10-03,0.95,observed,supports,,Conditions: Glycogen Storage Disease; GSD Type 0A; GSD Type 0B; GSD VII; Tarui Disease; GSD X; GSD XII; GSD XIII; GSD XV; PGBM2; PRKAG2; Danon Disease; Polyglucosan Body Myopathy Type 1; Polyglucosan Body Myopathy Type 2; RBCK1 Deficiency,,,
E4e42edb,ORG:Duke_University,NCT06795152,runs,ctgov,https://clinicaltrials.gov/study/NCT06795152,2026-10-03,0.95,observed,supports,,,,,
E8c9ce4b,NCT05548855,COUNTRY:CZ,has_site_in,ctgov,https://clinicaltrials.gov/study/NCT05548855,2026-10-03,0.95,observed,supports,,,,,
Ef9f78bd,NCT05548855,COUNTRY:FR,has_site_in,ctgov,https://clinicaltrials.gov/study/NCT05548855,2026-10-03,0.95,observed,supports,,,,,
E87eb350,NCT05548855,COUNTRY:IE,has_site_in,ctgov,https://clinicaltrials.gov/study/NCT05548855,2026-10-03,0.95,observed,supports,,,,,
Eae5d3a2,NCT05548855,COUNTRY:IT,has_site_in,ctgov,https://clinicaltrials.gov/study/NCT05548855,2026-10-03,0.95,observed,supports,,,,,
Ec22f80f,NCT05548855,COUNTRY:ES,has_site_in,ctgov,https://clinicaltrials.gov/study/NCT05548855,2026-10-03,0.95,observed,supports,,,,,
E517d94f,NCT05548855,MONDO:0010281,studies,ctgov,https://clinicaltrials.gov/study/NCT05548855,2026-10-03,0.95,observed,supports,,Conditions: Danon Disease,,,
E518cc81,ORG:Rocket_Pharmaceuticals_Inc,NCT05548855,runs,ctgov,https://clinicaltrials.gov/study/NCT05548855,2026-10-03,0.95,observed,supports,,,,,
E042e259,RePORTER:R35GM154665,MONDO:0010281,studies,reporter,https://reporter.nih.gov/project-details/11401891,2026-10-03,0.95,observed,supports,,"This fundamental understanding of glycophagy in metabolism that this work will provide will benefit a broad array of genetic and metabolic diseases where glycogen metabolism is involved, such as Pompe disease, Danon disease, cancer, heart disease, diabetes, and brain disease.",,,
E2e5d60a,PERSON:11942734,RePORTER:R35GM154665,pi_of,reporter,https://reporter.nih.gov/project-details/11401891,2026-10-03,0.95,observed,supports,,,,,
Eefb11fc,ORG:NIH_NIGMS,RePORTER:R35GM154665,funds,reporter,https://reporter.nih.gov/project-details/11401891,2026-10-03,0.95,observed,supports,,,,,
E34446f3,RePORTER:R35GM154665,MONDO:0010281,studies,reporter,https://reporter.nih.gov/project-details/11143126,2026-10-03,0.95,observed,supports,,"This fundamental understanding of glycophagy in metabolism that this work will provide will benefit a broad array of genetic and metabolic diseases where glycogen metabolism is involved, such as Pompe disease, Danon disease, cancer, heart disease, diabetes, and brain disease.",,,
E504037b,PERSON:11942734,RePORTER:R35GM154665,pi_of,reporter,https://reporter.nih.gov/project-details/11143126,2026-10-03,0.95,observed,supports,,,,,
Ea8a707c,ORG:NIH_NIGMS,RePORTER:R35GM154665,funds,reporter,https://reporter.nih.gov/project-details/11143126,2026-10-03,0.95,observed,supports,,,,,
E46a52c0,RePORTER:R35GM154665,MONDO:0010281,studies,reporter,https://reporter.nih.gov/project-details/11322813,2026-10-03,0.95,observed,supports,,"This fundamental understanding of glycophagy in metabolism that this work will provide will benefit a broad array of genetic and metabolic diseases where glycogen metabolism is involved, such as Pompe disease, Danon disease, cancer, heart disease, diabetes, and brain disease.",,,
E2735903,PERSON:11942734,RePORTER:R35GM154665,pi_of,reporter,https://reporter.nih.gov/project-details/11322813,2026-10-03,0.95,observed,supports,,,,,
Ec3867e1,ORG:NIH_NIGMS,RePORTER:R35GM154665,funds,reporter,https://reporter.nih.gov/project-details/11322813,2026-10-03,0.95,observed,supports,,,,,
E5506cee,RePORTER:R35GM154665,MONDO:0010281,studies,reporter,https://reporter.nih.gov/project-details/10934905,2026-10-03,0.95,observed,supports,,"This fundamental understanding of glycophagy in metabolism that this work will provide will benefit a broad array of genetic and metabolic diseases where glycogen metabolism is involved, such as Pompe disease, Danon disease, cancer, heart disease, diabetes, and brain disease.",,,
E991682c,PERSON:11942734,RePORTER:R35GM154665,pi_of,reporter,https://reporter.nih.gov/project-details/10934905,2026-10-03,0.95,observed,supports,,,,,
E2be90ee,ORG:NIH_NIGMS,RePORTER:R35GM154665,funds,reporter,https://reporter.nih.gov/project-details/10934905,2026-10-03,0.95,observed,supports,,,,,
Ee1573b0,PMID:42776111,MONDO:0010281,mentions,pubmed,https://pubmed.ncbi.nlm.nih.gov/42776111/,2026-10-03,0.95,observed,supports,,Phenotypic Transition From Danon Disease to Arrhythmogenic Cardiomyopathy: Multimodality and Histopathologic Evidence.,,,
Efb02f86,PMID:42758711,MONDO:0010281,mentions,pubmed,https://pubmed.ncbi.nlm.nih.gov/42758711/,2026-10-03,0.95,observed,supports,,Shotgun metagenomic profiling of the fecal microbiome in Lamp2 knockout mice reveals limited genotype-associated differences under standard housing.,,,
Ec4db2d2,PMID:42590185,MONDO:0010281,mentions,pubmed,https://pubmed.ncbi.nlm.nih.gov/42590185/,2026-10-03,0.95,observed,supports,,Serial Cardiovascular Magnetic Resonance Evolution of Late-Onset Female Danon Disease Initially Diagnosed as Hypertrophic Cardiomyopathy: A Case Report.,,,
E0ebc691,PMID:42382315,MONDO:0010281,mentions,pubmed,https://pubmed.ncbi.nlm.nih.gov/42382315/,2026-10-03,0.95,observed,supports,,Cardiac characteristics of Chinese patients with Danon disease associated with LAMP2 p.Leu325fs variants.,,,
E858c674,PMID:42493727,MONDO:0010281,mentions,pubmed,https://pubmed.ncbi.nlm.nih.gov/42493727/,2026-10-03,0.95,observed,supports,,Danon disease: a rare etiology of left ventricular hypertrophy.,,,
E38e3af2,NCT00302146,MONDO:0008199,studies,ctgov,https://clinicaltrials.gov/study/NCT00302146,2026-10-03,0.95,observed,supports,,Conditions: Parkinson Disease; Gaucher Disease,,,
Eecc72bc,NCT00001215,COUNTRY:US,has_site_in,ctgov,https://clinicaltrials.gov/study/NCT00001215,2026-10-03,0.95,observed,supports,,,,,
Eb944295,NCT00001215,MONDO:0008199,studies,ctgov,https://clinicaltrials.gov/study/NCT00001215,2026-10-03,0.95,observed,supports,,Conditions: Lysosomal Storage Disorders; Gaucher Disease; Parkinson Disease,,,
E4f58b66,ORG:National_Human_Genome_Research_Institute,NCT00001215,runs,ctgov,https://clinicaltrials.gov/study/NCT00001215,2026-10-03,0.95,observed,supports,,,,,
E9a1447d,NCT04127578,COUNTRY:US,has_site_in,ctgov,https://clinicaltrials.gov/study/NCT04127578,2026-10-03,0.95,observed,supports,,,,,
Efced915,NCT04127578,COUNTRY:IL,has_site_in,ctgov,https://clinicaltrials.gov/study/NCT04127578,2026-10-03,0.95,observed,supports,,,,,
E709971f,NCT04127578,MONDO:0008199,studies,ctgov,https://clinicaltrials.gov/study/NCT04127578,2026-10-03,0.95,observed,supports,,Conditions: Parkinson Disease,,,
E54173b0,ORG:Prevail_Therapeutics,NCT04127578,runs,ctgov,https://clinicaltrials.gov/study/NCT04127578,2026-10-03,0.95,observed,supports,,,,,
E99d93eb,NCT04127578,INTERVENTION:LY3884961,tests,ctgov,https://clinicaltrials.gov/study/NCT04127578,2026-10-03,0.95,observed,supports,,,,,
E840bf28,NCT04127578,INTERVENTION:Methylprednisolone,tests,ctgov,https://clinicaltrials.gov/study/NCT04127578,2026-10-03,0.95,observed,supports,,,,,
Ee4dc801,NCT04127578,INTERVENTION:Sirolimus,tests,ctgov,https://clinicaltrials.gov/study/NCT04127578,2026-10-03,0.95,observed,supports,,,,,
E0b7c828,NCT04101968,COUNTRY:US,has_site_in,ctgov,https://clinicaltrials.gov/study/NCT04101968,2026-10-03,0.95,observed,supports,,,,,
E45748b0,NCT04101968,COUNTRY:CA,has_site_in,ctgov,https://clinicaltrials.gov/study/NCT04101968,2026-10-03,0.95,observed,supports,,,,,
E8433915,NCT04101968,MONDO:0008199,studies,ctgov,https://clinicaltrials.gov/study/NCT04101968,2026-10-03,0.95,observed,supports,,Conditions: Parkinson Disease; GBA Gene Mutation; Gaucher Disease,,,
E0fab56b,ORG:Pacific_Parkinson_s_Research_Centre,NCT04101968,runs,ctgov,https://clinicaltrials.gov/study/NCT04101968,2026-10-03,0.95,observed,supports,,,,,
E09720eb,NCT07522606,COUNTRY:US,has_site_in,ctgov,https://clinicaltrials.gov/study/NCT07522606,2026-10-03,0.95,observed,supports,,,,,
Ee304b33,NCT07522606,COUNTRY:IT,has_site_in,ctgov,https://clinicaltrials.gov/study/NCT07522606,2026-10-03,0.95,observed,supports,,,,,
E0e0a228,NCT07522606,COUNTRY:PT,has_site_in,ctgov,https://clinicaltrials.gov/study/NCT07522606,2026-10-03,0.95,observed,supports,,,,,
E2f615a3,NCT07522606,COUNTRY:ES,has_site_in,ctgov,https://clinicaltrials.gov/study/NCT07522606,2026-10-03,0.95,observed,supports,,,,,
E89ac436,NCT07522606,COUNTRY:GB,has_site_in,ctgov,https://clinicaltrials.gov/study/NCT07522606,2026-10-03,0.95,observed,supports,,,,,
E634914c,NCT07522606,MONDO:0008199,studies,ctgov,https://clinicaltrials.gov/study/NCT07522606,2026-10-03,0.95,observed,supports,,Conditions: Parkinson Disease,,,
Eff10cb4,ORG:Bial_R_D_Investments_S_A,NCT07522606,runs,ctgov,https://clinicaltrials.gov/study/NCT07522606,2026-10-03,0.95,observed,supports,,,,,
Eee1d4d7,NCT07522606,INTERVENTION:BIA_28_6156,tests,ctgov,https://clinicaltrials.gov/study/NCT07522606,2026-10-03,0.95,observed,supports,,,,,
Eed2a9bc,RePORTER:R21NS146759,MONDO:0008199,studies,reporter,https://reporter.nih.gov/project-details/11453161,2026-10-03,0.95,observed,supports,,Identification of the Palmitoyltransferase for Glucocerebrosidase Trafficking Receptor LIMP2 and Restoration of GBA1 Function in Parkinson Disease and Lewy Body Dementia.,,,
Ef5a06f5,PERSON:14796901,RePORTER:R21NS146759,pi_of,reporter,https://reporter.nih.gov/project-details/11453161,2026-10-03,0.95,observed,supports,,,,,
Ef68f7ec,ORG:NIH_NINDS,RePORTER:R21NS146759,funds,reporter,https://reporter.nih.gov/project-details/11453161,2026-10-03,0.95,observed,supports,,,,,
Ec29faa5,RePORTER:ZIAAI001086,MONDO:0008199,studies,reporter,https://reporter.nih.gov/project-details/11403310,2026-10-03,0.95,observed,supports,,TTT was faster in GBA-Parkinson’s disease compared with sporadic PD in both the PPMI (p=0.04) and Tuebingen (p=0.01) cohorts.,,,
Eccaea00,PERSON:6568487,RePORTER:ZIAAI001086,pi_of,reporter,https://reporter.nih.gov/project-details/11403310,2026-10-03,0.95,observed,supports,,,,,
Ed96c91f,ORG:NIH_NIAID,RePORTER:ZIAAI001086,funds,reporter,https://reporter.nih.gov/project-details/11403310,2026-10-03,0.95,observed,supports,,,,,
Ef8538f0,PMID:42774662,MONDO:0008199,mentions,pubmed,https://pubmed.ncbi.nlm.nih.gov/42774662/,2026-10-03,0.95,observed,supports,,Clinical course and biomarkers in patients with type 1 Gaucher disease and Parkinson's disease: A retrospective cohort study.,,,
E4cfd1f4,PMID:42697520,MONDO:0008199,mentions,pubmed,https://pubmed.ncbi.nlm.nih.gov/42697520/,2026-10-03,0.95,observed,supports,,Microbiota-derived metabolite-GPCR signalling in neurodegeneration.,,,
Ea03fbfa,PMID:42825921,MONDO:0008199,mentions,pubmed,https://pubmed.ncbi.nlm.nih.gov/42825921/,2026-10-03,0.95,observed,supports,,"Founder mutations in movement disorders: global distribution, molecular mechanisms, and clinical consequences-a scoping review.",,,
Ed21ac88,PMID:42821122,MONDO:0008199,mentions,pubmed,https://pubmed.ncbi.nlm.nih.gov/42821122/,2026-10-03,0.95,observed,supports,,The close relationship between a rare disease and a common disease: Case report of a patient with gaucher disease and parkinsonism.,,,
E7afa45b,PMID:42817906,MONDO:0008199,mentions,pubmed,https://pubmed.ncbi.nlm.nih.gov/42817906/,2026-10-03,0.95,observed,supports,,Timing of Deep Brain Stimulation and Cognitive Trajectories in GBA1-Associated Parkinson's Disease.,,,
E6c0022c,NCT07503444,COUNTRY:US,has_site_in,ctgov,https://clinicaltrials.gov/study/NCT07503444,2026-10-03,0.95,observed,supports,,,,,
E39ff509,NCT07503444,COUNTRY:BE,has_site_in,ctgov,https://clinicaltrials.gov/study/NCT07503444,2026-10-03,0.95,observed,supports,,,,,
E8cebd94,NCT07503444,COUNTRY:FR,has_site_in,ctgov,https://clinicaltrials.gov/study/NCT07503444,2026-10-03,0.95,observed,supports,,,,,
E1080eee,NCT07503444,COUNTRY:DE,has_site_in,ctgov,https://clinicaltrials.gov/study/NCT07503444,2026-10-03,0.95,observed,supports,,,,,
Eed60960,NCT07503444,COUNTRY:HU,has_site_in,ctgov,https://clinicaltrials.gov/study/NCT07503444,2026-10-03,0.95,observed,supports,,,,,
E5e746d7,NCT07503444,COUNTRY:IT,has_site_in,ctgov,https://clinicaltrials.gov/study/NCT07503444,2026-10-03,0.95,observed,supports,,,,,
E364d309,NCT07503444,COUNTRY:JP,has_site_in,ctgov,https://clinicaltrials.gov/study/NCT07503444,2026-10-03,0.95,observed,supports,,,,,
E8b52c52,NCT07503444,COUNTRY:PL,has_site_in,ctgov,https://clinicaltrials.gov/study/NCT07503444,2026-10-03,0.95,observed,supports,,,,,
E6ef0f50,NCT07503444,COUNTRY:ES,has_site_in,ctgov,https://clinicaltrials.gov/study/NCT07503444,2026-10-03,0.95,observed,supports,,,,,
E73a4cb1,NCT07503444,MONDO:0010726,studies,ctgov,https://clinicaltrials.gov/study/NCT07503444,2026-10-03,0.95,observed,supports,,Conditions: Rett Syndrome,,,
Ee367257,ORG:UCB_BIOSCIENCES_Inc,NCT07503444,runs,ctgov,https://clinicaltrials.gov/study/NCT07503444,2026-10-03,0.95,observed,supports,,,,,
E79f8289,NCT07503444,INTERVENTION:fenfluramine_hydrochloride,tests,ctgov,https://clinicaltrials.gov/study/NCT07503444,2026-10-03,0.95,observed,supports,,,,,
E3796182,NCT06139172,COUNTRY:US,has_site_in,ctgov,https://clinicaltrials.gov/study/NCT06139172,2026-10-03,0.95,observed,supports,,,,,
E3fb6961,NCT06139172,MONDO:0010726,studies,ctgov,https://clinicaltrials.gov/study/NCT06139172,2026-10-03,0.95,observed,supports,,"Conditions: Telomeric 22Q13 Monosomy Syndrome; Tuberous Sclerosis; Hamartoma Syndrome, Multiple; Fragile X Syndrome; Angelman Syndrome; Rett Syndrome; Chromosome 15Q, Partial Deletion; Creatine Deficiency, X-linked",,,
Eca424b6,ORG:Rush_University_Medical_Center,NCT06139172,runs,ctgov,https://clinicaltrials.gov/study/NCT06139172,2026-10-03,0.95,observed,supports,,,,,
E1100a1a,NCT07150013,COUNTRY:CO,has_site_in,ctgov,https://clinicaltrials.gov/study/NCT07150013,2026-10-03,0.95,observed,supports,,,,,
E7f56067,NCT07150013,MONDO:0010726,studies,ctgov,https://clinicaltrials.gov/study/NCT07150013,2026-10-03,0.95,observed,supports,,Conditions: Rett Syndrome,,,
E848d05e,ORG:Unravel_Biosciences_Inc,NCT07150013,runs,ctgov,https://clinicaltrials.gov/study/NCT07150013,2026-10-03,0.95,observed,supports,,,,,
Ed541c64,NCT07150013,INTERVENTION:Vorinostat_SAHA,tests,ctgov,https://clinicaltrials.gov/study/NCT07150013,2026-10-03,0.95,observed,supports,,,,,
E2694c64,NCT07150013,INTERVENTION:Placebo,tests,ctgov,https://clinicaltrials.gov/study/NCT07150013,2026-10-03,0.95,observed,supports,,,,,
Ebb82434,NCT06739434,COUNTRY:CN,has_site_in,ctgov,https://clinicaltrials.gov/study/NCT06739434,2026-10-03,0.95,observed,supports,,,,,
E3b6c203,NCT06739434,MONDO:0010726,studies,ctgov,https://clinicaltrials.gov/study/NCT06739434,2026-10-03,0.95,observed,supports,,Conditions: RETT Syndrome With Proven MECP2 Mutation,,,
E82eb583,ORG:Genecombio_Ltd,NCT06739434,runs,ctgov,https://clinicaltrials.gov/study/NCT06739434,2026-10-03,0.95,observed,supports,,,,,
E83324e1,NCT06739434,INTERVENTION:GCB_002,tests,ctgov,https://clinicaltrials.gov/study/NCT06739434,2026-10-03,0.95,observed,supports,,,,,
E186ac35,NCT07257978,COUNTRY:AU,has_site_in,ctgov,https://clinicaltrials.gov/study/NCT07257978,2026-10-03,0.95,observed,supports,,,,,
Ed75753b,NCT07257978,MONDO:0010726,studies,ctgov,https://clinicaltrials.gov/study/NCT07257978,2026-10-03,0.95,observed,supports,,Conditions: RETT Syndrome With Proven MECP2 Mutation; Rett Syndrome,,,
E502d76e,ORG:Fenix_Innovation_Group,NCT07257978,runs,ctgov,https://clinicaltrials.gov/study/NCT07257978,2026-10-03,0.95,observed,supports,,,,,
E62c0619,NCT07257978,INTERVENTION:NTI164,tests,ctgov,https://clinicaltrials.gov/study/NCT07257978,2026-10-03,0.95,observed,supports,,,,,
E4e74b09,NCT07257978,INTERVENTION:Placebo,tests,ctgov,https://clinicaltrials.gov/study/NCT07257978,2026-10-03,0.95,observed,supports,,,,,
E09218ac,RePORTER:R01NS138604,MONDO:0010726,studies,reporter,https://reporter.nih.gov/project-details/11310866,2026-10-03,0.95,observed,supports,,High Fidelity Genome Editing for the Correction of MECP2 Mutations and Physiologic Regulation of Expression in Rett Syndrome,,,
Eac63c81,PERSON:8227165,RePORTER:R01NS138604,pi_of,reporter,https://reporter.nih.gov/project-details/11310866,2026-10-03,0.95,observed,supports,,,,,
Ea200cdc,PERSON:1905796,RePORTER:R01NS138604,pi_of,reporter,https://reporter.nih.gov/project-details/11310866,2026-10-03,0.95,observed,supports,,,,,
E0fea541,ORG:NIH_NINDS,RePORTER:R01NS138604,funds,reporter,https://reporter.nih.gov/project-details/11310866,2026-10-03,0.95,observed,supports,,,,,
E29b599e,RePORTER:F31NS143400,MONDO:0010726,studies,reporter,https://reporter.nih.gov/project-details/11317630,2026-10-03,0.95,observed,supports,,"PROJECT SUMMARY Rett syndrome is a severe neurodevelopmental disorder caused by mutations on the MECP2 gene located on the X chromosome, predominantly affecting females.",,,
Ed8e53b0,PERSON:79047388,RePORTER:F31NS143400,pi_of,reporter,https://reporter.nih.gov/project-details/11317630,2026-10-03,0.95,observed,supports,,,,,
E0e89ef6,ORG:NIH_NINDS,RePORTER:F31NS143400,funds,reporter,https://reporter.nih.gov/project-details/11317630,2026-10-03,0.95,observed,supports,,,,,
Ed20f7fc,RePORTER:K99NS140545,MONDO:0010726,studies,reporter,https://reporter.nih.gov/project-details/11386368,2026-10-03,0.95,observed,supports,,Astrocyte-neuron interactions in Rett Syndrome and Fragile X Syndrome,,,
E3a592e2,PERSON:14279238,RePORTER:K99NS140545,pi_of,reporter,https://reporter.nih.gov/project-details/11386368,2026-10-03,0.95,observed,supports,,,,,
Eeaf58fd,ORG:NIH_NINDS,RePORTER:K99NS140545,funds,reporter,https://reporter.nih.gov/project-details/11386368,2026-10-03,0.95,observed,supports,,,,,
E67a3b37,RePORTER:F31HL167553,MONDO:0010726,studies,reporter,https://reporter.nih.gov/project-details/11247912,2026-10-03,0.95,observed,supports,,Contributions of Astrocyte Kir4.1/5.1 Channels to Disordered Breathing in Rett Syndrome,,,
E27ddbe1,PERSON:78496617,RePORTER:F31HL167553,pi_of,reporter,https://reporter.nih.gov/project-details/11247912,2026-10-03,0.95,observed,supports,,,,,
E632820d,ORG:NIH_NHLBI,RePORTER:F31HL167553,funds,reporter,https://reporter.nih.gov/project-details/11247912,2026-10-03,0.95,observed,supports,,,,,
E9f524a7,RePORTER:F30HD115371,MONDO:0010726,studies,reporter,https://reporter.nih.gov/project-details/11391388,2026-10-03,0.95,observed,supports,,Epigenetic and Neuronal Mechanisms of MECP2 Reactivation to rescue Rett Syndrome,,,
E426f86b,PERSON:16529563,RePORTER:F30HD115371,pi_of,reporter,https://reporter.nih.gov/project-details/11391388,2026-10-03,0.95,observed,supports,,,,,
Ec5489b7,ORG:NIH_NICHD,RePORTER:F30HD115371,funds,reporter,https://reporter.nih.gov/project-details/11391388,2026-10-03,0.95,observed,supports,,,,,
Efceb4e0,PMID:42632612,MONDO:0010726,mentions,pubmed,https://pubmed.ncbi.nlm.nih.gov/42632612/,2026-10-03,0.95,observed,supports,,Exploration of the therapeutic potential of the HRH3 histamine receptor in MECP2-related disorders.,,,
Eb0af229,PMID:42287113,MONDO:0010726,mentions,pubmed,https://pubmed.ncbi.nlm.nih.gov/42287113/,2026-10-03,0.95,observed,supports,,Rett syndrome and real-world treatment patterns of trofinetide in the United States.,,,
Ea7f76fa,PMID:41605700,MONDO:0010726,mentions,pubmed,https://pubmed.ncbi.nlm.nih.gov/41605700/,2026-10-03,0.95,observed,supports,,Unexpectedly competent immune response to SARS-CoV-2 vaccination in Rett syndrome.,,,
Efb1203b,PMID:42468881,MONDO:0010726,mentions,pubmed,https://pubmed.ncbi.nlm.nih.gov/42468881/,2026-10-03,0.95,observed,supports,,Cytochrome P450-mediated vitamin D and cholesterol metabolism in the pathophysiology of neurodevelopmental disorders.,,,
Ed38f119,PMID:42431354,MONDO:0010726,mentions,pubmed,https://pubmed.ncbi.nlm.nih.gov/42431354/,2026-10-03,0.95,observed,supports,,"Cellular, electrophysiological and behavioral improvements in a mouse model of Rett syndrome following gene therapy combined with focused ultrasound-mediated blood-brain barrier opening.",,,
E37a6ead,NCT07856329,COUNTRY:BE,has_site_in,ctgov,https://clinicaltrials.gov/study/NCT07856329,2026-10-03,0.95,observed,supports,,,,,
Ed2a2e22,NCT07856329,COUNTRY:FR,has_site_in,ctgov,https://clinicaltrials.gov/study/NCT07856329,2026-10-03,0.95,observed,supports,,,,,
Ecb1e887,NCT07856329,COUNTRY:ES,has_site_in,ctgov,https://clinicaltrials.gov/study/NCT07856329,2026-10-03,0.95,observed,supports,,,,,
E1f2f606,NCT07856329,COUNTRY:GB,has_site_in,ctgov,https://clinicaltrials.gov/study/NCT07856329,2026-10-03,0.95,observed,supports,,,,,
E7658ee0,NCT07856329,MONDO:0010679,studies,ctgov,https://clinicaltrials.gov/study/NCT07856329,2026-10-03,0.95,observed,supports,,Conditions: Duchene Muscular Dystrophy,,,
E807d05a,ORG:Genethon,NCT07856329,runs,ctgov,https://clinicaltrials.gov/study/NCT07856329,2026-10-03,0.95,observed,supports,,,,,
E59f545c,NCT07856329,INTERVENTION:GNT0004_1x10e13_vg_kg,tests,ctgov,https://clinicaltrials.gov/study/NCT07856329,2026-10-03,0.95,observed,supports,,,,,
E40a6943,NCT07856329,INTERVENTION:GNT0004_3x10e13_vg_kg,tests,ctgov,https://clinicaltrials.gov/study/NCT07856329,2026-10-03,0.95,observed,supports,,,,,
Ea4ac40a,NCT07856329,INTERVENTION:Placebo,tests,ctgov,https://clinicaltrials.gov/study/NCT07856329,2026-10-03,0.95,observed,supports,,,,,
Ec6f839a,NCT07287189,COUNTRY:US,has_site_in,ctgov,https://clinicaltrials.gov/study/NCT07287189,2026-10-03,0.95,observed,supports,,,,,
E2f6f9e7,NCT07287189,COUNTRY:AU,has_site_in,ctgov,https://clinicaltrials.gov/study/NCT07287189,2026-10-03,0.95,observed,supports,,,,,
E7249c1f,NCT07287189,COUNTRY:BE,has_site_in,ctgov,https://clinicaltrials.gov/study/NCT07287189,2026-10-03,0.95,observed,supports,,,,,
E3c9b004,NCT07287189,COUNTRY:CA,has_site_in,ctgov,https://clinicaltrials.gov/study/NCT07287189,2026-10-03,0.95,observed,supports,,,,,
E06c0ab9,NCT07287189,COUNTRY:PL,has_site_in,ctgov,https://clinicaltrials.gov/study/NCT07287189,2026-10-03,0.95,observed,supports,,,,,
E8be3eae,NCT07287189,COUNTRY:RS,has_site_in,ctgov,https://clinicaltrials.gov/study/NCT07287189,2026-10-03,0.95,observed,supports,,,,,
Ef943cb4,NCT07287189,COUNTRY:ES,has_site_in,ctgov,https://clinicaltrials.gov/study/NCT07287189,2026-10-03,0.95,observed,supports,,,,,
E95291ef,NCT07287189,COUNTRY:GB,has_site_in,ctgov,https://clinicaltrials.gov/study/NCT07287189,2026-10-03,0.95,observed,supports,,,,,
E37573dd,NCT07287189,MONDO:0010679,studies,ctgov,https://clinicaltrials.gov/study/NCT07287189,2026-10-03,0.95,observed,supports,,Conditions: Duchenne Muscular Dystrophy; Duchenne; DMD; Neuromuscular Diseases; Muscular Dystrophies,,,
E57e4c6f,ORG:Satellos_Bioscience_Inc,NCT07287189,runs,ctgov,https://clinicaltrials.gov/study/NCT07287189,2026-10-03,0.95,observed,supports,,,,,
E9360699,NCT07287189,INTERVENTION:SAT_3247,tests,ctgov,https://clinicaltrials.gov/study/NCT07287189,2026-10-03,0.95,observed,supports,,,,,
E36b809c,NCT07287189,INTERVENTION:Placebo,tests,ctgov,https://clinicaltrials.gov/study/NCT07287189,2026-10-03,0.95,observed,supports,,,,,
E13e9f9e,NCT07704099,COUNTRY:NZ,has_site_in,ctgov,https://clinicaltrials.gov/study/NCT07704099,2026-10-03,0.95,observed,supports,,,,,
Ecad00ee,NCT07704099,MONDO:0010679,studies,ctgov,https://clinicaltrials.gov/study/NCT07704099,2026-10-03,0.95,observed,supports,,Conditions: Duchenne Muscular Dystrophy,,,
E4a681ba,ORG:Keros_Therapeutics_Inc,NCT07704099,runs,ctgov,https://clinicaltrials.gov/study/NCT07704099,2026-10-03,0.95,observed,supports,,,,,
E242ef41,NCT07704099,INTERVENTION:KER_065,tests,ctgov,https://clinicaltrials.gov/study/NCT07704099,2026-10-03,0.95,observed,supports,,,,,
E858b473,NCT07587242,COUNTRY:BE,has_site_in,ctgov,https://clinicaltrials.gov/study/NCT07587242,2026-10-03,0.95,observed,supports,,,,,
E8def594,NCT07587242,COUNTRY:FR,has_site_in,ctgov,https://clinicaltrials.gov/study/NCT07587242,2026-10-03,0.95,observed,supports,,,,,
Ecea297d,NCT07587242,COUNTRY:DE,has_site_in,ctgov,https://clinicaltrials.gov/study/NCT07587242,2026-10-03,0.95,observed,supports,,,,,
E014760e,NCT07587242,COUNTRY:IT,has_site_in,ctgov,https://clinicaltrials.gov/study/NCT07587242,2026-10-03,0.95,observed,supports,,,,,
E033d543,NCT07587242,COUNTRY:NL,has_site_in,ctgov,https://clinicaltrials.gov/study/NCT07587242,2026-10-03,0.95,observed,supports,,,,,
Eea7ebca,NCT07587242,COUNTRY:ES,has_site_in,ctgov,https://clinicaltrials.gov/study/NCT07587242,2026-10-03,0.95,observed,supports,,,,,
E35d8606,NCT07587242,COUNTRY:GB,has_site_in,ctgov,https://clinicaltrials.gov/study/NCT07587242,2026-10-03,0.95,observed,supports,,,,,
Ecb36749,NCT07587242,MONDO:0010679,studies,ctgov,https://clinicaltrials.gov/study/NCT07587242,2026-10-03,0.95,observed,supports,,"Conditions: Muscular Dystrophies; Muscular Dystrophies (Duchenne, Becker, Myotonic Dystrophy); Muscular Disorders, Atrophic; Muscular Disease; Musculoskeletal Diseases; Neuromuscular Diseases (NMD); Nervous System Diseases; Genetic Diseases; X-Linked; Hereditary; Neonatal Disease; Duchene Muscular D",,,
E5da2d1b,ORG:Avidity_Biosciences_Inc,NCT07587242,runs,ctgov,https://clinicaltrials.gov/study/NCT07587242,2026-10-03,0.95,observed,supports,,,,,
E207f4f9,NCT07587242,INTERVENTION:AOC_1044,tests,ctgov,https://clinicaltrials.gov/study/NCT07587242,2026-10-03,0.95,observed,supports,,,,,
E735eeea,NCT07587242,INTERVENTION:Placebo,tests,ctgov,https://clinicaltrials.gov/study/NCT07587242,2026-10-03,0.95,observed,supports,,,,,
Eba199a2,NCT07160634,COUNTRY:US,has_site_in,ctgov,https://clinicaltrials.gov/study/NCT07160634,2026-10-03,0.95,observed,supports,,,,,
E22e9a82,NCT07160634,COUNTRY:AU,has_site_in,ctgov,https://clinicaltrials.gov/study/NCT07160634,2026-10-03,0.95,observed,supports,,,,,
E9ce3e84,NCT07160634,COUNTRY:CA,has_site_in,ctgov,https://clinicaltrials.gov/study/NCT07160634,2026-10-03,0.95,observed,supports,,,,,
Ed976d5e,NCT07160634,MONDO:0010679,studies,ctgov,https://clinicaltrials.gov/study/NCT07160634,2026-10-03,0.95,observed,supports,,Conditions: Duchenne Muscular Dystrophy,,,
E5151ec3,ORG:Solid_Biosciences_Inc,NCT07160634,runs,ctgov,https://clinicaltrials.gov/study/NCT07160634,2026-10-03,0.95,observed,supports,,,,,
E75a80a7,NCT07160634,INTERVENTION:SGT_003,tests,ctgov,https://clinicaltrials.gov/study/NCT07160634,2026-10-03,0.95,observed,supports,,,,,
E0414ea2,NCT07160634,INTERVENTION:Placebo,tests,ctgov,https://clinicaltrials.gov/study/NCT07160634,2026-10-03,0.95,observed,supports,,,,,
E30518c6,RePORTER:R01AR083368,MONDO:0010679,studies,reporter,https://reporter.nih.gov/project-details/11370704,2026-10-03,0.95,observed,supports,,"Current clinical trials for Duchenne muscular dystrophy, caused by mutations in the dystrophin gene, involve gene therapy strategies that utilize AAV serotypes to deliver micro-Dystrophin (µDys).",,,
E2fa7647,PERSON:10114437,RePORTER:R01AR083368,pi_of,reporter,https://reporter.nih.gov/project-details/11370704,2026-10-03,0.95,observed,supports,,,,,
E4217983,ORG:NIH_NIAMS,RePORTER:R01AR083368,funds,reporter,https://reporter.nih.gov/project-details/11370704,2026-10-03,0.95,observed,supports,,,,,
Ed3ee348,RePORTER:R01HL140067,MONDO:0010679,studies,reporter,https://reporter.nih.gov/project-details/11247991,2026-10-03,0.95,observed,supports,,"Aim 3 will test whether selective α1A-AR agonists act as mitotropes—drugs that enhance mitochondrial function--to protect against HF using three clinically relevant mouse models: chronic isoproterenol infusion, cardiomyocyte-specific loss of FAO (Carnitine palmitoyl transferase 2 knockout), and a",,,
E6080c7e,PERSON:9612494,RePORTER:R01HL140067,pi_of,reporter,https://reporter.nih.gov/project-details/11247991,2026-10-03,0.95,observed,supports,,,,,
E30b5d76,ORG:NIH_NHLBI,RePORTER:R01HL140067,funds,reporter,https://reporter.nih.gov/project-details/11247991,2026-10-03,0.95,observed,supports,,,,,
Efa65347,RePORTER:R01AI177600,MONDO:0010679,studies,reporter,https://reporter.nih.gov/project-details/11325270,2026-10-03,0.95,observed,supports,,Muscle-directed gene transfer is integral to the treatment of severe muscle degenerative disorders such as Duchenne muscular dystrophy (DMD).,,,
E7e30b9e,PERSON:8011294,RePORTER:R01AI177600,pi_of,reporter,https://reporter.nih.gov/project-details/11325270,2026-10-03,0.95,observed,supports,,,,,
Ec404bc0,PERSON:6720719,RePORTER:R01AI177600,pi_of,reporter,https://reporter.nih.gov/project-details/11325270,2026-10-03,0.95,observed,supports,,,,,
E7836040,ORG:NIH_NIAID,RePORTER:R01AI177600,funds,reporter,https://reporter.nih.gov/project-details/11325270,2026-10-03,0.95,observed,supports,,,,,
E04f2fe2,RePORTER:P20GM130459,MONDO:0010679,studies,reporter,https://reporter.nih.gov/project-details/11372018,2026-10-03,0.95,observed,supports,,The role of macrophages in Duchenne Muscular Dystrophy cardiomyopathy,,,
Eebac42f,PERSON:15039716,RePORTER:P20GM130459,pi_of,reporter,https://reporter.nih.gov/project-details/11372018,2026-10-03,0.95,observed,supports,,,,,
E1437d1d,ORG:NIH_NIGMS,RePORTER:P20GM130459,funds,reporter,https://reporter.nih.gov/project-details/11372018,2026-10-03,0.95,observed,supports,,,,,
Eea693c5,RePORTER:R01HD090019,MONDO:0010679,studies,reporter,https://reporter.nih.gov/project-details/11285269,2026-10-03,0.95,observed,supports,,"In this renewal, we will extend this framework to evaluate the clinical benefits and cost-effectiveness for neuromuscular and metabolic diseases such as Duchenne muscular dystrophy and acid sphingomyelinase deficiency and as well as other diseases such as malignant hyperthermia.",,,
E95361ab,PERSON:6262581,RePORTER:R01HD090019,pi_of,reporter,https://reporter.nih.gov/project-details/11285269,2026-10-03,0.95,observed,supports,,,,,
E35dc4a7,ORG:NIH_NICHD,RePORTER:R01HD090019,funds,reporter,https://reporter.nih.gov/project-details/11285269,2026-10-03,0.95,observed,supports,,,,,
E6488b14,PMID:42701876,MONDO:0010679,mentions,pubmed,https://pubmed.ncbi.nlm.nih.gov/42701876/,2026-10-03,0.95,observed,supports,,Delayed diagnosis and genetic testing in spinal muscular atrophy: a case series.,,,
E754c80f,PMID:42647968,MONDO:0010679,mentions,pubmed,https://pubmed.ncbi.nlm.nih.gov/42647968/,2026-10-03,0.95,observed,supports,,"Sauchinone-loaded chitosan nanoparticles simultaneously suppress NF-κB-driven inflammation, activate the Nrf2/HO-1 axis, and restore sarcolemmal utrophin in a murine model of Duchenne muscular dystrophy.",,,
E228c966,PMID:42324661,MONDO:0010679,mentions,pubmed,https://pubmed.ncbi.nlm.nih.gov/42324661/,2026-10-03,0.95,observed,supports,,FDA-approved antisense oligonucleotide therapies for duchenne muscular dystrophy: current status and future outlook.,,,
Ed774036,PMID:42632343,MONDO:0010679,mentions,pubmed,https://pubmed.ncbi.nlm.nih.gov/42632343/,2026-10-03,0.95,observed,supports,,Predicting gene compensation in disease with graph embedding techniques.,,,
E4c5fd44,PMID:42594836,MONDO:0010679,mentions,pubmed,https://pubmed.ncbi.nlm.nih.gov/42594836/,2026-10-03,0.95,observed,supports,,ATP6AP2 dysregulation as a central hub in DMD pathogenesis: An integrated multi-omics and therapeutic study.,,,
Ee56b7c4,NCT07755904,COUNTRY:US,has_site_in,ctgov,https://clinicaltrials.gov/study/NCT07755904,2026-10-03,0.95,observed,supports,,,,,
E03eaf11,NCT07755904,MONDO:0008647,studies,ctgov,https://clinicaltrials.gov/study/NCT07755904,2026-10-03,0.95,observed,supports,,"Conditions: Cardiomyopathy, Hypertrophic Obstructive",,,
E3899f76,ORG:Braveheart_Bio_Inc,NCT07755904,runs,ctgov,https://clinicaltrials.gov/study/NCT07755904,2026-10-03,0.95,observed,supports,,,,,
Ea232fc2,NCT07755904,INTERVENTION:BHB_1893,tests,ctgov,https://clinicaltrials.gov/study/NCT07755904,2026-10-03,0.95,observed,supports,,,,,
E19a14a7,NCT07755904,INTERVENTION:Metoprolol,tests,ctgov,https://clinicaltrials.gov/study/NCT07755904,2026-10-03,0.95,observed,supports,,,,,
Ea02f18b,NCT07549490,COUNTRY:US,has_site_in,ctgov,https://clinicaltrials.gov/study/NCT07549490,2026-10-03,0.95,observed,supports,,,,,
Ef0e8687,NCT07549490,MONDO:0008647,studies,ctgov,https://clinicaltrials.gov/study/NCT07549490,2026-10-03,0.95,observed,supports,,Conditions: Acute Pain,,,
E225367a,ORG:National_Center_for_Complementary_and_In,NCT07549490,runs,ctgov,https://clinicaltrials.gov/study/NCT07549490,2026-10-03,0.95,observed,supports,,,,,
Ed58e88b,NCT07549490,INTERVENTION:Placebo,tests,ctgov,https://clinicaltrials.gov/study/NCT07549490,2026-10-03,0.95,observed,supports,,,,,
E18aaba3,NCT07549490,INTERVENTION:Naproxen,tests,ctgov,https://clinicaltrials.gov/study/NCT07549490,2026-10-03,0.95,observed,supports,,,,,
E396bf05,NCT07549490,INTERVENTION:Pregabalin,tests,ctgov,https://clinicaltrials.gov/study/NCT07549490,2026-10-03,0.95,observed,supports,,,,,
E6184941,NCT07806149,COUNTRY:US,has_site_in,ctgov,https://clinicaltrials.gov/study/NCT07806149,2026-10-03,0.95,observed,supports,,,,,
E73a3f2f,NCT07806149,MONDO:0008647,studies,ctgov,https://clinicaltrials.gov/study/NCT07806149,2026-10-03,0.95,observed,supports,,Conditions: Hypertrophic Cardiomyopathy; Left Ventricular Outflow Obstruction; Systolic Anterior Motion,,,
Ea264cea,ORG:National_Heart_Lung_and_Blood_Institute,NCT07806149,runs,ctgov,https://clinicaltrials.gov/study/NCT07806149,2026-10-03,0.95,observed,supports,,,,,
E91d04a6,NCT06372457,COUNTRY:US,has_site_in,ctgov,https://clinicaltrials.gov/study/NCT06372457,2026-10-03,0.95,observed,supports,,,,,
Ea2ef61b,NCT06372457,MONDO:0008647,studies,ctgov,https://clinicaltrials.gov/study/NCT06372457,2026-10-03,0.95,observed,supports,,Conditions: Hypertrophic Cardiomyopathy (HCM),,,
Eba1ca1e,ORG:Bristol_Myers_Squibb,NCT06372457,runs,ctgov,https://clinicaltrials.gov/study/NCT06372457,2026-10-03,0.95,observed,supports,,,,,
Ecb9b6d4,NCT06372457,INTERVENTION:Approved_Hypertrophic_Cardiomyopathy_dru,tests,ctgov,https://clinicaltrials.gov/study/NCT06372457,2026-10-03,0.95,observed,supports,,,,,
E3f08204,NCT06372457,INTERVENTION:Mavacamten,tests,ctgov,https://clinicaltrials.gov/study/NCT06372457,2026-10-03,0.95,observed,supports,,,,,
E93f43f8,NCT07107373,COUNTRY:US,has_site_in,ctgov,https://clinicaltrials.gov/study/NCT07107373,2026-10-03,0.95,observed,supports,,,,,
E3c4c78d,NCT07107373,MONDO:0008647,studies,ctgov,https://clinicaltrials.gov/study/NCT07107373,2026-10-03,0.95,observed,supports,,Conditions: Obstructive Hypertrophic Cardiomyopathy (oHCM),,,
E472ceb8,ORG:Bristol_Myers_Squibb,NCT07107373,runs,ctgov,https://clinicaltrials.gov/study/NCT07107373,2026-10-03,0.95,observed,supports,,,,,
Ed3a547d,NCT07107373,INTERVENTION:Mavacamten,tests,ctgov,https://clinicaltrials.gov/study/NCT07107373,2026-10-03,0.95,observed,supports,,,,,
Ed7a10a1,RePORTER:I01BX006428,MONDO:0008647,studies,reporter,https://reporter.nih.gov/project-details/11319722,2026-10-03,0.95,observed,supports,,High-throughput functional characterization of MYH7 variants in genome-edited cardiomyocytes,,,
E809eb01,PERSON:15689308,RePORTER:I01BX006428,pi_of,reporter,https://reporter.nih.gov/project-details/11319722,2026-10-03,0.95,observed,supports,,,,,
E91deb44,ORG:NIH_VA,RePORTER:I01BX006428,funds,reporter,https://reporter.nih.gov/project-details/11319722,2026-10-03,0.95,observed,supports,,,,,
E3bc422d,RePORTER:R01HL171174,MONDO:0008647,studies,reporter,https://reporter.nih.gov/project-details/11311357,2026-10-03,0.95,observed,supports,,Deep mutational scanning of MYH7 in genome-edited cardiomyocytes,,,
Efa5df04,PERSON:15689308,RePORTER:R01HL171174,pi_of,reporter,https://reporter.nih.gov/project-details/11311357,2026-10-03,0.95,observed,supports,,,,,
E76283dd,ORG:NIH_NHLBI,RePORTER:R01HL171174,funds,reporter,https://reporter.nih.gov/project-details/11311357,2026-10-03,0.95,observed,supports,,,,,
Ea5fb710,RePORTER:R00HL168239,MONDO:0008647,studies,reporter,https://reporter.nih.gov/project-details/11468167,2026-10-03,0.95,observed,supports,,"Project Summary/Abstract The predominant myosin heavy chain expressed in human heart, beta-MyHC, is encoded by the MYH7 gene.",,,
E086f488,PERSON:14106350,RePORTER:R00HL168239,pi_of,reporter,https://reporter.nih.gov/project-details/11468167,2026-10-03,0.95,observed,supports,,,,,
E923883a,ORG:NIH_NHLBI,RePORTER:R00HL168239,funds,reporter,https://reporter.nih.gov/project-details/11468167,2026-10-03,0.95,observed,supports,,,,,
Eb7a841e,RePORTER:K99HL177347,MONDO:0008647,studies,reporter,https://reporter.nih.gov/project-details/11249663,2026-10-03,0.95,observed,supports,,High-Throughput Studies of MYH7 Variant Cardiomyocytes to Identify Pathogenic Variants and Factors Governing Variable Expressivity of Hypertrophic Cardiomyopathy,,,
E58eecef,PERSON:12617121,RePORTER:K99HL177347,pi_of,reporter,https://reporter.nih.gov/project-details/11249663,2026-10-03,0.95,observed,supports,,,,,
E2e9cb67,ORG:NIH_NHLBI,RePORTER:K99HL177347,funds,reporter,https://reporter.nih.gov/project-details/11249663,2026-10-03,0.95,observed,supports,,,,,
E288ee21,RePORTER:I01BX006428,MONDO:0008647,studies,reporter,https://reporter.nih.gov/project-details/10928069,2026-10-03,0.95,observed,supports,,High-throughput functional characterization of MYH7 variants in genome-edited cardiomyocytes,,,
E78815a9,PERSON:15689308,RePORTER:I01BX006428,pi_of,reporter,https://reporter.nih.gov/project-details/10928069,2026-10-03,0.95,observed,supports,,,,,
E39db6ec,ORG:NIH_VA,RePORTER:I01BX006428,funds,reporter,https://reporter.nih.gov/project-details/10928069,2026-10-03,0.95,observed,supports,,,,,
E53a17cf,PMID:42692018,MONDO:0008647,mentions,pubmed,https://pubmed.ncbi.nlm.nih.gov/42692018/,2026-10-03,0.95,observed,supports,,Epi-Allele elicits compensatory expression of the non-targeted allele and prevents haploinsufficiency in dominant genetic diseases.,,,
Eb1069ea,PMID:42779549,MONDO:0008647,mentions,pubmed,https://pubmed.ncbi.nlm.nih.gov/42779549/,2026-10-03,0.95,observed,supports,,Clinical Characteristics and Outcomes of Hypertrophic Cardiomyopathy Associated With Thin Filament Variants: Insights From the SHaRe Registry.,,,
E4339bfa,PMID:42772561,MONDO:0008647,mentions,pubmed,https://pubmed.ncbi.nlm.nih.gov/42772561/,2026-10-03,0.95,observed,supports,,Different Substitutions at the Same β-Myosin Residue Underlie Divergent Molecular Phenotypes and Distinct Cardiomyopathies.,,,
Efa0a6cb,PMID:42761940,MONDO:0008647,mentions,pubmed,https://pubmed.ncbi.nlm.nih.gov/42761940/,2026-10-03,0.95,observed,supports,,Hypertrophic Cardiomyopathy is a Disease of Sarcomere Proteins.,,,
E290ae3b,PMID:42746568,MONDO:0008647,mentions,pubmed,https://pubmed.ncbi.nlm.nih.gov/42746568/,2026-10-03,0.95,observed,supports,,Potential Contribution of DES (p.Leu88Met) and MYH7 (p.Arg787His) Variants to Familial Restrictive Cardiomyopathy.,,,
Eccbdf7c,NCT03655223,MONDO:0010079,studies,ctgov,https://clinicaltrials.gov/study/NCT03655223,2026-10-03,0.95,observed,supports,,"Conditions: Spinal Muscular Atrophy; Fragile X Syndrome; Fragile X - Premutation; Duchenne Muscular Dystrophy; Hyperinsulinemic Hypoglycemia, Familial 1; Diabetes Mellitus; Adrenoleukodystrophy, Neonatal; Medium-chain Acyl-CoA Dehydrogenase Deficiency; Very Long Chain Acyl Coa Dehydrogenase Deficien",,,
E0bdbf8c,NCT04126005,COUNTRY:US,has_site_in,ctgov,https://clinicaltrials.gov/study/NCT04126005,2026-10-03,0.95,observed,supports,,,,,
E9f1f719,NCT04126005,COUNTRY:DE,has_site_in,ctgov,https://clinicaltrials.gov/study/NCT04126005,2026-10-03,0.95,observed,supports,,,,,
E2631a0a,NCT04126005,MONDO:0010079,studies,ctgov,https://clinicaltrials.gov/study/NCT04126005,2026-10-03,0.95,observed,supports,,Conditions: Canavan Disease,,,
Ecbfa1a8,ORG:Aspa_Therapeutics,NCT04126005,runs,ctgov,https://clinicaltrials.gov/study/NCT04126005,2026-10-03,0.95,observed,supports,,,,,
Eeb80c0a,NCT04998396,COUNTRY:US,has_site_in,ctgov,https://clinicaltrials.gov/study/NCT04998396,2026-10-03,0.95,observed,supports,,,,,
E67c6e7d,NCT04998396,MONDO:0010079,studies,ctgov,https://clinicaltrials.gov/study/NCT04998396,2026-10-03,0.95,observed,supports,,Conditions: Canavan Disease,,,
Ee004059,ORG:Aspa_Therapeutics,NCT04998396,runs,ctgov,https://clinicaltrials.gov/study/NCT04998396,2026-10-03,0.95,observed,supports,,,,,
E9d749ee,NCT04998396,INTERVENTION:AAV9_BBP_812,tests,ctgov,https://clinicaltrials.gov/study/NCT04998396,2026-10-03,0.95,observed,supports,,,,,
Ee7ea317,NCT04833907,COUNTRY:US,has_site_in,ctgov,https://clinicaltrials.gov/study/NCT04833907,2026-10-03,0.95,observed,supports,,,,,
Ea59ea0a,NCT04833907,MONDO:0010079,studies,ctgov,https://clinicaltrials.gov/study/NCT04833907,2026-10-03,0.95,observed,supports,,Conditions: Canavan Disease,,,
Eae7d4f0,ORG:Myrtelle_Inc,NCT04833907,runs,ctgov,https://clinicaltrials.gov/study/NCT04833907,2026-10-03,0.95,observed,supports,,,,,
Eaee5b3a,NCT04833907,INTERVENTION:rAAV_Olig001_ASPA,tests,ctgov,https://clinicaltrials.gov/study/NCT04833907,2026-10-03,0.95,observed,supports,,,,,
E17dc012,NCT04833907,INTERVENTION:Levetiracetam,tests,ctgov,https://clinicaltrials.gov/study/NCT04833907,2026-10-03,0.95,observed,supports,,,,,
Ebbfe1ee,NCT04833907,INTERVENTION:Prednisone,tests,ctgov,https://clinicaltrials.gov/study/NCT04833907,2026-10-03,0.95,observed,supports,,,,,
E2d4281c,NCT02699190,COUNTRY:US,has_site_in,ctgov,https://clinicaltrials.gov/study/NCT02699190,2026-10-03,0.95,observed,supports,,,,,
Edbb22e2,NCT02699190,MONDO:0010079,studies,ctgov,https://clinicaltrials.gov/study/NCT02699190,2026-10-03,0.95,observed,supports,,Conditions: Leukodystrophy; White Matter Disease; 4H Syndrome; Adrenoleukodystrophy; AMN; ALD; ALD (Adrenoleukodystrophy); X-linked Adrenoleukodystrophy; X-ALD; Adrenomyeloneuropathy; Aicardi Goutieres Syndrome; AGS; Alexander Disease; Alexanders Leukodystrophy; AxD; ADLD; Canavan Disease; CTX; Cere,,,
E47cea90,ORG:Children_s_Hospital_of_Philadelphia,NCT02699190,runs,ctgov,https://clinicaltrials.gov/study/NCT02699190,2026-10-03,0.95,observed,supports,,,,,
E7370725,RePORTER:R01NS076991,MONDO:0010079,studies,reporter,https://reporter.nih.gov/project-details/11262311,2026-10-03,0.95,observed,supports,,Oligodendrocyte-focused rAAV gene therapy strategies for Canavan disease and Leukodystrophies,,,
Edad7c03,PERSON:7179141,RePORTER:R01NS076991,pi_of,reporter,https://reporter.nih.gov/project-details/11262311,2026-10-03,0.95,observed,supports,,,,,
E8fe4b6c,ORG:NIH_NINDS,RePORTER:R01NS076991,funds,reporter,https://reporter.nih.gov/project-details/11262311,2026-10-03,0.95,observed,supports,,,,,
E1ce0a8c,RePORTER:R01NS108151,MONDO:0010079,studies,reporter,https://reporter.nih.gov/project-details/11259452,2026-10-03,0.95,observed,supports,,"The transporter is involved in a number of disorders, including the lethal Canavan disease, an early-onset CNS condition with “spongiform” vacuolation of white matter in the brain, caused by the overloading of NAA in glial cells.",,,
E25b25b8,PERSON:2106055,RePORTER:R01NS108151,pi_of,reporter,https://reporter.nih.gov/project-details/11259452,2026-10-03,0.95,observed,supports,,,,,
E39a15d1,ORG:NIH_NINDS,RePORTER:R01NS108151,funds,reporter,https://reporter.nih.gov/project-details/11259452,2026-10-03,0.95,observed,supports,,,,,
E0036970,RePORTER:U54NS115052,MONDO:0010079,studies,reporter,https://reporter.nih.gov/project-details/11415749,2026-10-03,0.95,observed,supports,,Project 4: an observational study in parallel to a gene therapy trial in Canavan,,,
E90bada5,PERSON:6579783,RePORTER:U54NS115052,pi_of,reporter,https://reporter.nih.gov/project-details/11415749,2026-10-03,0.95,observed,supports,,,,,
E5b19b6e,ORG:NIH_NINDS,RePORTER:U54NS115052,funds,reporter,https://reporter.nih.gov/project-details/11415749,2026-10-03,0.95,observed,supports,,,,,
E09c722f,RePORTER:R61NS136652,MONDO:0010079,studies,reporter,https://reporter.nih.gov/project-details/11123221,2026-10-03,0.95,observed,supports,,Development of NAT8L inhibitors for the Treatment of Canavan Disease,,,
E82dbb21,PERSON:10442611,RePORTER:R61NS136652,pi_of,reporter,https://reporter.nih.gov/project-details/11123221,2026-10-03,0.95,observed,supports,,,,,
E6f21f7a,PERSON:9888956,RePORTER:R61NS136652,pi_of,reporter,https://reporter.nih.gov/project-details/11123221,2026-10-03,0.95,observed,supports,,,,,
E126bcec,ORG:NIH_NINDS,RePORTER:R61NS136652,funds,reporter,https://reporter.nih.gov/project-details/11123221,2026-10-03,0.95,observed,supports,,,,,
E6d6545b,RePORTER:U54NS115052,MONDO:0010079,studies,reporter,https://reporter.nih.gov/project-details/11172782,2026-10-03,0.95,observed,supports,,Project 4: an observational study in parallel to a gene therapy trial in Canavan,,,
E6e8e5a8,PERSON:6579783,RePORTER:U54NS115052,pi_of,reporter,https://reporter.nih.gov/project-details/11172782,2026-10-03,0.95,observed,supports,,,,,
E638fa28,ORG:NIH_NINDS,RePORTER:U54NS115052,funds,reporter,https://reporter.nih.gov/project-details/11172782,2026-10-03,0.95,observed,supports,,,,,
E3c5918e,PMID:42330600,MONDO:0010079,mentions,pubmed,https://pubmed.ncbi.nlm.nih.gov/42330600/,2026-10-03,0.95,observed,supports,,Aspartoacylase (ASPA) gene mutations and neuroimaging features in Iranian patients with Canavan disease: a descriptive study.,,,
E4587018,PMID:42529236,MONDO:0010079,mentions,pubmed,https://pubmed.ncbi.nlm.nih.gov/42529236/,2026-10-03,0.95,observed,supports,,Diagnostic value of quantitative MR spectroscopy metabolite ratios for Canavan disease.,,,
E8c6cad9,PMID:20301412,MONDO:0010079,mentions,pubmed,https://pubmed.ncbi.nlm.nih.gov/20301412/,2026-10-03,0.95,observed,supports,,Canavan Disease.,,,
E5c31b5d,PMID:40954385,MONDO:0010079,mentions,pubmed,https://pubmed.ncbi.nlm.nih.gov/40954385/,2026-10-03,0.95,observed,supports,,A genome-wide association study identifies Asian-specific genetic susceptibility for epigenetic age acceleration.,,,
E923fc56,PMID:42143119,MONDO:0010079,mentions,pubmed,https://pubmed.ncbi.nlm.nih.gov/42143119/,2026-10-03,0.95,observed,supports,,Prevalence and carrier frequency of Canavan disease in a South Indian community with implications for research and public health.,,,
Ecd707f0,PERSON:14380109,PMID:42506095,authored,pubmed,https://pubmed.ncbi.nlm.nih.gov/42506095/,2026-10-03,0.6,inferred,supports,,Author 'Zheng W' matched RePORTER PI by last name + initial,,,
E45d5d67,PERSON:15847694,PMID:33320673,authored,pubmed,https://pubmed.ncbi.nlm.nih.gov/33320673/,2026-10-03,0.6,inferred,supports,,Author 'Singamsetty S' matched RePORTER PI by last name + initial,,,
Eece50c8,PERSON:8251653,PMID:33320673,authored,pubmed,https://pubmed.ncbi.nlm.nih.gov/33320673/,2026-10-03,0.6,inferred,supports,,Author 'Dickson PI' matched RePORTER PI by last name + initial,,,
Ed4a8eac,PERSON:8251653,PMID:42818411,authored,pubmed,https://pubmed.ncbi.nlm.nih.gov/42818411/,2026-10-03,0.6,inferred,supports,,Author 'Dickson PI' matched RePORTER PI by last name + initial,,,
Ec35bcb3,PERSON:11084045,PMID:41968796,authored,pubmed,https://pubmed.ncbi.nlm.nih.gov/41968796/,2026-10-03,0.6,inferred,supports,,Author 'Sun YH' matched RePORTER PI by last name + initial,,,
Ef4ba592,PERSON:80910868,PMID:42703459,authored,pubmed,https://pubmed.ncbi.nlm.nih.gov/42703459/,2026-10-03,0.6,inferred,supports,,Author 'Wang Y' matched RePORTER PI by last name + initial,,,
E1465917,PERSON:7179141,PMID:42281208,authored,pubmed,https://pubmed.ncbi.nlm.nih.gov/42281208/,2026-10-03,0.6,inferred,supports,,Author 'Gao G' matched RePORTER PI by last name + initial,,,
Ee1b95c1,PERSON:2427635,PMID:42475369,authored,pubmed,https://pubmed.ncbi.nlm.nih.gov/42475369/,2026-10-03,0.6,inferred,supports,,Author 'Cooper JD' matched RePORTER PI by last name + initial,,,
E0378964,PERSON:1920549,PMID:42647598,authored,pubmed,https://pubmed.ncbi.nlm.nih.gov/42647598/,2026-10-03,0.6,inferred,supports,,Author 'Schuchman EH' matched RePORTER PI by last name + initial,,,
E322f5aa,PERSON:6405998,PMID:42818441,authored,pubmed,https://pubmed.ncbi.nlm.nih.gov/42818441/,2026-10-03,0.6,inferred,supports,,Author 'Byrne BJ' matched RePORTER PI by last name + initial,,,
E860c71d,PERSON:77884991,PMID:42818441,authored,pubmed,https://pubmed.ncbi.nlm.nih.gov/42818441/,2026-10-03,0.6,inferred,supports,,Author 'Tifft CJ' matched RePORTER PI by last name + initial,,,
E959ea44,PERSON:77884991,PMID:42410243,authored,pubmed,https://pubmed.ncbi.nlm.nih.gov/42410243/,2026-10-03,0.6,inferred,supports,,Author 'Tifft CJ' matched RePORTER PI by last name + initial,,,
E61627b8,PERSON:77884991,PMID:42160923,authored,pubmed,https://pubmed.ncbi.nlm.nih.gov/42160923/,2026-10-03,0.6,inferred,supports,,Author 'Tifft CJ' matched RePORTER PI by last name + initial,,,
E7d27089,PERSON:8251653,PMID:42160923,authored,pubmed,https://pubmed.ncbi.nlm.nih.gov/42160923/,2026-10-03,0.6,inferred,supports,,Author 'Dickson PI' matched RePORTER PI by last name + initial,,,
E0ec305d,PERSON:8763971,PMID:40543381,authored,pubmed,https://pubmed.ncbi.nlm.nih.gov/40543381/,2026-10-03,0.6,inferred,supports,,Author 'Bongarzone ER' matched RePORTER PI by last name + initial,,,
E8ef917d,PERSON:1920549,PMID:42587127,authored,pubmed,https://pubmed.ncbi.nlm.nih.gov/42587127/,2026-10-03,0.6,inferred,supports,,Author 'Schuchman EH' matched RePORTER PI by last name + initial,,,
E6a41567,PERSON:11084045,PMID:42382315,authored,pubmed,https://pubmed.ncbi.nlm.nih.gov/42382315/,2026-10-03,0.6,inferred,supports,,Author 'Sun Y' matched RePORTER PI by last name + initial,,,
E5bcedec,PERSON:80910868,PMID:42692018,authored,pubmed,https://pubmed.ncbi.nlm.nih.gov/42692018/,2026-10-03,0.6,inferred,supports,,Author 'Wang Y' matched RePORTER PI by last name + initial,,,
E82620c1,PERSON:11084045,PMID:42692018,authored,pubmed,https://pubmed.ncbi.nlm.nih.gov/42692018/,2026-10-03,0.6,inferred,supports,,Author 'Sun Y' matched RePORTER PI by last name + initial,,,
Eded2688,PERSON:6579783,PMID:20301412,authored,pubmed,https://pubmed.ncbi.nlm.nih.gov/20301412/,2026-10-03,0.6,inferred,supports,,Author 'Eichler F' matched RePORTER PI by last name + initial,,,
Eece60bd,PMID:10601282,MONDO:0009655,mentions,pubmed,https://pubmed.ncbi.nlm.nih.gov/10601282/,2026-10-03,0.95,observed,supports,,Expression and characterization of wild type and mutant recombinant human sulfamidase. Implications for Sanfilippo (Mucopolysaccharidosis IIIA) syndrome.,,,
E7b907fc,MONDO:0009655,NCBIGene:6448,caused_by,pubmed,https://pubmed.ncbi.nlm.nih.gov/10601282/,2026-10-03,0.8,extracted,supports,LoF,Mucopolysaccharidosis IIIA (MPS-IIIA) is an autosomal recessive lysosomal storage disorder caused by the deficiency of sulfamidase (NS; EC 3.10.1.1),,review,
E8282821,MONDO:0009655,MECH:lysosomal_enzyme_deficiency,has_mechanism,pubmed,https://pubmed.ncbi.nlm.nih.gov/10601282/,2026-10-03,0.8,extracted,supports,LoF,Mucopolysaccharidosis IIIA (MPS-IIIA) is an autosomal recessive lysosomal storage disorder caused by the deficiency of sulfamidase (NS; EC 3.10.1.1),,review,
Ec586fdd,MONDO:0009655,MECH:substrate_storage_heparan_sulfate,has_mechanism,pubmed,https://pubmed.ncbi.nlm.nih.gov/10601282/,2026-10-03,0.8,extracted,supports,,resulting in defective degradation and storage of heparan sulfate.,,review,
Efe9ddca,PMID:12000360,MONDO:0009655,mentions,pubmed,https://pubmed.ncbi.nlm.nih.gov/12000360/,2026-10-03,0.95,observed,supports,,Identification and characterization of mutations underlying Sanfilippo syndrome type A (mucopolysaccharidosis type IIIA).,,,
E6c3b383,MONDO:0009655,MECH:lysosomal_enzyme_deficiency,has_mechanism,pubmed,https://pubmed.ncbi.nlm.nih.gov/12000360/,2026-10-03,0.8,extracted,supports,LoF,Sanfilippo syndrome type A (mucopolysaccharidosis type IIIA; MPS IIIA) is caused by a deficiency of the lysosomal enzyme haparan N-sulphatase (NS).,,review,
E9276c06,MONDO:0009655,NCBIGene:6448,caused_by,pubmed,https://pubmed.ncbi.nlm.nih.gov/12000360/,2026-10-03,0.8,extracted,supports,LoF,Sanfilippo syndrome type A (mucopolysaccharidosis type IIIA; MPS IIIA) is caused by a deficiency of the lysosomal enzyme haparan N-sulphatase (NS).,,review,
Eb3a9872,PMID:25439061,MONDO:0009655,mentions,pubmed,https://pubmed.ncbi.nlm.nih.gov/25439061/,2026-10-03,0.95,observed,supports,,From hypertransaminasemia to mucopolysaccharidosis IIIA.,,,
E2e92e5f,MONDO:0009655,MECH:lysosomal_enzyme_deficiency,has_mechanism,pubmed,https://pubmed.ncbi.nlm.nih.gov/25439061/,2026-10-03,0.8,extracted,supports,LoF,The diagnosis of MPS IIIA was confirmed by decreased activity of heparan N-sulfatase in leucocytes.,,human,
E98013d4,MONDO:0009655,MECH:substrate_storage_heparan_sulfate,has_mechanism,pubmed,https://pubmed.ncbi.nlm.nih.gov/25439061/,2026-10-03,0.7,extracted,supports,,Mucopolysaccharidosis type III (MPS III; Sanfilippo syndrome) is a metabolic disorder characterized by the deficiency of a lysosomal enzyme catalyzing the catabolic pathway of heparan sulphate.,,review,
Ed3f1267,PMID:16032141,MONDO:0009655,mentions,pubmed,https://pubmed.ncbi.nlm.nih.gov/16032141/,2026-10-03,0.95,observed,supports,,Mucopolysaccharidosis IIIA (Sanfilippo syndrome) in a New Zealand Huntaway dog with ataxia.,,,
E6ff8e71,MONDO:0009655,MECH:lysosomal_enzyme_deficiency,has_mechanism,pubmed,https://pubmed.ncbi.nlm.nih.gov/16032141/,2026-10-03,0.8,extracted,supports,LoF,Biochemically there was a deficiency of heparan sulphamidase.,,animal_model,
E87be76b,MONDO:0009655,MECH:substrate_storage_heparan_sulfate,has_mechanism,pubmed,https://pubmed.ncbi.nlm.nih.gov/16032141/,2026-10-03,0.75,extracted,supports,,All the heparan sulphate chains had non-reducing-end glucosamine-N-sulphate residues.,,animal_model,
Ece091d4,PMID:17846229,MONDO:0009655,mentions,pubmed,https://pubmed.ncbi.nlm.nih.gov/17846229/,2026-10-03,0.95,observed,supports,,Pathology of mucopolysaccharidosis IIIA in Huntaway dogs.,,,
E4c6d421,MONDO:0009655,MECH:substrate_storage_heparan_sulfate,has_mechanism,pubmed,https://pubmed.ncbi.nlm.nih.gov/17846229/,2026-10-03,0.75,extracted,supports,,"On ultrastructure examination, these cytosomes contained either moderately dense granular material, tentatively interpreted as precipitated glycosaminoglycan; a variety of multilaminar bodies, interpreted as being associated with secondary accumulation of gangliosides; or a mixture of both types.",,animal_model,
E6e128f9,MONDO:0009655,MECH:substrate_storage_glycogen,has_mechanism,pubmed,https://pubmed.ncbi.nlm.nih.gov/17846229/,2026-10-03,0.8,extracted,supports,,"In the liver, storage vesicles also contained excess glycogen as a secondary storage product.",,animal_model,
E7bffa0c,PMID:31385193,MONDO:0009655,mentions,pubmed,https://pubmed.ncbi.nlm.nih.gov/31385193/,2026-10-03,0.95,observed,supports,,Bioinformatics classification of mutations in patients with Mucopolysaccharidosis IIIA.,,,
E0d3b201,MONDO:0009655,MECH:lysosomal_enzyme_deficiency,has_mechanism,pubmed,https://pubmed.ncbi.nlm.nih.gov/31385193/,2026-10-03,0.8,extracted,supports,LoF,"MPS IIIA is inherited in an autosomal recessive manner and is caused by a deficiency in the lysosomal enzyme sulfamidase, which is required for the degradation of heparan sulfate.",,review,
E6f133a2,MONDO:0009655,NCBIGene:6448,caused_by,pubmed,https://pubmed.ncbi.nlm.nih.gov/31385193/,2026-10-03,0.8,extracted,supports,LoF,"In MPS IIIA patients, the excess of lysosomal storage of heparan sulfate often leads to mental retardation, hyperactive behavior, and connective tissue impairments, which occur due to various known missense mutations in the SGSH, leading to protein dysfunction.",,human,
Edc95f21,MONDO:0009655,MECH:substrate_storage_heparan_sulfate,has_mechanism,pubmed,https://pubmed.ncbi.nlm.nih.gov/31385193/,2026-10-03,0.8,extracted,supports,,"In MPS IIIA patients, the excess of lysosomal storage of heparan sulfate often leads to mental retardation, hyperactive behavior, and connective tissue impairments, which occur due to various known missense mutations in the SGSH, leading to protein dysfunction.",,human,
Eee6394a,PMID:24816101,MONDO:0009655,mentions,pubmed,https://pubmed.ncbi.nlm.nih.gov/24816101/,2026-10-03,0.95,observed,supports,,Structure of sulfamidase provides insight into the molecular pathology of mucopolysaccharidosis IIIA.,,,
E81e28a7,MONDO:0009655,MECH:lysosomal_enzyme_deficiency,has_mechanism,pubmed,https://pubmed.ncbi.nlm.nih.gov/24816101/,2026-10-03,0.8,extracted,supports,LoF,"Mucopolysaccharidosis type IIIA (Sanfilippo A syndrome), a fatal childhood-onset neurodegenerative disease with mild facial, visceral and skeletal abnormalities, is caused by an inherited deficiency of the enzyme N-sulfoglucosamine sulfohydrolase (SGSH; sulfamidase).",,review,
E76a2693,MONDO:0009655,NCBIGene:6448,caused_by,pubmed,https://pubmed.ncbi.nlm.nih.gov/24816101/,2026-10-03,0.8,extracted,supports,LoF,"Mucopolysaccharidosis type IIIA (Sanfilippo A syndrome), a fatal childhood-onset neurodegenerative disease with mild facial, visceral and skeletal abnormalities, is caused by an inherited deficiency of the enzyme N-sulfoglucosamine sulfohydrolase (SGSH; sulfamidase).",,review,
E6ad8174,PMID:23863627,MONDO:0009655,mentions,pubmed,https://pubmed.ncbi.nlm.nih.gov/23863627/,2026-10-03,0.95,observed,supports,,Whole body correction of mucopolysaccharidosis IIIA by intracerebrospinal fluid gene therapy.,,,
E5637629,MONDO:0009655,MECH:substrate_storage_heparan_sulfate,has_mechanism,pubmed,https://pubmed.ncbi.nlm.nih.gov/23863627/,2026-10-03,0.75,extracted,supports,,"Following vector administration, enzymatic activity increased throughout the brain and in serum, leading to whole body correction of GAG accumulation and lysosomal pathology, normalization of behavioral deficits, and prolonged survival.",,animal_model,
E0e49aee,MONDO:0009655,INTERVENTION:intra_CSF_AAV9_gene_therapy,studied_with,pubmed,https://pubmed.ncbi.nlm.nih.gov/23863627/,2026-10-03,0.8,extracted,supports,,intracerebrospinal fluid (intra-CSF) administration of serotype 9 adenoassociated viral vectors (AAV9s) encoding sulfamidase corrects both CNS and somatic pathology in MPS IIIA mice.,,animal_model,
Eaca8e2c,PMID:32057196,MONDO:0009655,mentions,pubmed,https://pubmed.ncbi.nlm.nih.gov/32057196/,2026-10-03,0.95,observed,supports,,Haematopoietic stem cell gene therapy with IL-1Ra rescues cognitive loss in mucopolysaccharidosis IIIA.,,,
Ed62fa17,MONDO:0009655,MECH:substrate_storage_heparan_sulfate,has_mechanism,pubmed,https://pubmed.ncbi.nlm.nih.gov/32057196/,2026-10-03,0.8,extracted,supports,,"Mucopolysaccharidosis IIIA is a neuronopathic lysosomal storage disease, characterised by heparan sulphate and other substrates accumulating in the brain.",,review,
E4af2811,MONDO:0009655,MECH:neuroinflammation,has_mechanism,pubmed,https://pubmed.ncbi.nlm.nih.gov/32057196/,2026-10-03,0.7,extracted,supports,,"Patients develop behavioural disturbances and cognitive decline, a possible consequence of neuroinflammation and abnormal substrate accumulation.",,human,
E13c6e2f,MONDO:0009655,INTERVENTION:haematopoietic_stem_cell_gene_therapy_wi,studied_with,pubmed,https://pubmed.ncbi.nlm.nih.gov/32057196/,2026-10-03,0.8,extracted,supports,,IL-1 blockade in mucopolysaccharidosis IIIA mice using IL-1 receptor type 1 knockout or haematopoietic stem cell gene therapy over-expressing IL-1Ra reduced gliosis and completely prevented behavioural phenotypes.,,animal_model,
Eb4daecf,MONDO:0009655,INTERVENTION:IL_1_receptor_type_1_knockout,studied_with,pubmed,https://pubmed.ncbi.nlm.nih.gov/32057196/,2026-10-03,0.8,extracted,supports,,IL-1 blockade in mucopolysaccharidosis IIIA mice using IL-1 receptor type 1 knockout or haematopoietic stem cell gene therapy over-expressing IL-1Ra reduced gliosis and completely prevented behavioural phenotypes.,,animal_model,
Ef5146bf,PMID:31788497,MONDO:0009655,mentions,pubmed,https://pubmed.ncbi.nlm.nih.gov/31788497/,2026-10-03,0.95,observed,supports,,Enhancing the Therapeutic Potential of Sulfamidase for the Treatment of Mucopolysaccharidosis IIIA.,,,
Eee0e5f8,MONDO:0009655,MECH:lysosomal_enzyme_deficiency,has_mechanism,pubmed,https://pubmed.ncbi.nlm.nih.gov/31788497/,2026-10-03,0.8,extracted,supports,LoF,"Mucopolysaccharidosis type IIIA (MPS-IIIA) is a lysosomal storage disorder (LSD) caused by inherited defect of sulfamidase, a lysosomal sulfatase.",,review,
E63d5bb6,MONDO:0009655,INTERVENTION:AAV9_mediated_sulfamidase_gene_therapy,studied_with,pubmed,https://pubmed.ncbi.nlm.nih.gov/31788497/,2026-10-03,0.8,extracted,supports,,"Translating such gene delivery strategy to a mouse model of MPS-IIIA results in a rescue of brain pathology, including memory deficit, as well as improvement in somatic tissues.",,animal_model,
Ec641145,PMID:32111039,MONDO:0009656,mentions,pubmed,https://pubmed.ncbi.nlm.nih.gov/32111039/,2026-10-03,0.95,observed,supports,,Proteomic Analysis of Mucopolysaccharidosis IIIB Mouse Brain.,,,
Ec820ac0,MONDO:0009656,MECH:synaptic_dysfunction,has_mechanism,pubmed,https://pubmed.ncbi.nlm.nih.gov/32111039/,2026-10-03,0.75,extracted,supports,,"Multiple bioinformatic analyses allowed to identify three major clusters of the differentially abundant proteins: proteins involved in cytoskeletal regulation, synaptic vesicle trafficking, and energy metabolism.",,animal_model,
Ef988b3e,MONDO:0009656,MECH:neuronal_loss,has_mechanism,pubmed,https://pubmed.ncbi.nlm.nih.gov/32111039/,2026-10-03,0.8,extracted,supports,,The main clinical manifestations of the disease are profound intellectual disability and neurodegeneration.,,review,
E5d2d567,PMID:18443291,MONDO:0009656,mentions,pubmed,https://pubmed.ncbi.nlm.nih.gov/18443291/,2026-10-03,0.95,observed,supports,,Structural and mechanistic insight into the basis of mucopolysaccharidosis IIIB.,,,
Eae4e3d8,MONDO:0009656,MECH:substrate_storage_heparan_sulfate,has_mechanism,pubmed,https://pubmed.ncbi.nlm.nih.gov/18443291/,2026-10-03,0.75,extracted,supports,,Mucopolysaccharidosis III (MPS III) has four forms (A-D) that result from buildup of an improperly degraded glycosaminoglycan in lysosomes.,,review,
E8a7d8c7,MONDO:0009656,MECH:lysosomal_enzyme_deficiency,has_mechanism,pubmed,https://pubmed.ncbi.nlm.nih.gov/18443291/,2026-10-03,0.8,extracted,supports,LoF,MPS IIIB is attributable to the decreased activity of a lysosomal alpha-N-acetylglucosaminidase (NAGLU).,,review,
Eaae4088,MONDO:0009656,NCBIGene:4669,caused_by,pubmed,https://pubmed.ncbi.nlm.nih.gov/18443291/,2026-10-03,0.8,extracted,supports,LoF,MPS IIIB is attributable to the decreased activity of a lysosomal alpha-N-acetylglucosaminidase (NAGLU).,,review,
E16ecc39,MONDO:0009656,INTERVENTION:chemical_chaperones,studied_with,pubmed,https://pubmed.ncbi.nlm.nih.gov/18443291/,2026-10-03,0.65,extracted,supports,,open the door to the design and optimization of chemical chaperones for treating MPS IIIB.,,review,
E78ed72e,PMID:22096577,MONDO:0009656,mentions,pubmed,https://pubmed.ncbi.nlm.nih.gov/22096577/,2026-10-03,0.95,observed,supports,,Defects in the medial entorhinal cortex and dentate gyrus in the mouse model of Sanfilippo syndrome type B.,,,
Ee5d66d2,MONDO:0009656,MECH:lysosomal_enzyme_deficiency,has_mechanism,pubmed,https://pubmed.ncbi.nlm.nih.gov/22096577/,2026-10-03,0.8,extracted,supports,LoF,it is caused by deficiency of α-N-acetylglucosaminidase and resulting lysosomal storage of heparan sulfate.,,review,
E1ed5a6b,MONDO:0009656,MECH:substrate_storage_heparan_sulfate,has_mechanism,pubmed,https://pubmed.ncbi.nlm.nih.gov/22096577/,2026-10-03,0.8,extracted,supports,,it is caused by deficiency of α-N-acetylglucosaminidase and resulting lysosomal storage of heparan sulfate.,,review,
Ea63eff1,MONDO:0009656,INTERVENTION:LiCl,studied_with,pubmed,https://pubmed.ncbi.nlm.nih.gov/22096577/,2026-10-03,0.8,extracted,supports,,"Ptau inclusions in the dentate gyrus of MPS IIIB mice were reduced in number when the mice were administered LiCl, a specific inhibitor of Gsk3β.",,animal_model,
E4641171,PMID:24723233,MONDO:0009656,mentions,pubmed,https://pubmed.ncbi.nlm.nih.gov/24723233/,2026-10-03,0.95,observed,supports,,Pathological and biochemical studies of mucopolysaccharidosis type IIIB (Sanfilippo syndrome type B) in juvenile emus (Dromaius novaehollandiae).,,,
Efa290d7,MONDO:0009656,NCBIGene:4669,caused_by,pubmed,https://pubmed.ncbi.nlm.nih.gov/24723233/,2026-10-03,0.8,extracted,supports,LoF,"Moreover, affected emus were homozygous for a 2-bp deletion in the NAGLU gene.",,animal_model,
E188a5a7,MONDO:0009656,MECH:substrate_storage_heparan_sulfate,has_mechanism,pubmed,https://pubmed.ncbi.nlm.nih.gov/24723233/,2026-10-03,0.8,extracted,supports,,"The livers of the 2 affected emus studied contained large amounts of heparan sulfate, which is suggestive of MPS type III.",,animal_model,
E2fec435,PMID:37762291,MONDO:0009656,mentions,pubmed,https://pubmed.ncbi.nlm.nih.gov/37762291/,2026-10-03,0.95,observed,supports,,Femoral Structure and Biomechanical Characteristics in Sanfilippo Syndrome Type-B Mice.,,,
E8ce1e30,MONDO:0009656,MECH:lysosomal_enzyme_deficiency,has_mechanism,pubmed,https://pubmed.ncbi.nlm.nih.gov/37762291/,2026-10-03,0.8,extracted,supports,LoF,"The major concerns of ERT and gene therapy for the treatment of bone malformation are the inadequate biodistribution of the missing enzyme, N-acetyl-α-glucosaminidase (NAGLU), and that the skeleton is a poorly hit target tissue in ERT and gene therapy.",,review,
E9e67715,MONDO:0009656,NCBIGene:4669,caused_by,pubmed,https://pubmed.ncbi.nlm.nih.gov/37762291/,2026-10-03,0.6,extracted,supports,LoF,"The major concerns of ERT and gene therapy for the treatment of bone malformation are the inadequate biodistribution of the missing enzyme, N-acetyl-α-glucosaminidase (NAGLU), and that the skeleton is a poorly hit target tissue in ERT and gene therapy.",,review,
E89a9846,MONDO:0009656,INTERVENTION:SBC_103,studied_with,pubmed,https://pubmed.ncbi.nlm.nih.gov/37762291/,2026-10-03,0.8,extracted,supports,,"Despite human trials of enzyme replacement therapy (ERT) (SBC-103, AX250) in MPS IIIB, there is currently no FDA approved treatment and a few palliative options.",,human,
Efdbc6fb,MONDO:0009656,INTERVENTION:AX250,studied_with,pubmed,https://pubmed.ncbi.nlm.nih.gov/37762291/,2026-10-03,0.8,extracted,supports,,"Despite human trials of enzyme replacement therapy (ERT) (SBC-103, AX250) in MPS IIIB, there is currently no FDA approved treatment and a few palliative options.",,human,
E4b678b2,PMID:16151907,MONDO:0009656,mentions,pubmed,https://pubmed.ncbi.nlm.nih.gov/16151907/,2026-10-03,0.95,observed,supports,,Molecular defects in Sanfilippo syndrome type B (mucopolysaccharidosis IIIB).,,,
E4c1bac8,MONDO:0009656,NCBIGene:4669,caused_by,pubmed,https://pubmed.ncbi.nlm.nih.gov/16151907/,2026-10-03,0.8,extracted,supports,LoF,Sanfilippo syndrome type B (mucopolysaccharidosis IIIB) is an autosomal recessive disease that is caused by the deficiency of the lysosomal enzyme alpha-N-acetylglucosaminidase (NAGLU).,,review,
Eac469c9,MONDO:0009656,MECH:lysosomal_enzyme_deficiency,has_mechanism,pubmed,https://pubmed.ncbi.nlm.nih.gov/16151907/,2026-10-03,0.8,extracted,supports,LoF,Sanfilippo syndrome type B (mucopolysaccharidosis IIIB) is an autosomal recessive disease that is caused by the deficiency of the lysosomal enzyme alpha-N-acetylglucosaminidase (NAGLU).,,review,
E7a77f58,MONDO:0009656,MECH:substrate_storage_heparan_sulfate,has_mechanism,pubmed,https://pubmed.ncbi.nlm.nih.gov/16151907/,2026-10-03,0.8,extracted,supports,,"NAGLU is involved in the degradation of the glycosaminoglycan (GAG) heparan sulphate, and a deficiency results in the accumulation of partially degraded GAGs inside lysosomes.",,review,
Efe86c77,PMID:28911234,MONDO:0009656,mentions,pubmed,https://pubmed.ncbi.nlm.nih.gov/28911234/,2026-10-03,0.95,observed,supports,,Mucopolysaccharidosis IIIB (Sanfilippo syndrome B) in a commercial emu (Dromaius novaehollandiae) flock.,,,
Ed4c45cc,MONDO:0009656,NCBIGene:4669,caused_by,pubmed,https://pubmed.ncbi.nlm.nih.gov/28911234/,2026-10-03,0.8,extracted,supports,LoF,Affected emus were homozygous for the two-base deletion in the α-N-acetylglucosaminidase gene that causes MPS IIIB in emus.,,animal_model,
Ec0d2955,MONDO:0009656,MECH:lysosomal_enzyme_deficiency,has_mechanism,pubmed,https://pubmed.ncbi.nlm.nih.gov/28911234/,2026-10-03,0.8,extracted,supports,,Affected emus were homozygous for the two-base deletion in the α-N-acetylglucosaminidase gene that causes MPS IIIB in emus.,,animal_model,
E1d81532,PMID:21408219,MONDO:0009656,mentions,pubmed,https://pubmed.ncbi.nlm.nih.gov/21408219/,2026-10-03,0.95,observed,supports,,Blood-brain barrier impairment in an animal model of MPS III B.,,,
Ec104964,MONDO:0009656,MECH:lysosomal_enzyme_deficiency,has_mechanism,pubmed,https://pubmed.ncbi.nlm.nih.gov/21408219/,2026-10-03,0.8,extracted,supports,LoF,Sanfilippo syndrome type B (MPS III B) is caused by a deficiency of α-N-acetylglucosaminidase enzyme,,review,
E4da5d49,MONDO:0009656,MECH:substrate_storage_heparan_sulfate,has_mechanism,pubmed,https://pubmed.ncbi.nlm.nih.gov/21408219/,2026-10-03,0.8,extracted,supports,,leading to accumulation of heparan sulfate within lysosomes,,review,
E14f4605,PMID:3938624,MONDO:0009656,mentions,pubmed,https://pubmed.ncbi.nlm.nih.gov/3938624/,2026-10-03,0.95,observed,supports,,Neuropathological study and chemico-pathological correlation in sibling cases of Sanfilippo syndrome type B.,,,
E2be3229,MONDO:0009656,MECH:neuronal_loss,has_mechanism,pubmed,https://pubmed.ncbi.nlm.nih.gov/3938624/,2026-10-03,0.8,extracted,supports,,"Pathological study revealed distended neurons and neuronal processes with inclusions throughout the CNS and the visceral organs, and neuronal loss and corresponding gliosis.",,human,
E48729a8,MONDO:0009656,MECH:demyelination,has_mechanism,pubmed,https://pubmed.ncbi.nlm.nih.gov/3938624/,2026-10-03,0.8,extracted,supports,,A protein assay of the cerebrum showed increased glial fibrillary acidic protein and low levels of myelin basic protein in the white matter.,,human,
Eb7553df,PMID:20179679,MONDO:0009656,mentions,pubmed,https://pubmed.ncbi.nlm.nih.gov/20179679/,2026-10-03,0.95,observed,supports,,"Therapeutic efficacy of bone marrow transplant, intracranial AAV-mediated gene therapy, or both in the mouse model of MPS IIIB.",,,
E9657a4d,MONDO:0009656,MECH:lysosomal_enzyme_deficiency,has_mechanism,pubmed,https://pubmed.ncbi.nlm.nih.gov/20179679/,2026-10-03,0.8,extracted,supports,LoF,Sanfilippo syndrome type B (MPS IIIB) is a lysosomal storage disease resulting from a deficiency of N-acetyl-glucosaminidase (NAGLU) activity.,,review,
Ece19b4d,MONDO:0009656,NCBIGene:4669,caused_by,pubmed,https://pubmed.ncbi.nlm.nih.gov/20179679/,2026-10-03,0.8,extracted,supports,LoF,Sanfilippo syndrome type B (MPS IIIB) is a lysosomal storage disease resulting from a deficiency of N-acetyl-glucosaminidase (NAGLU) activity.,,review,
E84e2735,PMID:17033958,MONDO:0009657,mentions,pubmed,https://pubmed.ncbi.nlm.nih.gov/17033958/,2026-10-03,0.95,observed,supports,,Mutations in TMEM76* cause mucopolysaccharidosis IIIC (Sanfilippo C syndrome).,,,
E75a697a,MONDO:0009657,NCBIGene:138050,caused_by,pubmed,https://pubmed.ncbi.nlm.nih.gov/17033958/,2026-10-03,0.8,extracted,supports,LoF,"the identification of the transmembrane protein 76 gene (TMEM76), which encodes a 73-kDa protein with predicted multiple transmembrane domains and glycosylation sites, as the gene that causes MPS IIIC when it is mutated.",,human,
Ec123452,PMID:35704026,MONDO:0009657,mentions,pubmed,https://pubmed.ncbi.nlm.nih.gov/35704026/,2026-10-03,0.95,observed,supports,,Glucosamine amends CNS pathology in mucopolysaccharidosis IIIC mouse expressing misfolded HGSNAT.,,,
E39478ab,MONDO:0009657,NCBIGene:138050,caused_by,pubmed,https://pubmed.ncbi.nlm.nih.gov/35704026/,2026-10-03,0.8,extracted,supports,dominant_negative,"The majority of mucopolysaccharidosis IIIC (MPS IIIC) patients have missense variants causing misfolding of heparan sulfate acetyl-CoA:α-glucosaminide N-acetyltransferase (HGSNAT), which are potentially treatable with pharmacological chaperones.",,human,
Ed45e10c,MONDO:0009657,MECH:er_stress_misfolding,has_mechanism,pubmed,https://pubmed.ncbi.nlm.nih.gov/35704026/,2026-10-03,0.8,extracted,supports,,"To test this approach, we generated a novel HgsnatP304L mouse model expressing misfolded HGSNAT Pro304Leu variant.",,animal_model,
Ec731ac0,MONDO:0009657,MECH:neuroinflammation,has_mechanism,pubmed,https://pubmed.ncbi.nlm.nih.gov/35704026/,2026-10-03,0.8,extracted,supports,,"HgsnatP304L mice also show augmented severity of neuroimmune response, synaptic deficits, and neuronal storage of misfolded proteins and gangliosides compared with Hgsnat-Geo mice.",,animal_model,
E2ed694d,MONDO:0009657,MECH:synaptic_dysfunction,has_mechanism,pubmed,https://pubmed.ncbi.nlm.nih.gov/35704026/,2026-10-03,0.8,extracted,supports,,"HgsnatP304L mice also show augmented severity of neuroimmune response, synaptic deficits, and neuronal storage of misfolded proteins and gangliosides compared with Hgsnat-Geo mice.",,animal_model,
Ebb76e0a,MONDO:0009657,MECH:substrate_storage_glycosphingolipid,has_mechanism,pubmed,https://pubmed.ncbi.nlm.nih.gov/35704026/,2026-10-03,0.8,extracted,supports,,"HgsnatP304L mice also show augmented severity of neuroimmune response, synaptic deficits, and neuronal storage of misfolded proteins and gangliosides compared with Hgsnat-Geo mice.",,animal_model,
E62a92d0,MONDO:0009657,INTERVENTION:glucosamine,studied_with,pubmed,https://pubmed.ncbi.nlm.nih.gov/35704026/,2026-10-03,0.8,extracted,supports,,"Memory deficits and majority of brain pathology were rescued in mice receiving HGSNAT chaperone, glucosamine.",,animal_model,
Edfb3b5e,PMID:19479962,MONDO:0009657,mentions,pubmed,https://pubmed.ncbi.nlm.nih.gov/19479962/,2026-10-03,0.95,observed,supports,,Sanfilippo syndrome type C: mutation spectrum in the heparan sulfate acetyl-CoA: alpha-glucosaminide N-acetyltransferase (HGSNAT) gene.,,,
Ea62de2e,MONDO:0009657,NCBIGene:138050,caused_by,pubmed,https://pubmed.ncbi.nlm.nih.gov/19479962/,2026-10-03,0.8,extracted,supports,LoF,"Mucopolysaccharidosis (MPS) type IIIC or Sanfilippo syndrome type C is a rare autosomal recessive disorder caused by the deficiency of the lysosomal membrane enzyme, heparan sulfate acetyl-CoA (AcCoA): alpha-glucosaminide N-acetyltransferase (HGSNAT; EC 2.3.1.78), which catalyzes transmembrane",,review,
E108a4c3,MONDO:0009657,MECH:lysosomal_enzyme_deficiency,has_mechanism,pubmed,https://pubmed.ncbi.nlm.nih.gov/19479962/,2026-10-03,0.8,extracted,supports,LoF,"Mucopolysaccharidosis (MPS) type IIIC or Sanfilippo syndrome type C is a rare autosomal recessive disorder caused by the deficiency of the lysosomal membrane enzyme, heparan sulfate acetyl-CoA (AcCoA): alpha-glucosaminide N-acetyltransferase (HGSNAT; EC 2.3.1.78), which catalyzes transmembrane",,review,
E7373ae4,MONDO:0009657,MECH:substrate_storage_heparan_sulfate,has_mechanism,pubmed,https://pubmed.ncbi.nlm.nih.gov/19479962/,2026-10-03,0.8,extracted,supports,,"Lysosomal storage of undegraded heparan sulfate in the cells of affected patients leads to neuronal death, causing neurodegeneration and severely impaired development accompanied by mild visceral and skeletal abnormalities, including mild dwarfism, coarse facies, and joint stiffness.",,review,
E6b41a5b,MONDO:0009657,MECH:neuronal_loss,has_mechanism,pubmed,https://pubmed.ncbi.nlm.nih.gov/19479962/,2026-10-03,0.8,extracted,supports,,"Lysosomal storage of undegraded heparan sulfate in the cells of affected patients leads to neuronal death, causing neurodegeneration and severely impaired development accompanied by mild visceral and skeletal abnormalities, including mild dwarfism, coarse facies, and joint stiffness.",,review,
Ed920478,PMID:15591281,MONDO:0009657,mentions,pubmed,https://pubmed.ncbi.nlm.nih.gov/15591281/,2026-10-03,0.95,observed,supports,,Localisation of a gene for mucopolysaccharidosis IIIC to the pericentromeric region of chromosome 8.,,,
Ec16062e,MONDO:0009657,MECH:lysosomal_enzyme_deficiency,has_mechanism,pubmed,https://pubmed.ncbi.nlm.nih.gov/15591281/,2026-10-03,0.8,extracted,supports,LoF,"Mucopolysaccharidosis type IIIC (MPS IIIC, or Sanfilippo syndrome C) is a rare lysosomal storage disorder caused by a deficiency of acetyl-coenzyme A:alpha-glucosaminide-N-acetyltransferase.",,review,
Efd8f6dd,PMID:20583299,MONDO:0009657,mentions,pubmed,https://pubmed.ncbi.nlm.nih.gov/20583299/,2026-10-03,0.95,observed,supports,,Functional analysis of the HGSNAT gene in patients with mucopolysaccharidosis IIIC (Sanfilippo C Syndrome).,,,
E3762371,MONDO:0009657,MECH:lysosomal_membrane_protein_defect,has_mechanism,pubmed,https://pubmed.ncbi.nlm.nih.gov/20583299/,2026-10-03,0.8,extracted,supports,LoF,Mucopolysaccharidosis (MPS) IIIC is an autosomal recessive lysosomal storage disorder caused by a deficiency in heparan acetyl CoA: alpha-glucosaminide N-acetyltransferase (HGSNAT).,,review,
E530d030,MONDO:0009657,NCBIGene:138050,caused_by,pubmed,https://pubmed.ncbi.nlm.nih.gov/20583299/,2026-10-03,0.8,extracted,supports,LoF,Mucopolysaccharidosis (MPS) IIIC is an autosomal recessive lysosomal storage disorder caused by a deficiency in heparan acetyl CoA: alpha-glucosaminide N-acetyltransferase (HGSNAT).,,review,
Ef4da0cb,PMID:18024218,MONDO:0009657,mentions,pubmed,https://pubmed.ncbi.nlm.nih.gov/18024218/,2026-10-03,0.95,observed,supports,,Clinical and genetic spectrum of Sanfilippo type C (MPS IIIC) disease in The Netherlands.,,,
E557ac17,MONDO:0009657,MECH:lysosomal_enzyme_deficiency,has_mechanism,pubmed,https://pubmed.ncbi.nlm.nih.gov/18024218/,2026-10-03,0.8,extracted,supports,LoF,"Mucopolysaccharidosis IIIC (MPS IIIC, Sanfilippo C syndrome) is a lysosomal storage disorder caused by deficiency of the lysosomal enzyme acetyl-CoA:alpha-glucosaminide N-acetyltransferase (HGSNAT).",,review,
Ec23ca9d,MONDO:0009657,NCBIGene:138050,caused_by,pubmed,https://pubmed.ncbi.nlm.nih.gov/18024218/,2026-10-03,0.8,extracted,supports,LoF,"Mucopolysaccharidosis IIIC (MPS IIIC, Sanfilippo C syndrome) is a lysosomal storage disorder caused by deficiency of the lysosomal enzyme acetyl-CoA:alpha-glucosaminide N-acetyltransferase (HGSNAT).",,human,
E8468d8d,PMID:23301227,MONDO:0009657,mentions,pubmed,https://pubmed.ncbi.nlm.nih.gov/23301227/,2026-10-03,0.95,observed,supports,,The first Korean case of mucopolysaccharidosis IIIC (Sanfilippo syndrome type C) confirmed by biochemical and molecular investigation.,,,
Ed4e2d95,MONDO:0009657,NCBIGene:138050,caused_by,pubmed,https://pubmed.ncbi.nlm.nih.gov/23301227/,2026-10-03,0.8,extracted,supports,LoF,"Mucopolysaccharidosis (MPS) III has 4 enzymatically distinct forms (A, B, C, and D), and MPS IIIC, also known as Sanfilippo C syndrome, is an autosomal recessive lysosomal storage disease caused by a deficiency of heparan acetyl-CoA:alpha-glucosaminide N-acetyltransferase (HGSNAT).",,human,
E7db959c,MONDO:0009657,MECH:lysosomal_enzyme_deficiency,has_mechanism,pubmed,https://pubmed.ncbi.nlm.nih.gov/23301227/,2026-10-03,0.8,extracted,supports,LoF,"Mucopolysaccharidosis (MPS) III has 4 enzymatically distinct forms (A, B, C, and D), and MPS IIIC, also known as Sanfilippo C syndrome, is an autosomal recessive lysosomal storage disease caused by a deficiency of heparan acetyl-CoA:alpha-glucosaminide N-acetyltransferase (HGSNAT).",,human,
Efdcc8cb,MONDO:0009657,MECH:substrate_storage_heparan_sulfate,has_mechanism,pubmed,https://pubmed.ncbi.nlm.nih.gov/23301227/,2026-10-03,0.8,extracted,supports,,"Urinary excretion of glycosaminoglycan (GAG) was markedly elevated (984.4 mg GAG/g creatinine) compared with the age-specific reference range (<175 mg GAG/g creatinine), and a strong band of heparan sulfate was recognized on performing thin layer chromatography.",,human,
E72e0e15,PMID:16960811,MONDO:0009657,mentions,pubmed,https://pubmed.ncbi.nlm.nih.gov/16960811/,2026-10-03,0.95,observed,supports,,Identification of the gene encoding the enzyme deficient in mucopolysaccharidosis IIIC (Sanfilippo disease type C).,,,
E9ca0fac,MONDO:0009657,NCBIGene:138050,caused_by,pubmed,https://pubmed.ncbi.nlm.nih.gov/16960811/,2026-10-03,0.8,extracted,supports,LoF,"A full-length mouse expressed sequence tag was expressed in human MPS IIIC fibroblasts, and its protein product localized to the lysosome and corrected the enzymatic defect.",,cell_model,
E86ebfa2,MONDO:0009657,MECH:lysosomal_enzyme_deficiency,has_mechanism,pubmed,https://pubmed.ncbi.nlm.nih.gov/16960811/,2026-10-03,0.8,extracted,supports,LoF,"A full-length mouse expressed sequence tag was expressed in human MPS IIIC fibroblasts, and its protein product localized to the lysosome and corrected the enzymatic defect.",,cell_model,
Ed8477f4,MONDO:0009657,MECH:lysosomal_membrane_protein_defect,has_mechanism,pubmed,https://pubmed.ncbi.nlm.nih.gov/16960811/,2026-10-03,0.8,extracted,supports,LoF,"A full-length mouse expressed sequence tag was expressed in human MPS IIIC fibroblasts, and its protein product localized to the lysosome and corrected the enzymatic defect.",,cell_model,
E69de187,PMID:6794963,MONDO:0009657,mentions,pubmed,https://pubmed.ncbi.nlm.nih.gov/6794963/,2026-10-03,0.95,observed,supports,,Sanfilippo syndrome type C: assay for acetyl-CoA: alpha-glucosaminide N-acetyltransferase in leukocytes for detection of homozygous and heterozygous individuals.,,,
E9c0ab1c,MONDO:0009657,MECH:lysosomal_enzyme_deficiency,has_mechanism,pubmed,https://pubmed.ncbi.nlm.nih.gov/6794963/,2026-10-03,0.8,extracted,supports,LoF,"In one family with two patients suffering from Sanfilippo C syndrome, the affected individuals had no residual activity to acetyl-CoA: alpha-glucosaminide N-acetyltransferase.",,human,
Eb929bd5,PMID:38613342,MONDO:0009657,mentions,pubmed,https://pubmed.ncbi.nlm.nih.gov/38613342/,2026-10-03,0.95,observed,supports,,Identification and characterization of novel genetic variants in the first Chinese family of mucopolysaccharidosis IIIC (Sanfilippo C syndrome).,,,
E6d036dd,MONDO:0009657,MECH:lysosomal_enzyme_deficiency,has_mechanism,pubmed,https://pubmed.ncbi.nlm.nih.gov/38613342/,2026-10-03,0.8,extracted,supports,LoF,"Mucopolysaccharidosis type IIIC (MPS IIIC) is one of inherited lysosomal storage disorders, caused by deficiencies in lysosomal hydrolases degrading acidic mucopolysaccharides.",,review,
E5e16efb,MONDO:0009657,NCBIGene:138050,caused_by,pubmed,https://pubmed.ncbi.nlm.nih.gov/38613342/,2026-10-03,0.8,extracted,supports,LoF,"The gene responsible for MPS IIIC is HGSNAT, which encodes an enzyme that catalyses the acetylation of the terminal glucosamine residues of heparan sulfate.",,review,
E6fdf2ea,MONDO:0009657,MECH:lysosomal_membrane_protein_defect,has_mechanism,pubmed,https://pubmed.ncbi.nlm.nih.gov/38613342/,2026-10-03,0.8,extracted,supports,LoF,"confirmed the deleterious pathogenic nature of both variants, as evidenced by the loss of HGSNAT activity and failure of lysosomal localization.",,human,
E31ab74a,PMID:11243730,MONDO:0009658,mentions,pubmed,https://pubmed.ncbi.nlm.nih.gov/11243730/,2026-10-03,0.95,observed,supports,,Metabolic studies of glycosphingolipid accumulation in mucopolysaccharidosis IIID.,,,
Ef8f5811,MONDO:0009658,MECH:lysosomal_enzyme_deficiency,has_mechanism,pubmed,https://pubmed.ncbi.nlm.nih.gov/11243730/,2026-10-03,0.8,extracted,supports,LoF,Mucopolysaccharidosis type IIID (MPS IIID) is characterized by deficiency in lysosomal N-acetylglucosamine 6-sulfatase activity and the accumulation and excretion of heparan sulfates and N-acetylglucosamine 6-sulfate.,,review,
E9f300a9,MONDO:0009658,MECH:substrate_storage_heparan_sulfate,has_mechanism,pubmed,https://pubmed.ncbi.nlm.nih.gov/11243730/,2026-10-03,0.8,extracted,supports,,Mucopolysaccharidosis type IIID (MPS IIID) is characterized by deficiency in lysosomal N-acetylglucosamine 6-sulfatase activity and the accumulation and excretion of heparan sulfates and N-acetylglucosamine 6-sulfate.,,review,
E4576c7c,MONDO:0009658,MECH:substrate_storage_glycosphingolipid,has_mechanism,pubmed,https://pubmed.ncbi.nlm.nih.gov/11243730/,2026-10-03,0.8,extracted,supports,,"GM3, GD3, and lactosyl ceramide were the principal GSLs which abnormally accumulated in caprine MPS IIID brains.",,animal_model,
E99283cc,MONDO:0009658,MECH:lysosomal_enzyme_deficiency,has_mechanism,pubmed,https://pubmed.ncbi.nlm.nih.gov/33320673/,2026-10-03,0.8,extracted,supports,LoF,"mucopolysaccharidosis type IIID (MPS IIID, Sanfilippo syndrome type D), a lysosomal storage disorder (LSD) caused by the deficiency of α-N-acetylglucosamine-6-sulfatase (GNS).",,review,
E4d28745,MONDO:0009658,NCBIGene:2799,caused_by,pubmed,https://pubmed.ncbi.nlm.nih.gov/33320673/,2026-10-03,0.8,extracted,supports,LoF,"mucopolysaccharidosis type IIID (MPS IIID, Sanfilippo syndrome type D), a lysosomal storage disorder (LSD) caused by the deficiency of α-N-acetylglucosamine-6-sulfatase (GNS).",,review,
E6365b34,MONDO:0009658,MECH:substrate_storage_heparan_sulfate,has_mechanism,pubmed,https://pubmed.ncbi.nlm.nih.gov/33320673/,2026-10-03,0.8,extracted,supports,,"Furthermore, a single dose of rhGNS was able to reduce the accumulated heparan sulfate and β-hexosaminidase.",,animal_model,
E8f5517e,MONDO:0009658,INTERVENTION:recombinant_human_α_N_acetylglucosamine,studied_with,pubmed,https://pubmed.ncbi.nlm.nih.gov/33320673/,2026-10-03,0.8,extracted,supports,,"Here, we report a proof-of-concept enzyme replacement therapy (ERT) for MPS IIID using recombinant human α-N-acetylglucosamine-6-sulfatase (rhGNS) via intracerebroventricular (ICV) delivery in a neonatal MPS IIID mouse model.",,animal_model,
E44c4434,PMID:9039471,MONDO:0009658,mentions,pubmed,https://pubmed.ncbi.nlm.nih.gov/9039471/,2026-10-03,0.95,observed,supports,,The ultrastructure of skin from a patient with mucopolysaccharidosis IIID.,,,
Ed690453,MONDO:0009658,MECH:lysosomal_enzyme_deficiency,has_mechanism,pubmed,https://pubmed.ncbi.nlm.nih.gov/9039471/,2026-10-03,0.8,extracted,supports,LoF,It is caused by deficient activity of lysosomal N-acetylglucosamine-6-sulfatase (G6S).,,review,
Ec308e4d,MONDO:0009658,MECH:substrate_storage_heparan_sulfate,has_mechanism,pubmed,https://pubmed.ncbi.nlm.nih.gov/9039471/,2026-10-03,0.8,extracted,supports,,only the third analysis showed abnormal excretion of heparan sulfate.,,human,
E4ea2e9e,PMID:1434515,MONDO:0009658,mentions,pubmed,https://pubmed.ncbi.nlm.nih.gov/1434515/,2026-10-03,0.95,observed,supports,,N-acetylglucosamine 6-sulphatase deficiency in a Nubian goat: a model of Sanfilippo syndrome type D (mucopolysaccharidosis IIID).,,,
Ea9709cd,MONDO:0009658,MECH:lysosomal_enzyme_deficiency,has_mechanism,pubmed,https://pubmed.ncbi.nlm.nih.gov/1434515/,2026-10-03,0.8,extracted,supports,LoF,The assay of fibroblast extracts revealed a profound deficiency of N-acetylglucosamine 6-sulphatase,,animal_model,
E23827e6,MONDO:0009658,MECH:substrate_storage_heparan_sulfate,has_mechanism,pubmed,https://pubmed.ncbi.nlm.nih.gov/1434515/,2026-10-03,0.8,extracted,supports,,"However, N-sulphate content was increased 2- to 5-fold, suggestive of heparan sulphate excretion, and this elevation was confirmed by cellulose acetate electrophoresis.",,animal_model,
Eae09261,MONDO:0009658,NCBIGene:2799,caused_by,pubmed,https://pubmed.ncbi.nlm.nih.gov/1434515/,2026-10-03,0.8,extracted,supports,LoF,"These data ruled out multiple sulphatase deficiency and suggested the first example of the human Sanfilippo syndrome, type D (N-acetylglucosamine 6-sulphatase deficiency) in goats.",,animal_model,
Ed2fa98f,PMID:11303788,MONDO:0009658,mentions,pubmed,https://pubmed.ncbi.nlm.nih.gov/11303788/,2026-10-03,0.95,observed,supports,,Caprine mucopolysaccharidosis IIID: a preliminary trial of enzyme replacement therapy.,,,
E925dc7e,MONDO:0009658,MECH:lysosomal_enzyme_deficiency,has_mechanism,pubmed,https://pubmed.ncbi.nlm.nih.gov/11303788/,2026-10-03,0.8,extracted,supports,LoF,Mucopolysaccharidosis type IIID (MPS IIID) is a lysosomal storage disorder resulting from lack of activity of the lysosomal hydrolase N-acetylglucosamine 6-sulfatase (6S) (EC 3.1.6.14).,,review,
Edb41b16,MONDO:0009658,NCBIGene:2799,caused_by,pubmed,https://pubmed.ncbi.nlm.nih.gov/11303788/,2026-10-03,0.8,extracted,supports,LoF,Mucopolysaccharidosis type IIID (MPS IIID) is a lysosomal storage disorder resulting from lack of activity of the lysosomal hydrolase N-acetylglucosamine 6-sulfatase (6S) (EC 3.1.6.14).,,review,
E575d76c,MONDO:0009658,MECH:substrate_storage_heparan_sulfate,has_mechanism,pubmed,https://pubmed.ncbi.nlm.nih.gov/11303788/,2026-10-03,0.8,extracted,supports,,"The syndrome is associated with systemic and central nervous system (CNS) heparan sulfate glycosaminoglycan (HS-GAG) accumulation, secondary storage of lipids, and severe, progressive dementia.",,review,
E416d5c2,MONDO:0009658,INTERVENTION:enzyme_replacement_therapy,studied_with,pubmed,https://pubmed.ncbi.nlm.nih.gov/11303788/,2026-10-03,0.8,extracted,supports,,"However, hepatic uronic acid levels in the treated MPS IIID kid were approximately 90% lower than those in the untreated MPS IIID control; whereas the composition of the residual hepatic HS-GAG was identical to that in the untreated animal.",,animal_model,
E7847c47,PMID:9329460,MONDO:0009658,mentions,pubmed,https://pubmed.ncbi.nlm.nih.gov/9329460/,2026-10-03,0.95,observed,supports,,"Human mucopolysaccharidosis IIID: clinical, biochemical, morphological and immunohistochemical characteristics.",,,
E6438c8b,MONDO:0009658,MECH:lysosomal_enzyme_deficiency,has_mechanism,pubmed,https://pubmed.ncbi.nlm.nih.gov/9329460/,2026-10-03,0.8,extracted,supports,LoF,"To date, the clinical manifestations of 10 patients have been reported, the deficient N-acetylglucosamine 6-sulfatase (G6S) enzyme has been purified, and the G6S gene has been cloned, sequenced and localized.",,human,
Ed294171,MONDO:0009658,MECH:neuronal_loss,has_mechanism,pubmed,https://pubmed.ncbi.nlm.nih.gov/9329460/,2026-10-03,0.8,extracted,supports,,"This study supports the hypothesis that the neurological dysfunction and neurodegeneration common to the Sanfilippo syndromes is, in part, due to the secondary metabolic perturbations induced by HS accumulation.",,human,
E932fe3f,PMID:16990043,MONDO:0009658,mentions,pubmed,https://pubmed.ncbi.nlm.nih.gov/16990043/,2026-10-03,0.95,observed,supports,,Identification and characterisation of an 8.7 kb deletion and a novel nonsense mutation in two Italian families with Sanfilippo syndrome type D (mucopolysaccharidosis IIID).,,,
Eb072b10,MONDO:0009658,MECH:lysosomal_enzyme_deficiency,has_mechanism,pubmed,https://pubmed.ncbi.nlm.nih.gov/16990043/,2026-10-03,0.8,extracted,supports,LoF,"Sanfilippo syndrome type D is an autosomal recessive lysosomal storage disease that is caused by a deficiency of N-acetylglucosamine-6-sulphatase, one of the enzymes involved in the catabolism of heparan sulphate.",,review,
E60cebf6,PMID:17998446,MONDO:0009658,mentions,pubmed,https://pubmed.ncbi.nlm.nih.gov/17998446/,2026-10-03,0.95,observed,supports,,Sanfilippo syndrome type D: natural history and identification of 3 novel mutations in the GNS Gene.,,,
E6a6b8da,MONDO:0009658,MECH:lysosomal_enzyme_deficiency,has_mechanism,pubmed,https://pubmed.ncbi.nlm.nih.gov/17998446/,2026-10-03,0.8,extracted,supports,LoF,"Mucopolysaccharidosis type IIID (MPS-IIID), or Sanfilippo syndrome type D, is a rare autosomal recessive lysosomal storage disorder caused by mutations in the N-acetylglucosamine-6-sulfatase (GNS) gene, leading to impaired degradation of heparan sulfate.",,review,
E0851638,MONDO:0009658,NCBIGene:2799,caused_by,pubmed,https://pubmed.ncbi.nlm.nih.gov/17998446/,2026-10-03,0.8,extracted,supports,LoF,"Mucopolysaccharidosis type IIID (MPS-IIID), or Sanfilippo syndrome type D, is a rare autosomal recessive lysosomal storage disorder caused by mutations in the N-acetylglucosamine-6-sulfatase (GNS) gene, leading to impaired degradation of heparan sulfate.",,review,
E2b61bee,MONDO:0009658,MECH:substrate_storage_heparan_sulfate,has_mechanism,pubmed,https://pubmed.ncbi.nlm.nih.gov/17998446/,2026-10-03,0.8,extracted,supports,,"Mucopolysaccharidosis type IIID (MPS-IIID), or Sanfilippo syndrome type D, is a rare autosomal recessive lysosomal storage disorder caused by mutations in the N-acetylglucosamine-6-sulfatase (GNS) gene, leading to impaired degradation of heparan sulfate.",,review,
E5c968b6,PMID:15456941,MONDO:0009658,mentions,pubmed,https://pubmed.ncbi.nlm.nih.gov/15456941/,2026-10-03,0.95,observed,supports,,Caprine mucopolysaccharidosis IIID: fetal and neonatal brain and liver glycosaminoglycan and morphological perturbations.,,,
E0b78635,MONDO:0009658,MECH:lysosomal_enzyme_deficiency,has_mechanism,pubmed,https://pubmed.ncbi.nlm.nih.gov/15456941/,2026-10-03,0.8,extracted,supports,LoF,"Mucopolysaccharidosis IIID (MPS IIID) is a lysosomal storage disease associated with deficient activity of the enzyme N-acetylglucosamine 6-sulfatase (EC 3.1.6.14), a lysosomal hydrolase in the heparan sulfate glycosaminoglycan (HS-GAG) degradation pathway.",,review,
Ecc5ea79,MONDO:0009658,MECH:substrate_storage_heparan_sulfate,has_mechanism,pubmed,https://pubmed.ncbi.nlm.nih.gov/15456941/,2026-10-03,0.8,extracted,supports,,"In the CNS of -/- kids, morphological correlations of HS-GAG and glycolipid accumulations were evident in early differentiating neurons at 60 dg.",,animal_model,
E70af6e5,MONDO:0009658,INTERVENTION:enzyme_replacement_therapy,studied_with,pubmed,https://pubmed.ncbi.nlm.nih.gov/15456941/,2026-10-03,0.8,extracted,supports,,"In caprine MPS IIID, enzyme replacement therapy reversed early postnatal systemic but not primary or secondary central nervous system (CNS) substrate accumulations.",,animal_model,
Ecc495db,MONDO:0009658,MECH:lysosomal_enzyme_deficiency,has_mechanism,pubmed,https://pubmed.ncbi.nlm.nih.gov/37487748/,2026-10-03,0.8,extracted,supports,LoF,It is caused by sequence variations in the gene encoding lysosomal enzyme N-acetyl glucosamine-6-sulphatase (GNS).,,human,
E59b997d,MONDO:0009658,MECH:substrate_storage_heparan_sulfate,has_mechanism,pubmed,https://pubmed.ncbi.nlm.nih.gov/37487748/,2026-10-03,0.8,extracted,supports,,"Deficiency of GNS impairs catabolism of glycosaminoglycans causing accumulation of heparan sulphate within lysosomes of various tissues, which is visualized as membranous cytoplasmic bodies (MCBs) on electron microscopy.",,human,
E2c36d89,MONDO:0009658,NCBIGene:2799,caused_by,pubmed,https://pubmed.ncbi.nlm.nih.gov/37487748/,2026-10-03,0.8,extracted,supports,LoF,It is caused by sequence variations in the gene encoding lysosomal enzyme N-acetyl glucosamine-6-sulphatase (GNS).,,human,
E5d1e591,PMID:32188113,MONDO:0011758,mentions,pubmed,https://pubmed.ncbi.nlm.nih.gov/32188113/,2026-10-03,0.95,observed,supports,,Mucopolysaccharidosis Type I.,,,
E834d07e,MONDO:0011758,MECH:lysosomal_enzyme_deficiency,has_mechanism,pubmed,https://pubmed.ncbi.nlm.nih.gov/32188113/,2026-10-03,0.8,extracted,supports,LoF,"Mucopolysaccharidosis type I (MPS I) is caused by the deficiency of α-l-iduronidase, leading to the storage of dermatan and heparan sulfate.",,review,
Ef4f70c3,MONDO:0011758,MECH:substrate_storage_dermatan_sulfate,has_mechanism,pubmed,https://pubmed.ncbi.nlm.nih.gov/32188113/,2026-10-03,0.8,extracted,supports,,"Mucopolysaccharidosis type I (MPS I) is caused by the deficiency of α-l-iduronidase, leading to the storage of dermatan and heparan sulfate.",,review,
Ea90608d,MONDO:0011758,MECH:substrate_storage_heparan_sulfate,has_mechanism,pubmed,https://pubmed.ncbi.nlm.nih.gov/32188113/,2026-10-03,0.8,extracted,supports,,"Mucopolysaccharidosis type I (MPS I) is caused by the deficiency of α-l-iduronidase, leading to the storage of dermatan and heparan sulfate.",,review,
Ea3d2556,MONDO:0011758,NCBIGene:3425,caused_by,pubmed,https://pubmed.ncbi.nlm.nih.gov/32188113/,2026-10-03,0.8,extracted,supports,LoF,"Mucopolysaccharidosis type I (MPS I) is caused by the deficiency of α-l-iduronidase, leading to the storage of dermatan and heparan sulfate.",,review,
E3b17314,MONDO:0011758,INTERVENTION:hematopoietic_stem_cell_transplantation,studied_with,pubmed,https://pubmed.ncbi.nlm.nih.gov/32188113/,2026-10-03,0.8,extracted,supports,,Guidelines for treatment recommend hematopoietic stem cell transplantation for young Hurler patients (usually at less than 30 months of age).,,review,
Ed611f81,MONDO:0011758,INTERVENTION:Intravenous_enzyme_replacement,studied_with,pubmed,https://pubmed.ncbi.nlm.nih.gov/32188113/,2026-10-03,0.8,extracted,supports,,Intravenous enzyme replacement is approved and is the standard of care for attenuated-Hurler-Scheie and Scheie-forms (without cognitive impairment) and for the late-diagnosed severe-Hurler-cases.,,review,
Ee0d4cd3,MONDO:0011758,INTERVENTION:Intrathecal_enzyme_replacement_therapy,studied_with,pubmed,https://pubmed.ncbi.nlm.nih.gov/32188113/,2026-10-03,0.8,extracted,supports,,"Intrathecal enzyme replacement therapy is under evaluation, but it seems to be safe and effective.",,review,
E082258d,PMID:30335294,MONDO:0011758,mentions,pubmed,https://pubmed.ncbi.nlm.nih.gov/30335294/,2026-10-03,0.95,observed,supports,,Hurler Syndrome.,,,
E60f9b02,MONDO:0011758,MECH:lysosomal_enzyme_deficiency,has_mechanism,pubmed,https://pubmed.ncbi.nlm.nih.gov/30335294/,2026-10-03,0.8,extracted,supports,LoF,"It is an inherited lysosomal disorder caused by the absence of the alpha-L-iduronidase enzyme, which is responsible for the degradation of glycosaminoglycans (GAG or mucopolysaccharides).",,review,
E7ef79ca,MONDO:0011758,MECH:substrate_storage_dermatan_sulfate,has_mechanism,pubmed,https://pubmed.ncbi.nlm.nih.gov/30335294/,2026-10-03,0.8,extracted,supports,,"This leads to a buildup of dermatan sulfate and heparin sulfate in multiple tissues, resulting in progressive deterioration and, eventually, death.",,review,
Ef94d56e,PMID:20301341,MONDO:0011758,mentions,pubmed,https://pubmed.ncbi.nlm.nih.gov/20301341/,2026-10-03,0.95,observed,supports,,Mucopolysaccharidosis Type I.,,,
E99c17bc,MONDO:0011758,MECH:lysosomal_enzyme_deficiency,has_mechanism,pubmed,https://pubmed.ncbi.nlm.nih.gov/20301341/,2026-10-03,0.8,extracted,supports,LoF,The diagnosis of MPS I is established in a proband with suggestive clinical and laboratory findings by: detection of deficient activity of the lysosomal enzyme α-L-iduronidase (IDUA) in combination with elevation of glycosaminoglycan levels,,review,
Ebdd7c55,MONDO:0011758,NCBIGene:3425,caused_by,pubmed,https://pubmed.ncbi.nlm.nih.gov/20301341/,2026-10-03,0.8,extracted,supports,LoF,Identification of the causative IDUA variants plays an important role in the determination of phenotype.,,review,
E6ef5c04,MONDO:0011758,INTERVENTION:hematopoietic_stem_cell_transplantation,studied_with,pubmed,https://pubmed.ncbi.nlm.nih.gov/20301341/,2026-10-03,0.8,extracted,supports,,Hematopoietic stem cell transplantation (HSCT) is considered the standard of care for children with severe MPS I.,,review,
E560874d,MONDO:0011758,INTERVENTION:laronidase,studied_with,pubmed,https://pubmed.ncbi.nlm.nih.gov/20301341/,2026-10-03,0.8,extracted,supports,,"Enzyme replacement therapy (ERT) with laronidase (Aldurazyme®), licensed for treatment of the non-CNS manifestations of MPS I, improves liver size, linear growth, and mobility and joint range of motion; slows progression of respiratory disease; and improves sleep apnea in persons with attenuated",,review,
E5787e63,PMID:38691622,MONDO:0011758,mentions,pubmed,https://pubmed.ncbi.nlm.nih.gov/38691622/,2026-10-03,0.95,observed,supports,,Early skeletal outcomes after hematopoietic stem and progenitor cell gene therapy for Hurler syndrome.,,,
E66a9b84,MONDO:0011758,INTERVENTION:lentiviral_based_hematopoietic_stem_prog,studied_with,pubmed,https://pubmed.ncbi.nlm.nih.gov/38691622/,2026-10-03,0.8,extracted,supports,,Eight patients with MPSIH (mean age at treatment: 1.9 years) received lentiviral-based HSPC-GT in a phase 1/2 clinical trial (NCT03488394).,,human,
E609ec05,MONDO:0011758,INTERVENTION:allogeneic_hematopoietic_stem_cell_trans,studied_with,pubmed,https://pubmed.ncbi.nlm.nih.gov/38691622/,2026-10-03,0.5,extracted,supports,,Mucopolysaccharidosis type I Hurler (MPSIH) is characterized by severe and progressive skeletal dysplasia that is not fully addressed by allogeneic hematopoietic stem cell transplantation (HSCT).,,human,
E38e3994,PMID:34788506,MONDO:0011758,mentions,pubmed,https://pubmed.ncbi.nlm.nih.gov/34788506/,2026-10-03,0.95,observed,supports,,Hematopoietic Stem- and Progenitor-Cell Gene Therapy for Hurler Syndrome.,,,
E1c87658,MONDO:0011758,INTERVENTION:IDUA_gene_therapy,studied_with,pubmed,https://pubmed.ncbi.nlm.nih.gov/34788506/,2026-10-03,0.8,extracted,supports,,The children received autologous hematopoietic stem and progenitor cells (HSPCs) transduced ex vivo with an α-L-iduronidase (IDUA)-encoding lentiviral vector after myeloablative conditioning.,,human,
Ea251e60,MONDO:0011758,NCBIGene:3425,caused_by,pubmed,https://pubmed.ncbi.nlm.nih.gov/34788506/,2026-10-03,0.75,extracted,supports,LoF,The children received autologous hematopoietic stem and progenitor cells (HSPCs) transduced ex vivo with an α-L-iduronidase (IDUA)-encoding lentiviral vector after myeloablative conditioning.,,human,
E166a1b5,MONDO:0011758,MECH:lysosomal_enzyme_deficiency,has_mechanism,pubmed,https://pubmed.ncbi.nlm.nih.gov/34788506/,2026-10-03,0.8,extracted,supports,LoF,Previously undetectable levels of IDUA activity in the cerebrospinal fluid became detectable after gene therapy and were associated with local clearance of GAGs.,,human,
E72579fa,PMID:33572941,MONDO:0011758,mentions,pubmed,https://pubmed.ncbi.nlm.nih.gov/33572941/,2026-10-03,0.95,observed,supports,,"Mucopolysaccharidosis Type I: Current Treatments, Limitations, and Prospects for Improvement.",,,
E626832f,MONDO:0011758,MECH:lysosomal_enzyme_deficiency,has_mechanism,pubmed,https://pubmed.ncbi.nlm.nih.gov/33572941/,2026-10-03,0.8,extracted,supports,LoF,"Mucopolysaccharidosis type I (MPS I) is a lysosomal disease, caused by a deficiency of the enzyme alpha-L-iduronidase (IDUA).",,review,
Ee43cb3f,MONDO:0011758,NCBIGene:3425,caused_by,pubmed,https://pubmed.ncbi.nlm.nih.gov/33572941/,2026-10-03,0.8,extracted,supports,LoF,"Mucopolysaccharidosis type I (MPS I) is a lysosomal disease, caused by a deficiency of the enzyme alpha-L-iduronidase (IDUA).",,review,
E4994ab8,MONDO:0011758,INTERVENTION:enzyme_replacement_therapy,studied_with,pubmed,https://pubmed.ncbi.nlm.nih.gov/33572941/,2026-10-03,0.8,extracted,supports,,Currently approved treatments consist of enzyme replacement therapy (ERT) and/or hematopoietic stem cell transplantation (HSCT).,,human,
Eb4cea36,MONDO:0011758,INTERVENTION:hematopoietic_stem_cell_transplantation,studied_with,pubmed,https://pubmed.ncbi.nlm.nih.gov/33572941/,2026-10-03,0.8,extracted,supports,,"Patients with attenuated disease are often treated with ERT alone, while the recommended therapy for patients with Hurler syndrome consists of HSCT.",,human,
E2226a3b,PMID:32764324,MONDO:0011758,mentions,pubmed,https://pubmed.ncbi.nlm.nih.gov/32764324/,2026-10-03,0.95,observed,supports,,Mucopolysaccharidosis Type I: A Review of the Natural History and Molecular Pathology.,,,
E9977f00,MONDO:0011758,NCBIGene:3425,caused_by,pubmed,https://pubmed.ncbi.nlm.nih.gov/32764324/,2026-10-03,0.8,extracted,supports,LoF,"Mucopolysaccharidosis type I (MPS I) is a rare autosomal recessive inherited disease, caused by deficiency of the enzyme α-L-iduronidase",,review,
E85d5bcd,MONDO:0011758,MECH:lysosomal_enzyme_deficiency,has_mechanism,pubmed,https://pubmed.ncbi.nlm.nih.gov/32764324/,2026-10-03,0.8,extracted,supports,LoF,"Mucopolysaccharidosis type I (MPS I) is a rare autosomal recessive inherited disease, caused by deficiency of the enzyme α-L-iduronidase",,review,
Ef5b2735,MONDO:0011758,MECH:substrate_storage_dermatan_sulfate,has_mechanism,pubmed,https://pubmed.ncbi.nlm.nih.gov/32764324/,2026-10-03,0.8,extracted,supports,,resulting in accumulation of the glycosaminoglycans (GAGs) dermatan and heparan sulfate in organs and tissues,,review,
E9add978,MONDO:0011758,MECH:substrate_storage_heparan_sulfate,has_mechanism,pubmed,https://pubmed.ncbi.nlm.nih.gov/32764324/,2026-10-03,0.8,extracted,supports,,resulting in accumulation of the glycosaminoglycans (GAGs) dermatan and heparan sulfate in organs and tissues,,review,
E7e8d581,PMID:38222696,MONDO:0011758,mentions,pubmed,https://pubmed.ncbi.nlm.nih.gov/38222696/,2026-10-03,0.95,observed,supports,,Mucopolysaccharidosis type I Hurler-Scheie syndrome: a case report.,,,
E12070de,MONDO:0011758,NCBIGene:3425,caused_by,pubmed,https://pubmed.ncbi.nlm.nih.gov/38222696/,2026-10-03,0.8,extracted,supports,LoF,"Hurler syndrome, also known as mucopolysaccharidoses type I, is a rare autosomal recessive lysosomal storage disorder with decreased activities of α-L iduronidase, resulting in the accumulation of glycosaminoglycans (GAGs) within various tissues.",,review,
Ee9d9d1e,MONDO:0011758,MECH:lysosomal_enzyme_deficiency,has_mechanism,pubmed,https://pubmed.ncbi.nlm.nih.gov/38222696/,2026-10-03,0.8,extracted,supports,LoF,"Hurler syndrome, also known as mucopolysaccharidoses type I, is a rare autosomal recessive lysosomal storage disorder with decreased activities of α-L iduronidase, resulting in the accumulation of glycosaminoglycans (GAGs) within various tissues.",,review,
E710ca35,PMID:11405343,MONDO:0011758,mentions,pubmed,https://pubmed.ncbi.nlm.nih.gov/11405343/,2026-10-03,0.95,observed,supports,,Enzyme replacement therapy in mucopolysaccharidosis type I: progress and emerging difficulties.,,,
E4f69a3f,MONDO:0011758,MECH:lysosomal_enzyme_deficiency,has_mechanism,pubmed,https://pubmed.ncbi.nlm.nih.gov/11405343/,2026-10-03,0.8,extracted,supports,LoF,Mucopolysaccharidosis type I is due to a deficiency of the lysosomal enzyme alpha-L-iduronidase (EC 3.2.1.76) and is associated with a defect in the catabolism of the glycosaminoglycans heparan and dermatan sulphate.,,review,
Ecc81260,MONDO:0011758,MECH:substrate_storage_heparan_sulfate,has_mechanism,pubmed,https://pubmed.ncbi.nlm.nih.gov/11405343/,2026-10-03,0.8,extracted,supports,,Mucopolysaccharidosis type I is due to a deficiency of the lysosomal enzyme alpha-L-iduronidase (EC 3.2.1.76) and is associated with a defect in the catabolism of the glycosaminoglycans heparan and dermatan sulphate.,,review,
E44b1b56,MONDO:0011758,MECH:substrate_storage_dermatan_sulfate,has_mechanism,pubmed,https://pubmed.ncbi.nlm.nih.gov/11405343/,2026-10-03,0.8,extracted,supports,,Mucopolysaccharidosis type I is due to a deficiency of the lysosomal enzyme alpha-L-iduronidase (EC 3.2.1.76) and is associated with a defect in the catabolism of the glycosaminoglycans heparan and dermatan sulphate.,,review,
Ea785b30,MONDO:0011758,MECH:cardiomyopathy_storage,has_mechanism,pubmed,https://pubmed.ncbi.nlm.nih.gov/11405343/,2026-10-03,0.8,extracted,supports,,"The clinical picture produced by this abnormal storage is diverse and ranges from a disorder that is fatal in the early months of life, due to cardiomyopathy, to a condition compatible with a normal life-span.",,review,
E8d26bba,MONDO:0011758,INTERVENTION:enzyme_replacement_therapy,studied_with,pubmed,https://pubmed.ncbi.nlm.nih.gov/11405343/,2026-10-03,0.8,extracted,supports,,Enzyme replacement therapy has been developed as a potential therapy for some patients with MPS I.,,review,
Ec4b5c24,PMID:22918113,MONDO:0011758,mentions,pubmed,https://pubmed.ncbi.nlm.nih.gov/22918113/,2026-10-03,0.95,observed,supports,,Inner ear changes in mucopolysaccharidosis type I/Hurler syndrome.,,,
E9ae13b7,MONDO:0011758,NCBIGene:3425,caused_by,pubmed,https://pubmed.ncbi.nlm.nih.gov/22918113/,2026-10-03,0.8,extracted,supports,LoF,Mucopolysaccharidosis type I/Hurler syndrome is an autosomal recessive disease caused by a deficiency of α-L-iduronidase activity.,,review,
Ebb30cb1,MONDO:0011758,MECH:lysosomal_enzyme_deficiency,has_mechanism,pubmed,https://pubmed.ncbi.nlm.nih.gov/22918113/,2026-10-03,0.8,extracted,supports,LoF,Mucopolysaccharidosis type I/Hurler syndrome is an autosomal recessive disease caused by a deficiency of α-L-iduronidase activity.,,review,
Ea240b4a,MONDO:0011758,MECH:neuronal_loss,has_mechanism,pubmed,https://pubmed.ncbi.nlm.nih.gov/22918113/,2026-10-03,0.8,extracted,supports,,The number of cochlear hair cells in Hurler syndrome was significantly decreased compared with healthy controls.,,human,
Ecab64e7,PMID:39617925,MONDO:0010674,mentions,pubmed,https://pubmed.ncbi.nlm.nih.gov/39617925/,2026-10-03,0.95,observed,supports,,Molecular basis of mucopolysaccharidosis type II (Hunter syndrome): first review and classification of published IDS gene variants.,,,
E0474421,MONDO:0010674,NCBIGene:3423,caused_by,pubmed,https://pubmed.ncbi.nlm.nih.gov/39617925/,2026-10-03,0.8,extracted,supports,LoF,Mucopolysaccharidosis type II (MPS II) is a rare X-linked lysosomal storage disorder caused by genetic alterations in the iduronate 2-sulfatase (IDS) gene.,,review,
Ef5d5a50,MONDO:0010674,MECH:lysosomal_enzyme_deficiency,has_mechanism,pubmed,https://pubmed.ncbi.nlm.nih.gov/39617925/,2026-10-03,0.8,extracted,supports,LoF,Mucopolysaccharidosis type II (MPS II) is a rare X-linked lysosomal storage disorder caused by genetic alterations in the iduronate 2-sulfatase (IDS) gene.,,review,
E5254704,PMID:31877959,MONDO:0010674,mentions,pubmed,https://pubmed.ncbi.nlm.nih.gov/31877959/,2026-10-03,0.95,observed,supports,,Identification and Functional Characterization of IDS Gene Mutations Underlying Taiwanese Hunter Syndrome (Mucopolysaccharidosis Type II).,,,
Efa51226,MONDO:0010674,MECH:lysosomal_enzyme_deficiency,has_mechanism,pubmed,https://pubmed.ncbi.nlm.nih.gov/31877959/,2026-10-03,0.8,extracted,supports,LoF,Hunter syndrome (mucopolysaccharidosis II; MPS II) is caused by a defect of the iduronate-2-sulfatase (IDS) gene.,,review,
E664b7a7,MONDO:0010674,NCBIGene:3423,caused_by,pubmed,https://pubmed.ncbi.nlm.nih.gov/31877959/,2026-10-03,0.8,extracted,supports,LoF,Hunter syndrome (mucopolysaccharidosis II; MPS II) is caused by a defect of the iduronate-2-sulfatase (IDS) gene.,,review,
Ed6a6d6f,PMID:25345092,MONDO:0010674,mentions,pubmed,https://pubmed.ncbi.nlm.nih.gov/25345092/,2026-10-03,0.95,observed,supports,,"Mucopolysaccharidosis type II, Hunter's syndrome.",,,
E5228a4d,MONDO:0010674,MECH:lysosomal_enzyme_deficiency,has_mechanism,pubmed,https://pubmed.ncbi.nlm.nih.gov/25345092/,2026-10-03,0.8,extracted,supports,LoF,Hunter syndrome is caused by deficiency of the lysososmal enzyme iduronate-2-sulphatase that cleaves O-linked sulphate moieties from dermatan sulphate and heparan sulphate and leads to accumulation of GAGs.,,review,
E923afe7,MONDO:0010674,NCBIGene:3423,caused_by,pubmed,https://pubmed.ncbi.nlm.nih.gov/25345092/,2026-10-03,0.8,extracted,supports,LoF,Hunter syndrome is caused by deficiency of the lysososmal enzyme iduronate-2-sulphatase that cleaves O-linked sulphate moieties from dermatan sulphate and heparan sulphate and leads to accumulation of GAGs.,,review,
E385b672,MONDO:0010674,MECH:substrate_storage_dermatan_sulfate,has_mechanism,pubmed,https://pubmed.ncbi.nlm.nih.gov/25345092/,2026-10-03,0.8,extracted,supports,,Hunter syndrome is caused by deficiency of the lysososmal enzyme iduronate-2-sulphatase that cleaves O-linked sulphate moieties from dermatan sulphate and heparan sulphate and leads to accumulation of GAGs.,,review,
E1f3fa46,MONDO:0010674,MECH:substrate_storage_heparan_sulfate,has_mechanism,pubmed,https://pubmed.ncbi.nlm.nih.gov/25345092/,2026-10-03,0.8,extracted,supports,,Hunter syndrome is caused by deficiency of the lysososmal enzyme iduronate-2-sulphatase that cleaves O-linked sulphate moieties from dermatan sulphate and heparan sulphate and leads to accumulation of GAGs.,,review,
E2ac6e64,MONDO:0010674,INTERVENTION:Idursulfase,studied_with,pubmed,https://pubmed.ncbi.nlm.nih.gov/25345092/,2026-10-03,0.8,extracted,supports,,"Recombinant 125 Idursulfase, is indicated for long-term treatment.",,human,
E61a763b,MONDO:0010674,INTERVENTION:Haematopoietic_stem_cell_therapy,studied_with,pubmed,https://pubmed.ncbi.nlm.nih.gov/25345092/,2026-10-03,0.5,extracted,supports,,Limited experience of Haematopoietic stem cell therapy in MPS II showed progressive neurodegeneration.,,human,
E693188f,MONDO:0010674,INTERVENTION:gene_therapy,studied_with,pubmed,https://pubmed.ncbi.nlm.nih.gov/25345092/,2026-10-03,0.5,extracted,supports,,"Current research is focused on pharmacological chaperones, gene therapy and substrate reduction therapy and therapies that, unlike Idursulfase, do cross the blood-brain barrier.",,review,
E3c4f005,MONDO:0010674,INTERVENTION:substrate_reduction_therapy,studied_with,pubmed,https://pubmed.ncbi.nlm.nih.gov/25345092/,2026-10-03,0.5,extracted,supports,,"Current research is focused on pharmacological chaperones, gene therapy and substrate reduction therapy and therapies that, unlike Idursulfase, do cross the blood-brain barrier.",,review,
Ead7216a,PMID:32809664,MONDO:0010674,mentions,pubmed,https://pubmed.ncbi.nlm.nih.gov/32809664/,2026-10-03,0.95,observed,supports,,Mucopolysaccharidosis Type II.,,,
Eb8502a7,MONDO:0010674,NCBIGene:3423,caused_by,pubmed,https://pubmed.ncbi.nlm.nih.gov/32809664/,2026-10-03,0.8,extracted,supports,LoF,Hunter syndrome is a genetically associated lysosomal storage disorder due to the deficiency of the iduronate 2-sulfatase enzyme (IDS).,,review,
E56975ae,MONDO:0010674,MECH:lysosomal_enzyme_deficiency,has_mechanism,pubmed,https://pubmed.ncbi.nlm.nih.gov/32809664/,2026-10-03,0.8,extracted,supports,LoF,Hunter syndrome is a genetically associated lysosomal storage disorder due to the deficiency of the iduronate 2-sulfatase enzyme (IDS).,,review,
E873fb62,MONDO:0010674,MECH:substrate_storage_heparan_sulfate,has_mechanism,pubmed,https://pubmed.ncbi.nlm.nih.gov/32809664/,2026-10-03,0.8,extracted,supports,,Decreased activity of IDS results in intracellular and extracellular accumulation of heparan sulfate (HS) and dermatan sulfate (DS) in multiple organs of the body.,,review,
E24fd8ba,MONDO:0010674,MECH:substrate_storage_dermatan_sulfate,has_mechanism,pubmed,https://pubmed.ncbi.nlm.nih.gov/32809664/,2026-10-03,0.8,extracted,supports,,Decreased activity of IDS results in intracellular and extracellular accumulation of heparan sulfate (HS) and dermatan sulfate (DS) in multiple organs of the body.,,review,
E88ba65a,PMID:33476780,MONDO:0010674,mentions,pubmed,https://pubmed.ncbi.nlm.nih.gov/33476780/,2026-10-03,0.95,observed,supports,,Bow Hunter's Syndrome.,,,
E7452d03,PMID:21235446,MONDO:0010674,mentions,pubmed,https://pubmed.ncbi.nlm.nih.gov/21235446/,2026-10-03,0.95,observed,supports,,Mucopolysaccharidosis Type II (Hunter Syndrome): clinical picture and treatment.,,,
Ec66c086,MONDO:0010674,NCBIGene:3423,caused_by,pubmed,https://pubmed.ncbi.nlm.nih.gov/21235446/,2026-10-03,0.8,extracted,supports,LoF,"Mucopolysaccharidosis (MPS) type II (Hunter syndrome, OMIM 309900) is an X-linked lysosomal storage disorder caused by a deficiency of the lysosomal enzyme iduronate-2-sulfatase (IDS).",,review,
Ee86ed71,MONDO:0010674,MECH:lysosomal_enzyme_deficiency,has_mechanism,pubmed,https://pubmed.ncbi.nlm.nih.gov/21235446/,2026-10-03,0.8,extracted,supports,LoF,"Mucopolysaccharidosis (MPS) type II (Hunter syndrome, OMIM 309900) is an X-linked lysosomal storage disorder caused by a deficiency of the lysosomal enzyme iduronate-2-sulfatase (IDS).",,review,
E777137e,MONDO:0010674,INTERVENTION:Idursulfase,studied_with,pubmed,https://pubmed.ncbi.nlm.nih.gov/21235446/,2026-10-03,0.8,extracted,supports,,And it could be demonstrated that weekly intravenous infusions of idursulfase is able to improve many of the symptoms and signs of Hunter syndrome.,,review,
E9365222,PMID:20301451,MONDO:0010674,mentions,pubmed,https://pubmed.ncbi.nlm.nih.gov/20301451/,2026-10-03,0.95,observed,supports,,Mucopolysaccharidosis Type II.,,,
E093e132,MONDO:0010674,NCBIGene:3423,caused_by,pubmed,https://pubmed.ncbi.nlm.nih.gov/20301451/,2026-10-03,0.8,extracted,supports,LoF,"The diagnosis of MPS II is established in a male proband by identification of absent or reduced iduronate 2-sulfatase (I2S) enzyme activity in leukocytes, fibroblasts, or plasma in the presence of normal activity of at least one other sulfatase; or of a hemizygous pathogenic variant in IDS by",,review,
E5651ac5,MONDO:0010674,MECH:lysosomal_enzyme_deficiency,has_mechanism,pubmed,https://pubmed.ncbi.nlm.nih.gov/20301451/,2026-10-03,0.8,extracted,supports,LoF,"The diagnosis of MPS II is established in a male proband by identification of absent or reduced iduronate 2-sulfatase (I2S) enzyme activity in leukocytes, fibroblasts, or plasma in the presence of normal activity of at least one other sulfatase; or of a hemizygous pathogenic variant in IDS by",,review,
Ebe53476,MONDO:0010674,INTERVENTION:Idursulfase,studied_with,pubmed,https://pubmed.ncbi.nlm.nih.gov/20301451/,2026-10-03,0.8,extracted,supports,,"Weekly enzyme replacement therapy (ERT) with infusions of idursulfase, a recombinant form of human I2S, or tividenofusp alfa-eknm, a CNS-penetrant ERT, are approved for individuals with MPS II.",,review,
E7b17335,MONDO:0010674,INTERVENTION:tividenofusp_alfa_eknm,studied_with,pubmed,https://pubmed.ncbi.nlm.nih.gov/20301451/,2026-10-03,0.8,extracted,supports,,"Weekly enzyme replacement therapy (ERT) with infusions of idursulfase, a recombinant form of human I2S, or tividenofusp alfa-eknm, a CNS-penetrant ERT, are approved for individuals with MPS II.",,review,
E5b64059,PMID:37371763,MONDO:0010674,mentions,pubmed,https://pubmed.ncbi.nlm.nih.gov/37371763/,2026-10-03,0.95,observed,supports,,Diagnosis and Management of Mucopolysaccharidosis Type II (Hunter Syndrome) in Poland.,,,
E5897e27,MONDO:0010674,NCBIGene:3423,caused_by,pubmed,https://pubmed.ncbi.nlm.nih.gov/37371763/,2026-10-03,0.8,extracted,supports,LoF,The disease is caused by deficiency of the lysosomal enzyme iduronate-2-sulphatase (I2S) due to mutations in the IDS gene,,review,
E4703481,MONDO:0010674,MECH:lysosomal_enzyme_deficiency,has_mechanism,pubmed,https://pubmed.ncbi.nlm.nih.gov/37371763/,2026-10-03,0.8,extracted,supports,LoF,The disease is caused by deficiency of the lysosomal enzyme iduronate-2-sulphatase (I2S),,review,
E1a31c9a,MONDO:0010674,INTERVENTION:Idursulfase,studied_with,pubmed,https://pubmed.ncbi.nlm.nih.gov/37371763/,2026-10-03,0.8,extracted,supports,,Life-long enzyme replacement therapy with idursulfase (recombinant human I2S) is the current standard of care.,,review,
E4124f05,PMID:28640238,MONDO:0010674,mentions,pubmed,https://pubmed.ncbi.nlm.nih.gov/28640238/,2026-10-03,0.95,observed,supports,,Treatment of mucopolysaccharidosis type II (Hunter syndrome): results from a systematic evidence review.,,,
E9fc11b4,MONDO:0010674,INTERVENTION:enzyme_replacement_therapy,studied_with,pubmed,https://pubmed.ncbi.nlm.nih.gov/28640238/,2026-10-03,0.8,extracted,supports,,"Broad-based published/gray-literature searches through December 2015 for studies of males with confirmed mucopolysaccharidosis type II (any age, phenotype, genotype, family history) treated with enzyme replacement therapy or hematopoietic stem cell transplantation.",,review,
Ed1633dc,MONDO:0010674,INTERVENTION:hematopoietic_stem_cell_transplantation,studied_with,pubmed,https://pubmed.ncbi.nlm.nih.gov/28640238/,2026-10-03,0.5,extracted,supports,,"Current benefits and harms of hematopoietic stem cell transplantation are unclear, based on dated, low-quality studies.",,review,
E78fa0fd,PMID:24399699,MONDO:0010674,mentions,pubmed,https://pubmed.ncbi.nlm.nih.gov/24399699/,2026-10-03,0.95,observed,supports,,Enzyme replacement therapy with idursulfase for mucopolysaccharidosis type II (Hunter syndrome).,,,
Eb898b74,MONDO:0010674,MECH:lysosomal_enzyme_deficiency,has_mechanism,pubmed,https://pubmed.ncbi.nlm.nih.gov/24399699/,2026-10-03,0.8,extracted,supports,LoF,"Mucopolysaccharidosis II, also known as Hunter syndrome, is a rare, X-linked disease caused by a deficiency of the lysosomal enzyme iduronate-2-sulfatase, which catalyses a step in the catabolism of glycosaminoglycans.",,review,
E1ada1a0,MONDO:0010674,INTERVENTION:Idursulfase,studied_with,pubmed,https://pubmed.ncbi.nlm.nih.gov/24399699/,2026-10-03,0.8,extracted,supports,,"It has been demonstrated that enzyme replacement therapy with idursulfase is effective in relation to functional capacity (distance walked in six minutes and forced vital capacity), liver and spleen volumes and urine glycosaminoglycan excretion in patients with mucopolysaccharidosis type II compared",,human,
Eecbdd16,PMID:32745073,MONDO:0017694,mentions,pubmed,https://pubmed.ncbi.nlm.nih.gov/32745073/,2026-10-03,0.95,observed,supports,,"Pompe disease: pathogenesis, molecular genetics and diagnosis.",,,
Eb8a5930,MONDO:0017694,NCBIGene:2548,caused_by,pubmed,https://pubmed.ncbi.nlm.nih.gov/32745073/,2026-10-03,0.8,extracted,supports,LoF,"Pompe disease (PD) is a rare autosomal recessive disorder caused by mutations in the GAA gene, localized on chromosome 17 and encoding for acid alpha-1,4-glucosidase (GAA).",,review,
E358037f,MONDO:0017694,MECH:lysosomal_enzyme_deficiency,has_mechanism,pubmed,https://pubmed.ncbi.nlm.nih.gov/32745073/,2026-10-03,0.8,extracted,supports,LoF,"GAA catalyzes the hydrolysis of α-1,4 and α-1,6-glucosidic bonds of glycogen and its deficiency leads to lysosomal storage of glycogen in several tissues, particularly in muscle.",,review,
Ea482757,MONDO:0017694,MECH:substrate_storage_glycogen,has_mechanism,pubmed,https://pubmed.ncbi.nlm.nih.gov/32745073/,2026-10-03,0.8,extracted,supports,,"GAA catalyzes the hydrolysis of α-1,4 and α-1,6-glucosidic bonds of glycogen and its deficiency leads to lysosomal storage of glycogen in several tissues, particularly in muscle.",,review,
E5ffd9bb,PMID:37759679,MONDO:0017694,mentions,pubmed,https://pubmed.ncbi.nlm.nih.gov/37759679/,2026-10-03,0.95,observed,supports,,A Comprehensive Update on Late-Onset Pompe Disease.,,,
Ea30102f,MONDO:0017694,NCBIGene:2548,caused_by,pubmed,https://pubmed.ncbi.nlm.nih.gov/37759679/,2026-10-03,0.8,extracted,supports,LoF,Pompe disease (PD) is an autosomal recessive disorder caused by mutations in the GAA gene that lead to a deficiency in the acid alpha-glucosidase enzyme.,,review,
E16efee3,MONDO:0017694,MECH:lysosomal_enzyme_deficiency,has_mechanism,pubmed,https://pubmed.ncbi.nlm.nih.gov/37759679/,2026-10-03,0.8,extracted,supports,LoF,Pompe disease (PD) is an autosomal recessive disorder caused by mutations in the GAA gene that lead to a deficiency in the acid alpha-glucosidase enzyme.,,review,
E0f9abb4,MONDO:0017694,INTERVENTION:enzyme_replacement_therapy,studied_with,pubmed,https://pubmed.ncbi.nlm.nih.gov/37759679/,2026-10-03,0.8,extracted,supports,,"Enzyme replacement therapy (ERT), which was introduced over 15 years ago, changes the natural progression of the disease.",,review,
E0610579,MONDO:0017694,INTERVENTION:gene_therapy,studied_with,pubmed,https://pubmed.ncbi.nlm.nih.gov/37759679/,2026-10-03,0.75,extracted,supports,,"Novel therapeutic approaches, such as gene therapy, are currently under study.",,review,
Eb9c9aff,PMID:30117059,MONDO:0017694,mentions,pubmed,https://pubmed.ncbi.nlm.nih.gov/30117059/,2026-10-03,0.95,observed,supports,,Pompe Disease: From Basic Science to Therapy.,,,
Eec12f36,MONDO:0017694,MECH:substrate_storage_glycogen,has_mechanism,pubmed,https://pubmed.ncbi.nlm.nih.gov/30117059/,2026-10-03,0.8,extracted,supports,,"The disease is a glycogen storage disorder, a lysosomal disorder, and an autophagic myopathy.",,review,
Efa6247d,MONDO:0017694,MECH:lysosomal_dysfunction,has_mechanism,pubmed,https://pubmed.ncbi.nlm.nih.gov/30117059/,2026-10-03,0.8,extracted,supports,,"The disease is a glycogen storage disorder, a lysosomal disorder, and an autophagic myopathy.",,review,
E1b87a08,MONDO:0017694,MECH:autophagy_defect,has_mechanism,pubmed,https://pubmed.ncbi.nlm.nih.gov/30117059/,2026-10-03,0.8,extracted,supports,,"The disease is a glycogen storage disorder, a lysosomal disorder, and an autophagic myopathy.",,review,
E149536e,PMID:31342611,MONDO:0017694,mentions,pubmed,https://pubmed.ncbi.nlm.nih.gov/31342611/,2026-10-03,0.95,observed,supports,,"GAA variants and phenotypes among 1,079 patients with Pompe disease: Data from the Pompe Registry.",,,
E97d999c,PMID:32962155,MONDO:0017694,mentions,pubmed,https://pubmed.ncbi.nlm.nih.gov/32962155/,2026-10-03,0.95,observed,supports,,Pompe Disease: New Developments in an Old Lysosomal Storage Disorder.,,,
Ed4143fa,MONDO:0017694,MECH:lysosomal_enzyme_deficiency,has_mechanism,pubmed,https://pubmed.ncbi.nlm.nih.gov/32962155/,2026-10-03,0.8,extracted,supports,LoF,"Pompe disease, also known as glycogen storage disease type II, is caused by the lack or deficiency of a single enzyme, lysosomal acid alpha-glucosidase",,review,
Ea58055b,MONDO:0017694,MECH:substrate_storage_glycogen,has_mechanism,pubmed,https://pubmed.ncbi.nlm.nih.gov/32962155/,2026-10-03,0.8,extracted,supports,,leading to severe cardiac and skeletal muscle myopathy due to progressive accumulation of glycogen,,review,
E7bb0f90,MONDO:0017694,INTERVENTION:enzyme_replacement_therapy,studied_with,pubmed,https://pubmed.ncbi.nlm.nih.gov/32962155/,2026-10-03,0.8,extracted,supports,,The only disease-specific treatment available for Pompe disease patients is enzyme replacement therapy (ERT),,review,
E8916c61,PMID:40237692,MONDO:0017694,mentions,pubmed,https://pubmed.ncbi.nlm.nih.gov/40237692/,2026-10-03,0.95,observed,supports,,Improving the treatment of Pompe disease with enzyme replacement therapy: current strategies and clinical evidence.,,,
Efb102b2,MONDO:0017694,MECH:lysosomal_enzyme_deficiency,has_mechanism,pubmed,https://pubmed.ncbi.nlm.nih.gov/40237692/,2026-10-03,0.8,extracted,supports,LoF,"Pompe disease (PD) is a rare genetic disorder that leads to intralysosomal glycogen accumulation because of a deficiency in the lysosomal enzyme acid α-glucosidase (GAA), which is required to break down glycogen to glucose.",,review,
E846d5b6,MONDO:0017694,MECH:substrate_storage_glycogen,has_mechanism,pubmed,https://pubmed.ncbi.nlm.nih.gov/40237692/,2026-10-03,0.8,extracted,supports,,"Pompe disease (PD) is a rare genetic disorder that leads to intralysosomal glycogen accumulation because of a deficiency in the lysosomal enzyme acid α-glucosidase (GAA), which is required to break down glycogen to glucose.",,review,
Ec4ca19d,MONDO:0017694,NCBIGene:2548,caused_by,pubmed,https://pubmed.ncbi.nlm.nih.gov/40237692/,2026-10-03,0.8,extracted,supports,LoF,"Pompe disease (PD) is a rare genetic disorder that leads to intralysosomal glycogen accumulation because of a deficiency in the lysosomal enzyme acid α-glucosidase (GAA), which is required to break down glycogen to glucose.",,review,
E9b56e51,MONDO:0017694,INTERVENTION:enzyme_replacement_therapy,studied_with,pubmed,https://pubmed.ncbi.nlm.nih.gov/40237692/,2026-10-03,0.8,extracted,supports,,"Enzyme replacement therapy (ERT) with recombinant human GAA (rhGAA) supplies exogenous GAA to reduce glycogen deposits, thereby improving motor and respiratory functioning.",,review,
Eb9b3b84,MONDO:0017694,INTERVENTION:alglucosidase_alfa,studied_with,pubmed,https://pubmed.ncbi.nlm.nih.gov/40237692/,2026-10-03,0.8,extracted,supports,,The first approved ERT for PD was the rhGAA alglucosidase alfa.,,review,
Efd188de,MONDO:0017694,INTERVENTION:Avalglucosidase_alfa_GZ402666,studied_with,pubmed,https://pubmed.ncbi.nlm.nih.gov/40237692/,2026-10-03,0.8,extracted,supports,,Efficacy and safety of avalglucosidase alfa in late-onset and infantile-onset PD are also discussed.,,review,
Eca22b13,MONDO:0017694,INTERVENTION:Cipaglucosidase_Alfa,studied_with,pubmed,https://pubmed.ncbi.nlm.nih.gov/40237692/,2026-10-03,0.75,extracted,supports,,"A brief overview of the newest ERT, cipaglucosidase alfa, is also provided.",,review,
E2eb168e,PMID:17217857,MONDO:0017694,mentions,pubmed,https://pubmed.ncbi.nlm.nih.gov/17217857/,2026-10-03,0.95,observed,supports,,Acid alpha-glucosidase deficiency (Pompe disease).,,,
E5b4cd33,MONDO:0017694,MECH:lysosomal_enzyme_deficiency,has_mechanism,pubmed,https://pubmed.ncbi.nlm.nih.gov/17217857/,2026-10-03,0.8,extracted,supports,LoF,Acid alpha-glucosidase is the enzyme responsible for degradation of glycogen polymers to glucose in the acidic milieu of the lysosomes.,,review,
E12d073c,MONDO:0017694,MECH:substrate_storage_glycogen,has_mechanism,pubmed,https://pubmed.ncbi.nlm.nih.gov/17217857/,2026-10-03,0.8,extracted,supports,,Cardiac and skeletal muscles are the two major tissues affected by the accumulation of glycogen within the lysosomes.,,human,
E5cc2be2,MONDO:0017694,INTERVENTION:alglucosidase_alfa,studied_with,pubmed,https://pubmed.ncbi.nlm.nih.gov/17217857/,2026-10-03,0.8,extracted,supports,,The recombinant enzyme alglucosidase alfa is the first drug ever approved for this devastating disorder.,,human,
E8f5a329,PMID:36310651,MONDO:0017694,mentions,pubmed,https://pubmed.ncbi.nlm.nih.gov/36310651/,2026-10-03,0.95,observed,supports,,Newborn screening for Pompe disease in Italy: Long-term results and future challenges.,,,
Eb6ba1d5,MONDO:0017694,MECH:lysosomal_enzyme_deficiency,has_mechanism,pubmed,https://pubmed.ncbi.nlm.nih.gov/36310651/,2026-10-03,0.8,extracted,supports,LoF,Pompe disease (PD) is a progressive neuromuscular disorder caused by a lysosomal acid α-glucosidase (GAA) deficiency.,,review,
Ebae57f3,MONDO:0017694,NCBIGene:2548,caused_by,pubmed,https://pubmed.ncbi.nlm.nih.gov/36310651/,2026-10-03,0.8,extracted,supports,LoF,Pompe disease (PD) is a progressive neuromuscular disorder caused by a lysosomal acid α-glucosidase (GAA) deficiency.,,review,
E769788e,MONDO:0017694,INTERVENTION:Enzymatic_replacement_therapy,studied_with,pubmed,https://pubmed.ncbi.nlm.nih.gov/36310651/,2026-10-03,0.75,extracted,supports,,"Enzymatic replacement therapy is available, but early diagnosis by newborn screening (NBS) is essential for early treatment and better outcomes, especially with more severe forms.",,human,
Ede8bcef,PMID:39295144,MONDO:0017694,mentions,pubmed,https://pubmed.ncbi.nlm.nih.gov/39295144/,2026-10-03,0.95,observed,supports,,Preclinical lentiviral hematopoietic stem cell gene therapy corrects Pompe disease-related muscle and neurological manifestations.,,,
E19e7fce,MONDO:0017694,NCBIGene:2548,caused_by,pubmed,https://pubmed.ncbi.nlm.nih.gov/39295144/,2026-10-03,0.8,extracted,supports,LoF,"Pompe disease, a rare genetic neuromuscular disorder, is caused by a deficiency of acid alpha-glucosidase (GAA), leading to an accumulation of glycogen in lysosomes, and resulting in the progressive development of muscle weakness.",,review,
E2c9a981,MONDO:0017694,MECH:lysosomal_enzyme_deficiency,has_mechanism,pubmed,https://pubmed.ncbi.nlm.nih.gov/39295144/,2026-10-03,0.8,extracted,supports,LoF,"Pompe disease, a rare genetic neuromuscular disorder, is caused by a deficiency of acid alpha-glucosidase (GAA), leading to an accumulation of glycogen in lysosomes, and resulting in the progressive development of muscle weakness.",,review,
Ec9fc8f0,MONDO:0017694,MECH:substrate_storage_glycogen,has_mechanism,pubmed,https://pubmed.ncbi.nlm.nih.gov/39295144/,2026-10-03,0.8,extracted,supports,,"Pompe disease, a rare genetic neuromuscular disorder, is caused by a deficiency of acid alpha-glucosidase (GAA), leading to an accumulation of glycogen in lysosomes, and resulting in the progressive development of muscle weakness.",,review,
E53623c5,MONDO:0017694,INTERVENTION:lentiviral_HSPC_gene_therapy,studied_with,pubmed,https://pubmed.ncbi.nlm.nih.gov/39295144/,2026-10-03,0.8,extracted,supports,,This study demonstrates the potential of lentiviral HSPC gene therapy to reverse the pathological effects of Pompe disease in a preclinical mouse model.,,animal_model,
E063f18a,MONDO:0017694,INTERVENTION:enzyme_replacement_therapy,studied_with,pubmed,https://pubmed.ncbi.nlm.nih.gov/39295144/,2026-10-03,0.5,extracted,supports,,"The current standard treatment, enzyme replacement therapy (ERT), is not curative and has limitations such as poor penetration into skeletal muscle and both the central and peripheral nervous systems, a risk of immune responses against the recombinant enzyme, and the requirement for high doses and",,review,
Ea0516db,PMID:40183436,MONDO:0017694,mentions,pubmed,https://pubmed.ncbi.nlm.nih.gov/40183436/,2026-10-03,0.95,observed,supports,,Management of Pompe disease alongside and beyond ERT: a narrative review.,,,
E79487bb,MONDO:0017694,MECH:lysosomal_enzyme_deficiency,has_mechanism,pubmed,https://pubmed.ncbi.nlm.nih.gov/40183436/,2026-10-03,0.8,extracted,supports,LoF,"Pompe disease is a lysosomal storage disorder that primarily affects muscles, and its natural history has been transformed over the past 20 years by therapies designed to restore the deficient enzyme function, from the first enzyme replacement therapies (ERTs) to the gene therapy currently in",,review,
E5a2ffa7,MONDO:0017694,INTERVENTION:enzyme_replacement_therapy,studied_with,pubmed,https://pubmed.ncbi.nlm.nih.gov/40183436/,2026-10-03,0.8,extracted,supports,,"Pompe disease is a lysosomal storage disorder that primarily affects muscles, and its natural history has been transformed over the past 20 years by therapies designed to restore the deficient enzyme function, from the first enzyme replacement therapies (ERTs) to the gene therapy currently in",,review,
E2521513,MONDO:0017694,INTERVENTION:gene_therapy,studied_with,pubmed,https://pubmed.ncbi.nlm.nih.gov/40183436/,2026-10-03,0.8,extracted,supports,,"Pompe disease is a lysosomal storage disorder that primarily affects muscles, and its natural history has been transformed over the past 20 years by therapies designed to restore the deficient enzyme function, from the first enzyme replacement therapies (ERTs) to the gene therapy currently in",,review,
E5a9485d,PMID:35439918,MONDO:0009265,mentions,pubmed,https://pubmed.ncbi.nlm.nih.gov/35439918/,2026-10-03,0.95,observed,supports,,Gaucher Disease for Hematologists.,,,
E309fa8a,MONDO:0009265,MECH:lysosomal_enzyme_deficiency,has_mechanism,pubmed,https://pubmed.ncbi.nlm.nih.gov/35439918/,2026-10-03,0.8,extracted,supports,LoF,Gaucher disease (GD) is a rare hereditary lysosomal storage disease that arises due to deficiency of glucocerebrosidase.,,review,
Ed85e96b,MONDO:0009265,NCBIGene:2629,caused_by,pubmed,https://pubmed.ncbi.nlm.nih.gov/35439918/,2026-10-03,0.8,extracted,supports,LoF,Gaucher disease (GD) is a rare hereditary lysosomal storage disease that arises due to deficiency of glucocerebrosidase.,,review,
Eaff952c,PMID:25755533,MONDO:0009265,mentions,pubmed,https://pubmed.ncbi.nlm.nih.gov/25755533/,2026-10-03,0.95,observed,supports,,Gaucher disease.,,,
Eb2f0790,MONDO:0009265,INTERVENTION:enzyme_replacement_therapy,studied_with,pubmed,https://pubmed.ncbi.nlm.nih.gov/25755533/,2026-10-03,0.8,extracted,supports,,Enzyme replacement therapy (ERT) has completely revolutionized the prognosis and is now the standard of care for patients with this disease.,,human,
Eac05ce8,MONDO:0009265,INTERVENTION:Bone_marrow_transplantation,studied_with,pubmed,https://pubmed.ncbi.nlm.nih.gov/25755533/,2026-10-03,0.5,extracted,supports,,Bone marrow transplantation is an inferior option but may be considered when access to expensive ERT is not possible.,,human,
E2ac0a1f,MONDO:0009265,INTERVENTION:Splenectomy,studied_with,pubmed,https://pubmed.ncbi.nlm.nih.gov/25755533/,2026-10-03,0.5,extracted,supports,,Splenectomy may worsen skeletal and lung manifestations in Gaucher disease.,,human,
E469bf5d,PMID:25377906,MONDO:0009265,mentions,pubmed,https://pubmed.ncbi.nlm.nih.gov/25377906/,2026-10-03,0.95,observed,supports,,Gaucher disease and bone manifestations.,,,
E4cac688,MONDO:0009265,MECH:lysosomal_enzyme_deficiency,has_mechanism,pubmed,https://pubmed.ncbi.nlm.nih.gov/25377906/,2026-10-03,0.8,extracted,supports,LoF,Gaucher disease is a relatively rare metabolic disease caused by the inherited deficiency of the lysosomal enzyme glucocerebrosidase.,,review,
E2a5e8e1,PMID:36286736,MONDO:0009265,mentions,pubmed,https://pubmed.ncbi.nlm.nih.gov/36286736/,2026-10-03,0.95,observed,supports,,[Gaucher disease: achievements and prospects].,,,
E28eb929,MONDO:0009265,MECH:lysosomal_enzyme_deficiency,has_mechanism,pubmed,https://pubmed.ncbi.nlm.nih.gov/36286736/,2026-10-03,0.8,extracted,supports,LoF,"Gaucher disease (GD) is the most common lysosomal storage disorder, resulting from a deficiency in the activity of a lysosomal enzyme glucocerebrosidase",,review,
Ea7f364f,PMID:35951996,MONDO:0009265,mentions,pubmed,https://pubmed.ncbi.nlm.nih.gov/35951996/,2026-10-03,0.95,observed,supports,,Gaucher Disease.,,,
Eb8c1754,PMID:24588457,MONDO:0009265,mentions,pubmed,https://pubmed.ncbi.nlm.nih.gov/24588457/,2026-10-03,0.95,observed,supports,,Gaucher disease: haematological presentations and complications.,,,
Ed3ff3f7,MONDO:0009265,NCBIGene:2629,caused_by,pubmed,https://pubmed.ncbi.nlm.nih.gov/24588457/,2026-10-03,0.8,extracted,supports,LoF,"Gaucher disease (GD) is an autosomal recessive lysosomal storage disease, caused by deficiency of the enzyme glucocerebrosidase, required for the degradation of glycosphingolipids.",,review,
E8ace403,MONDO:0009265,MECH:lysosomal_enzyme_deficiency,has_mechanism,pubmed,https://pubmed.ncbi.nlm.nih.gov/24588457/,2026-10-03,0.8,extracted,supports,LoF,"Gaucher disease (GD) is an autosomal recessive lysosomal storage disease, caused by deficiency of the enzyme glucocerebrosidase, required for the degradation of glycosphingolipids.",,review,
Ec8d1187,MONDO:0009265,MECH:substrate_storage_glycosphingolipid,has_mechanism,pubmed,https://pubmed.ncbi.nlm.nih.gov/24588457/,2026-10-03,0.8,extracted,supports,,"Gaucher disease (GD) is an autosomal recessive lysosomal storage disease, caused by deficiency of the enzyme glucocerebrosidase, required for the degradation of glycosphingolipids.",,review,
Edb7a7e0,MONDO:0009265,INTERVENTION:enzyme_replacement_therapy,studied_with,pubmed,https://pubmed.ncbi.nlm.nih.gov/24588457/,2026-10-03,0.8,extracted,supports,,"Historically managed by splenectomy, transfusions and orthopaedic surgery, the development of specific therapy in the form of intravenous enzyme replacement therapy in the 1990s has resulted in dramatic improvements in haematological and visceral disease.",,review,
E128db7f,PMID:31718920,MONDO:0009265,mentions,pubmed,https://pubmed.ncbi.nlm.nih.gov/31718920/,2026-10-03,0.95,observed,supports,,"Gaucher disease, myelodysplastic syndrome and ICUS.",,,
E6915a1e,PMID:26329151,MONDO:0009265,mentions,pubmed,https://pubmed.ncbi.nlm.nih.gov/26329151/,2026-10-03,0.95,observed,supports,,[Gaucher Disease].,,,
Ed59ee48,MONDO:0009265,MECH:lysosomal_enzyme_deficiency,has_mechanism,pubmed,https://pubmed.ncbi.nlm.nih.gov/26329151/,2026-10-03,0.8,extracted,supports,LoF,Gaucher disease is an autosomal recessive disorder caused by congenital deficiency of lysosomal glucocerebrosidase.,,review,
E65c2df9,MONDO:0009265,INTERVENTION:enzyme_replacement_therapy,studied_with,pubmed,https://pubmed.ncbi.nlm.nih.gov/26329151/,2026-10-03,0.8,extracted,supports,,"In addition to enzyme replacement therapy, substrate reduction therapy, chemical chaperon therapy, and hematopoietic stem cell transplantation therapy are considered for the effective treatment of Gaucher disease.",,review,
E6494e51,MONDO:0009265,INTERVENTION:substrate_reduction_therapy,studied_with,pubmed,https://pubmed.ncbi.nlm.nih.gov/26329151/,2026-10-03,0.8,extracted,supports,,"In addition to enzyme replacement therapy, substrate reduction therapy, chemical chaperon therapy, and hematopoietic stem cell transplantation therapy are considered for the effective treatment of Gaucher disease.",,review,
Ebaac1c1,MONDO:0009265,INTERVENTION:chemical_chaperon_therapy,studied_with,pubmed,https://pubmed.ncbi.nlm.nih.gov/26329151/,2026-10-03,0.8,extracted,supports,,"In addition to enzyme replacement therapy, substrate reduction therapy, chemical chaperon therapy, and hematopoietic stem cell transplantation therapy are considered for the effective treatment of Gaucher disease.",,review,
E00aaa15,MONDO:0009265,INTERVENTION:hematopoietic_stem_cell_transplantation,studied_with,pubmed,https://pubmed.ncbi.nlm.nih.gov/26329151/,2026-10-03,0.8,extracted,supports,,"In addition to enzyme replacement therapy, substrate reduction therapy, chemical chaperon therapy, and hematopoietic stem cell transplantation therapy are considered for the effective treatment of Gaucher disease.",,review,
Ea4a0b7b,PMID:27265538,MONDO:0009265,mentions,pubmed,https://pubmed.ncbi.nlm.nih.gov/27265538/,2026-10-03,0.95,observed,supports,,Hyperferritinemia and iron metabolism in Gaucher disease: Potential pathophysiological implications.,,,
E96ea7eb,MONDO:0009265,MECH:substrate_storage_glycosphingolipid,has_mechanism,pubmed,https://pubmed.ncbi.nlm.nih.gov/27265538/,2026-10-03,0.8,extracted,supports,,Gaucher disease (GD) is characterized by large amounts of lipid-storing macrophages and is associated with accumulation of iron.,,review,
Eab07795,PMID:31783225,MONDO:0009265,mentions,pubmed,https://pubmed.ncbi.nlm.nih.gov/31783225/,2026-10-03,0.95,observed,supports,,Glycosphingolipids and lysosomal storage disorders as illustrated by gaucher disease.,,,
Eb29eb38,MONDO:0009265,MECH:substrate_storage_glycosphingolipid,has_mechanism,pubmed,https://pubmed.ncbi.nlm.nih.gov/31783225/,2026-10-03,0.8,extracted,supports,,The relatively common glycosphingolipidosis Gaucher disease is highlighted here to discuss new insights in the molecular basis and pathophysiology of glycosphingolipidoses reached by fundamental research increasingly using chemical biology tools.,,review,
Ee4b9e83,PMID:33602475,MONDO:0010526,mentions,pubmed,https://pubmed.ncbi.nlm.nih.gov/33602475/,2026-10-03,0.95,observed,supports,,Cardiac Involvement in Fabry Disease: JACC Review Topic of the Week.,,,
Ebeec4d7,MONDO:0010526,NCBIGene:2717,caused_by,pubmed,https://pubmed.ncbi.nlm.nih.gov/33602475/,2026-10-03,0.8,extracted,supports,LoF,Fabry disease (FD) is a rare X-linked inherited lysosomal storage disorder caused by deficient α-galactosidase A activity,,review,
E4b5796e,MONDO:0010526,MECH:lysosomal_enzyme_deficiency,has_mechanism,pubmed,https://pubmed.ncbi.nlm.nih.gov/33602475/,2026-10-03,0.8,extracted,supports,LoF,Fabry disease (FD) is a rare X-linked inherited lysosomal storage disorder caused by deficient α-galactosidase A activity,,review,
Ee0e2214,MONDO:0010526,MECH:substrate_storage_glycosphingolipid,has_mechanism,pubmed,https://pubmed.ncbi.nlm.nih.gov/33602475/,2026-10-03,0.8,extracted,supports,,"that leads to an accumulation of globotriasylceramide (Gb3) in affected tissues, including the heart.",,review,
Eeba9fed,MONDO:0010526,MECH:cardiomyopathy_storage,has_mechanism,pubmed,https://pubmed.ncbi.nlm.nih.gov/33602475/,2026-10-03,0.8,extracted,supports,,"Cardiovascular involvement usually manifests as left ventricular hypertrophy, myocardial fibrosis, heart failure, and arrhythmias, which limit quality of life and represent the most common causes of death.",,review,
E7e7b430,MONDO:0010526,INTERVENTION:enzyme_replacement_therapy,studied_with,pubmed,https://pubmed.ncbi.nlm.nih.gov/33602475/,2026-10-03,0.8,extracted,supports,,"Following the introduction of enzyme replacement therapy, early diagnosis and treatment have become essential to slow disease progression and prevent major cardiac complications.",,review,
E0ce86e9,MONDO:0010526,INTERVENTION:oral_chaperone_therapy,studied_with,pubmed,https://pubmed.ncbi.nlm.nih.gov/33602475/,2026-10-03,0.8,extracted,supports,,"In addition, with the recent approval of oral chaperone therapy and new treatment developments, the FD-specific treatment landscape is rapidly evolving.",,review,
E9caa5e7,PMID:29562089,MONDO:0010526,mentions,pubmed,https://pubmed.ncbi.nlm.nih.gov/29562089/,2026-10-03,0.95,observed,supports,,A Review of Fabry Disease.,,,
E7328024,MONDO:0010526,MECH:lysosomal_enzyme_deficiency,has_mechanism,pubmed,https://pubmed.ncbi.nlm.nih.gov/29562089/,2026-10-03,0.8,extracted,supports,LoF,"A lack of alpha-galactosidase activity results in the accumulation of globotriaosylceramide in cells of various systems, leading to multi-systemic effects.",,review,
E5b662da,MONDO:0010526,MECH:substrate_storage_glycosphingolipid,has_mechanism,pubmed,https://pubmed.ncbi.nlm.nih.gov/29562089/,2026-10-03,0.8,extracted,supports,,"A lack of alpha-galactosidase activity results in the accumulation of globotriaosylceramide in cells of various systems, leading to multi-systemic effects.",,review,
E86f7d8b,MONDO:0010526,INTERVENTION:enzyme_replacement_therapy,studied_with,pubmed,https://pubmed.ncbi.nlm.nih.gov/29562089/,2026-10-03,0.8,extracted,supports,,Enzyme replacement therapy is the current mainstay of treatment.,,review,
E93ca476,PMID:28674962,MONDO:0010526,mentions,pubmed,https://pubmed.ncbi.nlm.nih.gov/28674962/,2026-10-03,0.95,observed,supports,,Fabry disease.,,,
Eb305e87,MONDO:0010526,MECH:lysosomal_enzyme_deficiency,has_mechanism,pubmed,https://pubmed.ncbi.nlm.nih.gov/28674962/,2026-10-03,0.8,extracted,supports,LoF,Fabry disease resulting from a deficiency of α-galactosidase A leads to the accumulation of globotriaosylceramide in various organs.,,review,
Ed4574b4,MONDO:0010526,NCBIGene:2717,caused_by,pubmed,https://pubmed.ncbi.nlm.nih.gov/28674962/,2026-10-03,0.8,extracted,supports,LoF,Fabry disease resulting from a deficiency of α-galactosidase A leads to the accumulation of globotriaosylceramide in various organs.,,review,
E2cdb1f6,MONDO:0010526,MECH:substrate_storage_glycosphingolipid,has_mechanism,pubmed,https://pubmed.ncbi.nlm.nih.gov/28674962/,2026-10-03,0.8,extracted,supports,,Fabry disease resulting from a deficiency of α-galactosidase A leads to the accumulation of globotriaosylceramide in various organs.,,review,
E3405095,MONDO:0010526,MECH:cardiomyopathy_storage,has_mechanism,pubmed,https://pubmed.ncbi.nlm.nih.gov/28674962/,2026-10-03,0.8,extracted,supports,,"Cardiac manifestations in Fabry disease are initially symmetrical and concentric left ventricular hypertrophy, and later progressive cardiac dysfunction with localized thinning of the basal posterior wall.",,review,
E098f21a,MONDO:0010526,INTERVENTION:enzyme_replacement_therapy,studied_with,pubmed,https://pubmed.ncbi.nlm.nih.gov/28674962/,2026-10-03,0.8,extracted,supports,,"In recent years, enzyme replacement therapy has been performed as a treatment for Fabry disease, and the initiation of this therapy is expected before the cardiac fibrosis develops.",,human,
E41761d5,PMID:25987173,MONDO:0010526,mentions,pubmed,https://pubmed.ncbi.nlm.nih.gov/25987173/,2026-10-03,0.95,observed,supports,,Fabry disease and the heart.,,,
E7f9dfd8,MONDO:0010526,NCBIGene:2717,caused_by,pubmed,https://pubmed.ncbi.nlm.nih.gov/25987173/,2026-10-03,0.8,extracted,supports,LoF,"Fabry disease is induced by a mutation in the alpha-galactosidase A gene, causing a deficiency of the enzyme alpha-galactosidase A.",,review,
E81c4573,MONDO:0010526,MECH:lysosomal_enzyme_deficiency,has_mechanism,pubmed,https://pubmed.ncbi.nlm.nih.gov/25987173/,2026-10-03,0.8,extracted,supports,LoF,"Fabry disease is induced by a mutation in the alpha-galactosidase A gene, causing a deficiency of the enzyme alpha-galactosidase A.",,review,
E4442b91,MONDO:0010526,MECH:substrate_storage_glycosphingolipid,has_mechanism,pubmed,https://pubmed.ncbi.nlm.nih.gov/25987173/,2026-10-03,0.8,extracted,supports,,"The enzyme defect leads to progressive intracellular accumulation of globotriaosylceramide in lysosomes of various tissues and organs, including heart, kidney and nerve system.",,review,
E9408782,MONDO:0010526,MECH:cardiomyopathy_storage,has_mechanism,pubmed,https://pubmed.ncbi.nlm.nih.gov/25987173/,2026-10-03,0.8,extracted,supports,,Cardiac involvement is common and is presenting as concentric left ventricular hypertrophy.,,review,
E65254bc,PMID:32640076,MONDO:0010526,mentions,pubmed,https://pubmed.ncbi.nlm.nih.gov/32640076/,2026-10-03,0.95,observed,supports,,An expert consensus document on the management of cardiovascular manifestations of Fabry disease.,,,
E3d58547,MONDO:0010526,NCBIGene:2717,caused_by,pubmed,https://pubmed.ncbi.nlm.nih.gov/32640076/,2026-10-03,0.8,extracted,supports,LoF,Fabry disease (FD) is an X-linked lysosomal storage disorder caused by pathogenic variants in the α-galactosidase A (GLA) gene that leads to reduced or undetectable α-galactosidase A enzyme activity and progressive accumulation of globotriaosylceramide and its deacylated form,,review,
E58d2a7e,MONDO:0010526,MECH:lysosomal_enzyme_deficiency,has_mechanism,pubmed,https://pubmed.ncbi.nlm.nih.gov/32640076/,2026-10-03,0.8,extracted,supports,LoF,Fabry disease (FD) is an X-linked lysosomal storage disorder caused by pathogenic variants in the α-galactosidase A (GLA) gene that leads to reduced or undetectable α-galactosidase A enzyme activity and progressive accumulation of globotriaosylceramide and its deacylated form,,review,
E5f25d91,MONDO:0010526,MECH:substrate_storage_glycosphingolipid,has_mechanism,pubmed,https://pubmed.ncbi.nlm.nih.gov/32640076/,2026-10-03,0.8,extracted,supports,,Fabry disease (FD) is an X-linked lysosomal storage disorder caused by pathogenic variants in the α-galactosidase A (GLA) gene that leads to reduced or undetectable α-galactosidase A enzyme activity and progressive accumulation of globotriaosylceramide and its deacylated form,,review,
E0368ba1,MONDO:0010526,MECH:cardiomyopathy_storage,has_mechanism,pubmed,https://pubmed.ncbi.nlm.nih.gov/32640076/,2026-10-03,0.8,extracted,supports,,"Cardiac involvement is characterized by progressive cardiac hypertrophy, fibrosis, arrhythmias, heart failure and sudden cardiac death.",,review,
E2da0889,MONDO:0010526,INTERVENTION:enzyme_replacement_therapy,studied_with,pubmed,https://pubmed.ncbi.nlm.nih.gov/32640076/,2026-10-03,0.8,extracted,supports,,The cardiac management of FD requires specific measures including enzyme replacement therapy or small pharmacological chaperones in patients carrying amenable pathogenic GLA gene variants and more general management of cardiac symptoms and complications.,,review,
E5c4774b,MONDO:0010526,INTERVENTION:pharmacological_chaperones,studied_with,pubmed,https://pubmed.ncbi.nlm.nih.gov/32640076/,2026-10-03,0.8,extracted,supports,,The cardiac management of FD requires specific measures including enzyme replacement therapy or small pharmacological chaperones in patients carrying amenable pathogenic GLA gene variants and more general management of cardiac symptoms and complications.,,review,
E748d56f,PMID:33058644,MONDO:0010526,mentions,pubmed,https://pubmed.ncbi.nlm.nih.gov/33058644/,2026-10-03,0.95,observed,supports,,[Fabry disease].,,,
Ef0870fb,MONDO:0010526,NCBIGene:2717,caused_by,pubmed,https://pubmed.ncbi.nlm.nih.gov/33058644/,2026-10-03,0.8,extracted,supports,LoF,"Fabry disease is an X-linked disorder in which lysosomal alpha-galactosidase A is lacking, leading to enzyme-substrate accumulation and tissues dysfunction.",,review,
E3b56952,MONDO:0010526,MECH:lysosomal_enzyme_deficiency,has_mechanism,pubmed,https://pubmed.ncbi.nlm.nih.gov/33058644/,2026-10-03,0.8,extracted,supports,,"Fabry disease is an X-linked disorder in which lysosomal alpha-galactosidase A is lacking, leading to enzyme-substrate accumulation and tissues dysfunction.",,review,
Efbe8af3,MONDO:0010526,INTERVENTION:enzyme_replacement_therapy,studied_with,pubmed,https://pubmed.ncbi.nlm.nih.gov/33058644/,2026-10-03,0.8,extracted,supports,,Enzyme replacement therapy is available since 2001 and a pharmacologic chaperone since 2016.,,review,
E820f51b,MONDO:0010526,INTERVENTION:pharmacologic_chaperone,studied_with,pubmed,https://pubmed.ncbi.nlm.nih.gov/33058644/,2026-10-03,0.8,extracted,supports,,Enzyme replacement therapy is available since 2001 and a pharmacologic chaperone since 2016.,,review,
Eb5f7b69,PMID:38289538,MONDO:0010526,mentions,pubmed,https://pubmed.ncbi.nlm.nih.gov/38289538/,2026-10-03,0.95,observed,supports,,Fabry Disease: Cardiac Implications and Molecular Mechanisms.,,,
E487816a,MONDO:0010526,MECH:substrate_storage_glycosphingolipid,has_mechanism,pubmed,https://pubmed.ncbi.nlm.nih.gov/38289538/,2026-10-03,0.8,extracted,supports,,"Beyond sphingolipid accumulation, emerging studies have revealed that mitochondrial dysfunction, oxidative stress, and chronic inflammation could be significant contributors to Fabry disease and cardiac involvement.",,review,
E857b746,MONDO:0010526,MECH:mitochondrial_dysfunction,has_mechanism,pubmed,https://pubmed.ncbi.nlm.nih.gov/38289538/,2026-10-03,0.75,extracted,supports,,"Beyond sphingolipid accumulation, emerging studies have revealed that mitochondrial dysfunction, oxidative stress, and chronic inflammation could be significant contributors to Fabry disease and cardiac involvement.",,review,
E4d8de14,MONDO:0010526,MECH:other,has_mechanism,pubmed,https://pubmed.ncbi.nlm.nih.gov/38289538/,2026-10-03,0.5,extracted,supports,,"Beyond sphingolipid accumulation, emerging studies have revealed that mitochondrial dysfunction, oxidative stress, and chronic inflammation could be significant contributors to Fabry disease and cardiac involvement.",,review,
E4995585,MONDO:0010526,MECH:cardiomyopathy_storage,has_mechanism,pubmed,https://pubmed.ncbi.nlm.nih.gov/38289538/,2026-10-03,0.8,extracted,supports,,"These factors promote cardiac remodeling and fibrosis and may predispose Fabry patients to conduction disturbances, ventricular arrhythmias, and heart failure.",,review,
Ece9b5c3,MONDO:0010526,INTERVENTION:enzyme_replacement_therapy,studied_with,pubmed,https://pubmed.ncbi.nlm.nih.gov/38289538/,2026-10-03,0.8,extracted,supports,,"While current treatments, such as enzyme replacement therapy and pharmacological chaperones, address disease progression and symptoms, their effectiveness is limited.",,review,
Ea9be1be,MONDO:0010526,INTERVENTION:pharmacological_chaperones,studied_with,pubmed,https://pubmed.ncbi.nlm.nih.gov/38289538/,2026-10-03,0.8,extracted,supports,,"While current treatments, such as enzyme replacement therapy and pharmacological chaperones, address disease progression and symptoms, their effectiveness is limited.",,review,
E7c26ef7,PMID:16511611,MONDO:0010526,mentions,pubmed,https://pubmed.ncbi.nlm.nih.gov/16511611/,2026-10-03,0.95,observed,supports,,Fabry disease.,,,
E66d6b66,MONDO:0010526,MECH:lysosomal_enzyme_deficiency,has_mechanism,pubmed,https://pubmed.ncbi.nlm.nih.gov/16511611/,2026-10-03,0.8,extracted,supports,LoF,Fabry disease is an inherited enzyme deficiency of galactosidase A,,review,
E46099db,MONDO:0010526,INTERVENTION:enzyme_infusion,studied_with,pubmed,https://pubmed.ncbi.nlm.nih.gov/16511611/,2026-10-03,0.8,extracted,supports,,Preclinical and clinical studies demonstrate effectiveness of enzyme infusion in controlling and preventing these manifestations of the disease.,,review,
E5f58a6f,PMID:23931807,MONDO:0010526,mentions,pubmed,https://pubmed.ncbi.nlm.nih.gov/23931807/,2026-10-03,0.95,observed,supports,,Fabry disease.,,,
E7dab347,MONDO:0010526,MECH:lysosomal_enzyme_deficiency,has_mechanism,pubmed,https://pubmed.ncbi.nlm.nih.gov/23931807/,2026-10-03,0.8,extracted,supports,LoF,Fabry disease results from deficient activity of the enzyme α-galactosidase A and progressive lysosomal deposition of globotriaosylceramide (GL-3) in cells throughout the body.,,review,
E871c351,MONDO:0010526,MECH:substrate_storage_glycosphingolipid,has_mechanism,pubmed,https://pubmed.ncbi.nlm.nih.gov/23931807/,2026-10-03,0.8,extracted,supports,,Fabry disease results from deficient activity of the enzyme α-galactosidase A and progressive lysosomal deposition of globotriaosylceramide (GL-3) in cells throughout the body.,,review,
E97ae30c,MONDO:0010526,INTERVENTION:enzyme_replacement_therapy,studied_with,pubmed,https://pubmed.ncbi.nlm.nih.gov/23931807/,2026-10-03,0.8,extracted,supports,,"Enzyme replacement therapy (ERT) has been shown to have some positive effects on the reduction of neuropathic pain, the improvement of detection threshold for thermal sensation, and sweat function.",,human,
E2e05f9b,PMID:29264031,MONDO:0010526,mentions,pubmed,https://pubmed.ncbi.nlm.nih.gov/29264031/,2026-10-03,0.95,observed,supports,,Fabry disease and its cardiac involvement.,,,
E993c5a9,MONDO:0010526,NCBIGene:2717,caused_by,pubmed,https://pubmed.ncbi.nlm.nih.gov/29264031/,2026-10-03,0.8,extracted,supports,LoF,Fabry disease (FD) is an X-linked lysosomal storage disorder that results from a deficiency of α-galactosidase A activity.,,review,
E1577d5e,MONDO:0010526,MECH:lysosomal_enzyme_deficiency,has_mechanism,pubmed,https://pubmed.ncbi.nlm.nih.gov/29264031/,2026-10-03,0.8,extracted,supports,LoF,Fabry disease (FD) is an X-linked lysosomal storage disorder that results from a deficiency of α-galactosidase A activity.,,review,
Ef74cc75,MONDO:0010526,MECH:substrate_storage_glycosphingolipid,has_mechanism,pubmed,https://pubmed.ncbi.nlm.nih.gov/29264031/,2026-10-03,0.8,extracted,supports,,"This enzymatic defect leads to the progressive accumulation of glycosphingolipids throughout the body and causes multisystemic problems including neurological, ocular, skin, renal, and cardiac manifestations in classical type of FD.",,review,
E8d605c3,MONDO:0010526,MECH:cardiomyopathy_storage,has_mechanism,pubmed,https://pubmed.ncbi.nlm.nih.gov/29264031/,2026-10-03,0.8,extracted,supports,,The majority of patients with this disease have cardiac involvement that is mainly manifested as left ventricular hypertrophy (LVH).,,review,
Eab6b839,MONDO:0010526,INTERVENTION:enzyme_replacement_therapy,studied_with,pubmed,https://pubmed.ncbi.nlm.nih.gov/29264031/,2026-10-03,0.75,extracted,supports,,"As disease-specific enzyme replacement therapy is now available for FD, correct diagnosis is important.",,review,
E57cb528,PMID:37928748,MONDO:0009499,mentions,pubmed,https://pubmed.ncbi.nlm.nih.gov/37928748/,2026-10-03,0.95,observed,supports,,Globoid Cell Leukodystrophy (Krabbe Disease): An Update.,,,
E6e63617,MONDO:0009499,NCBIGene:2581,caused_by,pubmed,https://pubmed.ncbi.nlm.nih.gov/37928748/,2026-10-03,0.8,extracted,supports,LoF,"Globoid cell leukodystrophy or Krabbe is a disease that affects children as well as adults who have mutations in the gene encoding the enzyme galactosylceramidase/galctocerebrosidase (GALC), resulting in the deposition of the toxic lipid D-galactosyl-beta1-1' sphingosine (GalSph or psychosine).",,review,
E60744b8,MONDO:0009499,MECH:lysosomal_enzyme_deficiency,has_mechanism,pubmed,https://pubmed.ncbi.nlm.nih.gov/37928748/,2026-10-03,0.8,extracted,supports,LoF,"Globoid cell leukodystrophy or Krabbe is a disease that affects children as well as adults who have mutations in the gene encoding the enzyme galactosylceramidase/galctocerebrosidase (GALC), resulting in the deposition of the toxic lipid D-galactosyl-beta1-1' sphingosine (GalSph or psychosine).",,review,
E3f6bbf0,MONDO:0009499,MECH:substrate_storage_glycosphingolipid,has_mechanism,pubmed,https://pubmed.ncbi.nlm.nih.gov/37928748/,2026-10-03,0.8,extracted,supports,,"Globoid cell leukodystrophy or Krabbe is a disease that affects children as well as adults who have mutations in the gene encoding the enzyme galactosylceramidase/galctocerebrosidase (GALC), resulting in the deposition of the toxic lipid D-galactosyl-beta1-1' sphingosine (GalSph or psychosine).",,review,
Ea14d831,MONDO:0009499,INTERVENTION:hematopoietic_stem_cell_transplantation,studied_with,pubmed,https://pubmed.ncbi.nlm.nih.gov/37928748/,2026-10-03,0.75,extracted,supports,,"Several therapeutic modalities were used to treat patients with Krabbe disease, including hematopoietic stem cell transplantation, enzyme replacement therapy, autophagy activators, intravenous immunoglobulin, and inhibitors of the Pyroptosis process, among many other approaches.",,human,
Eb4ca422,MONDO:0009499,INTERVENTION:enzyme_replacement_therapy,studied_with,pubmed,https://pubmed.ncbi.nlm.nih.gov/37928748/,2026-10-03,0.75,extracted,supports,,"Several therapeutic modalities were used to treat patients with Krabbe disease, including hematopoietic stem cell transplantation, enzyme replacement therapy, autophagy activators, intravenous immunoglobulin, and inhibitors of the Pyroptosis process, among many other approaches.",,human,
E3f57201,MONDO:0009499,INTERVENTION:autophagy_activators,studied_with,pubmed,https://pubmed.ncbi.nlm.nih.gov/37928748/,2026-10-03,0.7,extracted,supports,,"Several therapeutic modalities were used to treat patients with Krabbe disease, including hematopoietic stem cell transplantation, enzyme replacement therapy, autophagy activators, intravenous immunoglobulin, and inhibitors of the Pyroptosis process, among many other approaches.",,human,
E7104985,MONDO:0009499,INTERVENTION:intravenous_immunoglobulin,studied_with,pubmed,https://pubmed.ncbi.nlm.nih.gov/37928748/,2026-10-03,0.65,extracted,supports,,"Several therapeutic modalities were used to treat patients with Krabbe disease, including hematopoietic stem cell transplantation, enzyme replacement therapy, autophagy activators, intravenous immunoglobulin, and inhibitors of the Pyroptosis process, among many other approaches.",,human,
Ef7826ea,MONDO:0009499,INTERVENTION:pyroptosis_inhibitors,studied_with,pubmed,https://pubmed.ncbi.nlm.nih.gov/37928748/,2026-10-03,0.6,extracted,supports,,"Several therapeutic modalities were used to treat patients with Krabbe disease, including hematopoietic stem cell transplantation, enzyme replacement therapy, autophagy activators, intravenous immunoglobulin, and inhibitors of the Pyroptosis process, among many other approaches.",,human,
Eae51276,PMID:32965986,MONDO:0009499,mentions,pubmed,https://pubmed.ncbi.nlm.nih.gov/32965986/,2026-10-03,0.95,observed,supports,,Krabbe Disease.,,,
E25007cf,MONDO:0009499,MECH:lysosomal_enzyme_deficiency,has_mechanism,pubmed,https://pubmed.ncbi.nlm.nih.gov/32965986/,2026-10-03,0.8,extracted,supports,LoF,"The gene mutation occurs at chromosome 14, which codes for a lysosomal hydrolase known as galactosylceramide beta hydrolase (GALC).",,review,
E285421b,MONDO:0009499,NCBIGene:2581,caused_by,pubmed,https://pubmed.ncbi.nlm.nih.gov/32965986/,2026-10-03,0.8,extracted,supports,LoF,"The gene mutation occurs at chromosome 14, which codes for a lysosomal hydrolase known as galactosylceramide beta hydrolase (GALC).",,review,
Ecba7ed0,MONDO:0009499,MECH:demyelination,has_mechanism,pubmed,https://pubmed.ncbi.nlm.nih.gov/32965986/,2026-10-03,0.8,extracted,supports,,Krabbe disease is also known as globoid cell leukodystrophy because of the characteristic multinucleated globoid cells found on brain biopsy and the presence of white matter degeneration.,,review,
E64ea04f,PMID:27638593,MONDO:0009499,mentions,pubmed,https://pubmed.ncbi.nlm.nih.gov/27638593/,2026-10-03,0.95,observed,supports,,Expression of individual mutations and haplotypes in the galactocerebrosidase gene identified by the newborn screening program in New York State and in confirmed cases of Krabbe's disease.,,,
E93e5d23,PMID:35087711,MONDO:0009499,mentions,pubmed,https://pubmed.ncbi.nlm.nih.gov/35087711/,2026-10-03,0.95,observed,supports,,Krabbe disease: A personal perspective and hypothesis.,,,
Ebf743d2,MONDO:0009499,NCBIGene:2581,caused_by,pubmed,https://pubmed.ncbi.nlm.nih.gov/35087711/,2026-10-03,0.8,extracted,supports,LoF,It is caused by mutations on the galactocerebrosidase (GALC) gene.,,review,
E7ba2aee,MONDO:0009499,MECH:lysosomal_enzyme_deficiency,has_mechanism,pubmed,https://pubmed.ncbi.nlm.nih.gov/35087711/,2026-10-03,0.8,extracted,supports,LoF,It is caused by mutations on the galactocerebrosidase (GALC) gene.,,review,
E5aaac6b,MONDO:0009499,MECH:neuroinflammation,has_mechanism,pubmed,https://pubmed.ncbi.nlm.nih.gov/35087711/,2026-10-03,0.8,extracted,supports,,Affected individuals accumulate undegraded substrates and suffer from neuroinflammation.,,review,
E89bd3f0,MONDO:0009499,INTERVENTION:hematopoietic_stem_cell_transplantation,studied_with,pubmed,https://pubmed.ncbi.nlm.nih.gov/35087711/,2026-10-03,0.8,extracted,supports,,Hematopoietic stem cell transplantation (HSCT) has been partially successful in treating patients with KD when accomplished prior to the onset of symptoms.,,human,
Ede886eb,PMID:26795590,MONDO:0009499,mentions,pubmed,https://pubmed.ncbi.nlm.nih.gov/26795590/,2026-10-03,0.95,observed,supports,,Newborn screening for Krabbe disease in New York State: the first eight years' experience.,,,
Edd954e4,MONDO:0009499,NCBIGene:2581,caused_by,pubmed,https://pubmed.ncbi.nlm.nih.gov/26795590/,2026-10-03,0.8,extracted,supports,LoF,Krabbe disease (KD) results from galactocerebrosidase (GALC) deficiency.,,review,
E7ee77ad,MONDO:0009499,MECH:lysosomal_enzyme_deficiency,has_mechanism,pubmed,https://pubmed.ncbi.nlm.nih.gov/26795590/,2026-10-03,0.8,extracted,supports,LoF,Krabbe disease (KD) results from galactocerebrosidase (GALC) deficiency.,,review,
E7debf6b,MONDO:0009499,INTERVENTION:hematopoietic_stem_cell_transplantation,studied_with,pubmed,https://pubmed.ncbi.nlm.nih.gov/26795590/,2026-10-03,0.8,extracted,supports,,The only potential treatment is hematopoietic stem cell transplantation.,,review,
E6e88f25,PMID:34670440,MONDO:0009499,mentions,pubmed,https://pubmed.ncbi.nlm.nih.gov/34670440/,2026-10-03,0.95,observed,supports,,Hospitalization Burden and Incidence of Krabbe Disease.,,,
E0f9ef18,PMID:34449528,MONDO:0009499,mentions,pubmed,https://pubmed.ncbi.nlm.nih.gov/34449528/,2026-10-03,0.95,observed,supports,,Advances in the Diagnosis and Treatment of Krabbe Disease.,,,
Ee586157,MONDO:0009499,MECH:lysosomal_enzyme_deficiency,has_mechanism,pubmed,https://pubmed.ncbi.nlm.nih.gov/34449528/,2026-10-03,0.8,extracted,supports,LoF,"GALC activity is needed for the lysosomal hydrolysis of galactosylceramide, an important component of myelin.",,review,
E0b09d5b,MONDO:0009499,NCBIGene:2581,caused_by,pubmed,https://pubmed.ncbi.nlm.nih.gov/34449528/,2026-10-03,0.8,extracted,supports,LoF,Krabbe disease is an autosomal recessive leukodystrophy caused by pathogenic variants in the galactocerebrosidase (GALC) gene.,,review,
E7dfe5e6,MONDO:0009499,INTERVENTION:hematopoietic_stem_cell_transplantation,studied_with,pubmed,https://pubmed.ncbi.nlm.nih.gov/34449528/,2026-10-03,0.8,extracted,supports,,Treatment of pre-symptomatic or mildly symptomatic patients at this time is limited to hematopoietic stem cell transplantation.,,human,
E57ac18a,MONDO:0009499,INTERVENTION:Bone_marrow_transplantation,studied_with,pubmed,https://pubmed.ncbi.nlm.nih.gov/34449528/,2026-10-03,0.8,extracted,supports,,"Treatment studies using the mouse and dog models have shown that combining bone marrow transplantation with intra-venous gene therapy provides the best outcomes in terms of survival, behavior, and preservation of normal myelination in the central and peripheral nervous systems.",,animal_model,
E2f115cf,MONDO:0009499,INTERVENTION:intra_venous_gene_therapy,studied_with,pubmed,https://pubmed.ncbi.nlm.nih.gov/34449528/,2026-10-03,0.8,extracted,supports,,"Treatment studies using the mouse and dog models have shown that combining bone marrow transplantation with intra-venous gene therapy provides the best outcomes in terms of survival, behavior, and preservation of normal myelination in the central and peripheral nervous systems.",,animal_model,
E4b1450f,PMID:27491217,MONDO:0009499,mentions,pubmed,https://pubmed.ncbi.nlm.nih.gov/27491217/,2026-10-03,0.95,observed,supports,,Insights into the Pathogenesis and Treatment of Krabbe Disease.,,,
E40645bc,MONDO:0009499,NCBIGene:2581,caused_by,pubmed,https://pubmed.ncbi.nlm.nih.gov/27491217/,2026-10-03,0.8,extracted,supports,LoF,"Krabbe disease (globoid cell leukodystrophy, GLD) is an inherited disease caused by a deficiency in the lysosomal enzyme galactocerebrosidase (GALC).",,review,
E050a41e,MONDO:0009499,MECH:lysosomal_enzyme_deficiency,has_mechanism,pubmed,https://pubmed.ncbi.nlm.nih.gov/27491217/,2026-10-03,0.8,extracted,supports,LoF,"Krabbe disease (globoid cell leukodystrophy, GLD) is an inherited disease caused by a deficiency in the lysosomal enzyme galactocerebrosidase (GALC).",,review,
Eecc2812,MONDO:0009499,MECH:substrate_storage_glycosphingolipid,has_mechanism,pubmed,https://pubmed.ncbi.nlm.nih.gov/27491217/,2026-10-03,0.7,extracted,supports,,It has been hypothesized that GALC-deficiency leads to psychosine accumulation that preferentially kills oligodendrocytes in the central nervous system and Schwann cells in the peripheral nervous system.,,review,
E8b1c4df,MONDO:0009499,MECH:demyelination,has_mechanism,pubmed,https://pubmed.ncbi.nlm.nih.gov/27491217/,2026-10-03,0.8,extracted,supports,,"Krabbe disease has traditionally been considered a white matter disease characterized by the loss and disorganization of myelin, infiltration of multinucleated monocytes/macrophages (globoid cells) and lymphocytes, and dysregulation of pro-inflammatory cytokines and chemokines.",,review,
E7268b24,MONDO:0009499,MECH:neuroinflammation,has_mechanism,pubmed,https://pubmed.ncbi.nlm.nih.gov/27491217/,2026-10-03,0.8,extracted,supports,,"Krabbe disease has traditionally been considered a white matter disease characterized by the loss and disorganization of myelin, infiltration of multinucleated monocytes/macrophages (globoid cells) and lymphocytes, and dysregulation of pro-inflammatory cytokines and chemokines.",,review,
E0ebb1f1,MONDO:0009499,INTERVENTION:hematopoietic_stem_cell_transplantation,studied_with,pubmed,https://pubmed.ncbi.nlm.nih.gov/27491217/,2026-10-03,0.8,extracted,supports,,"Although there is no cure for Krabbe disease, hematopoietic stem cell transplantation can slow the progression of disease.",,review,
E0f0c303,PMID:25260228,MONDO:0009499,mentions,pubmed,https://pubmed.ncbi.nlm.nih.gov/25260228/,2026-10-03,0.95,observed,supports,,"History, genetic, and recent advances on Krabbe disease.",,,
E2774850,MONDO:0009499,MECH:lysosomal_enzyme_deficiency,has_mechanism,pubmed,https://pubmed.ncbi.nlm.nih.gov/25260228/,2026-10-03,0.65,extracted,supports,,"Krabbe disease or globoid cell leukodystrophy is one of the classic genetic lysosomal storage diseases with autosomal recessive inheritance that affects both central and peripheral nervous systems in several species including humans, rhesus macaques, dogs, mice, and sheep.",,review,
E93e5a48,PMID:41414721,MONDO:0009499,mentions,pubmed,https://pubmed.ncbi.nlm.nih.gov/41414721/,2026-10-03,0.95,observed,supports,,Genetic and Clinical Characteristics of Chinese Adult Patients With Krabbe Disease.,,,
E0d9cdc4,MONDO:0009499,NCBIGene:2581,caused_by,pubmed,https://pubmed.ncbi.nlm.nih.gov/41414721/,2026-10-03,0.8,extracted,supports,LoF,"Functional experiments demonstrated that the variant led to impaired protein processing and localization, as well as reduced GALC enzymatic activity.",,human,
E405f851,MONDO:0009499,MECH:lysosomal_enzyme_deficiency,has_mechanism,pubmed,https://pubmed.ncbi.nlm.nih.gov/41414721/,2026-10-03,0.75,extracted,supports,,"Functional experiments demonstrated that the variant led to impaired protein processing and localization, as well as reduced GALC enzymatic activity.",,human,
Ee678002,PMID:26462614,MONDO:0009591,mentions,pubmed,https://pubmed.ncbi.nlm.nih.gov/26462614/,2026-10-03,0.95,observed,supports,,Mutation Update of ARSA and PSAP Genes Causing Metachromatic Leukodystrophy.,,,
E623c955,MONDO:0009591,MECH:demyelination,has_mechanism,pubmed,https://pubmed.ncbi.nlm.nih.gov/26462614/,2026-10-03,0.8,extracted,supports,,Metachromatic leukodystrophy is a neurodegenerative disorder characterized by progressive demyelination.,,review,
Ed6d6d6d,MONDO:0009591,NCBIGene:410,caused_by,pubmed,https://pubmed.ncbi.nlm.nih.gov/26462614/,2026-10-03,0.8,extracted,supports,,"The disease is caused by variants in the ARSA gene, which codes for the lysosomal enzyme arylsulfatase A, or, more rarely, in the PSAP gene, which codes for the activator protein saposin B.",,review,
Ed571e85,PMID:38613540,MONDO:0009591,mentions,pubmed,https://pubmed.ncbi.nlm.nih.gov/38613540/,2026-10-03,0.95,observed,supports,,Consensus guidelines for the monitoring and management of metachromatic leukodystrophy in the United States.,,,
Ee9410bd,MONDO:0009591,NCBIGene:410,caused_by,pubmed,https://pubmed.ncbi.nlm.nih.gov/38613540/,2026-10-03,0.8,extracted,supports,,"Metachromatic leukodystrophy (MLD) is a fatal, progressive neurodegenerative disorder caused by biallelic pathogenic mutations in the ARSA (Arylsulfatase A) gene.",,review,
E6bdb48f,MONDO:0009591,INTERVENTION:ex_vivo_gene_therapy,studied_with,pubmed,https://pubmed.ncbi.nlm.nih.gov/38613540/,2026-10-03,0.8,extracted,supports,,"In early onset MLD, including late infantile and early juvenile subtypes, ex vivo gene therapy should be considered for presymptomatic patients where available",,review,
E6da2eba,MONDO:0009591,INTERVENTION:hematopoietic_cell_transplant,studied_with,pubmed,https://pubmed.ncbi.nlm.nih.gov/38613540/,2026-10-03,0.8,extracted,supports,,"In late-onset MLD, including late juvenile and adult subtypes, hematopoietic cell transplant (HCT) should be considered for patients with no or minimal disease involvement.",,review,
Ebda3842,PMID:37480112,MONDO:0009591,mentions,pubmed,https://pubmed.ncbi.nlm.nih.gov/37480112/,2026-10-03,0.95,observed,supports,,Predicting disease severity in metachromatic leukodystrophy using protein activity and a patient phenotype matrix.,,,
E2af53d8,MONDO:0009591,MECH:lysosomal_enzyme_deficiency,has_mechanism,pubmed,https://pubmed.ncbi.nlm.nih.gov/37480112/,2026-10-03,0.8,extracted,supports,,Metachromatic leukodystrophy (MLD) is a lysosomal storage disorder caused by mutations in the arylsulfatase A gene (ARSA) and categorized into three subtypes according to age of onset.,,review,
E8e516a4,MONDO:0009591,NCBIGene:410,caused_by,pubmed,https://pubmed.ncbi.nlm.nih.gov/37480112/,2026-10-03,0.8,extracted,supports,,Metachromatic leukodystrophy (MLD) is a lysosomal storage disorder caused by mutations in the arylsulfatase A gene (ARSA) and categorized into three subtypes according to age of onset.,,review,
E664c00c,PMID:33195324,MONDO:0009591,mentions,pubmed,https://pubmed.ncbi.nlm.nih.gov/33195324/,2026-10-03,0.95,observed,supports,,"Metachromatic Leukodystrophy: Diagnosis, Modeling, and Treatment Approaches.",,,
Ed56cd1c,MONDO:0009591,MECH:demyelination,has_mechanism,pubmed,https://pubmed.ncbi.nlm.nih.gov/33195324/,2026-10-03,0.8,extracted,supports,,"Metachromatic leukodystrophy is a lysosomal storage disease, which is characterized by damage of the myelin sheath that covers most of nerve fibers of the central and peripheral nervous systems.",,review,
E4a77853,MONDO:0009591,MECH:lysosomal_enzyme_deficiency,has_mechanism,pubmed,https://pubmed.ncbi.nlm.nih.gov/33195324/,2026-10-03,0.8,extracted,supports,LoF,The disease occurs due to a deficiency of the lysosomal enzyme arylsulfatase A (ARSA) or its sphingolipid activator protein B (SapB) and it clinically manifests as progressive motor and cognitive deficiency.,,review,
Ec8ffad9,MONDO:0009591,NCBIGene:410,caused_by,pubmed,https://pubmed.ncbi.nlm.nih.gov/33195324/,2026-10-03,0.8,extracted,supports,LoF,"ARSA and SapB protein deficiency are caused by mutations in the ARSA and PSAP genes, respectively.",,review,
E46754bf,MONDO:0009591,INTERVENTION:ARSA_gene_therapy,studied_with,pubmed,https://pubmed.ncbi.nlm.nih.gov/33195324/,2026-10-03,0.8,extracted,supports,,"Encouraging results have been obtained using gene therapy for delivering the wild-type ARSA gene using vectors based on various serotypes of adeno-associated viruses, as well as using mesenchymal stem cells and combined gene-cell therapy.",,review,
E4289566,MONDO:0009591,INTERVENTION:mesenchymal_stem_cell_therapy,studied_with,pubmed,https://pubmed.ncbi.nlm.nih.gov/33195324/,2026-10-03,0.75,extracted,supports,,"Encouraging results have been obtained using gene therapy for delivering the wild-type ARSA gene using vectors based on various serotypes of adeno-associated viruses, as well as using mesenchymal stem cells and combined gene-cell therapy.",,review,
Ed31f495,MONDO:0009591,INTERVENTION:combined_gene_cell_therapy,studied_with,pubmed,https://pubmed.ncbi.nlm.nih.gov/33195324/,2026-10-03,0.75,extracted,supports,,"Encouraging results have been obtained using gene therapy for delivering the wild-type ARSA gene using vectors based on various serotypes of adeno-associated viruses, as well as using mesenchymal stem cells and combined gene-cell therapy.",,review,
E38b0725,PMID:20571983,MONDO:0009591,mentions,pubmed,https://pubmed.ncbi.nlm.nih.gov/20571983/,2026-10-03,0.95,observed,supports,,Metachromatic leukodystrophy--an update.,,,
E97bd66c,MONDO:0009591,MECH:lysosomal_enzyme_deficiency,has_mechanism,pubmed,https://pubmed.ncbi.nlm.nih.gov/20571983/,2026-10-03,0.8,extracted,supports,LoF,"Metachromatic leukodystrophy (MLD) is a rare lysosomal sphingolipid storage disorder, caused by a deficiency of arylsulfatase A (ASA).",,review,
E183315f,MONDO:0009591,NCBIGene:410,caused_by,pubmed,https://pubmed.ncbi.nlm.nih.gov/20571983/,2026-10-03,0.8,extracted,supports,LoF,"Metachromatic leukodystrophy (MLD) is a rare lysosomal sphingolipid storage disorder, caused by a deficiency of arylsulfatase A (ASA).",,review,
E7470be0,MONDO:0009591,MECH:substrate_storage_glycosphingolipid,has_mechanism,pubmed,https://pubmed.ncbi.nlm.nih.gov/20571983/,2026-10-03,0.75,extracted,supports,,"Metachromatic leukodystrophy (MLD) is a rare lysosomal sphingolipid storage disorder, caused by a deficiency of arylsulfatase A (ASA).",,review,
E5782481,MONDO:0009591,MECH:demyelination,has_mechanism,pubmed,https://pubmed.ncbi.nlm.nih.gov/20571983/,2026-10-03,0.8,extracted,supports,,Demyelination is the hallmark of MLD.,,review,
E732f63c,MONDO:0009591,INTERVENTION:stem_cell_transplantation,studied_with,pubmed,https://pubmed.ncbi.nlm.nih.gov/20571983/,2026-10-03,0.75,extracted,supports,,"Interest in the disease has increased as therapeutic options such as stem cell transplantation, enzyme replacement and gene therapy are topics of current research.",,review,
Ef387879,MONDO:0009591,INTERVENTION:enzyme_replacement,studied_with,pubmed,https://pubmed.ncbi.nlm.nih.gov/20571983/,2026-10-03,0.75,extracted,supports,,"Interest in the disease has increased as therapeutic options such as stem cell transplantation, enzyme replacement and gene therapy are topics of current research.",,review,
E1ad4deb,MONDO:0009591,INTERVENTION:gene_therapy,studied_with,pubmed,https://pubmed.ncbi.nlm.nih.gov/20571983/,2026-10-03,0.75,extracted,supports,,"Interest in the disease has increased as therapeutic options such as stem cell transplantation, enzyme replacement and gene therapy are topics of current research.",,review,
Eadcfab1,PMID:25987178,MONDO:0009591,mentions,pubmed,https://pubmed.ncbi.nlm.nih.gov/25987178/,2026-10-03,0.95,observed,supports,,Metachromatic leukodystrophy: Disease spectrum and approaches for treatment.,,,
E56cfdf7,MONDO:0009591,NCBIGene:410,caused_by,pubmed,https://pubmed.ncbi.nlm.nih.gov/25987178/,2026-10-03,0.8,extracted,supports,LoF,Metachromatic leukodystrophy is an inherited lysosomal disorder caused by recessive mutations in ARSA encoding arylsulfatase A.,,review,
E6f580f8,MONDO:0009591,MECH:demyelination,has_mechanism,pubmed,https://pubmed.ncbi.nlm.nih.gov/25987178/,2026-10-03,0.8,extracted,supports,,Low activity of arylsulfatase A results in the accumulation of sulfatides in the central and peripheral nervous system leading to demyelination.,,review,
Eac84af5,MONDO:0009591,INTERVENTION:hematopoietic_stem_cell_transplantation,studied_with,pubmed,https://pubmed.ncbi.nlm.nih.gov/25987178/,2026-10-03,0.8,extracted,supports,,"This review discusses diagnostic process and efficacy of current and possible future therapies such as hematopoietic stem cell transplantation, enzyme replacement therapy and gene therapy.",,review,
Ec58a4a7,MONDO:0009591,INTERVENTION:enzyme_replacement_therapy,studied_with,pubmed,https://pubmed.ncbi.nlm.nih.gov/25987178/,2026-10-03,0.8,extracted,supports,,"This review discusses diagnostic process and efficacy of current and possible future therapies such as hematopoietic stem cell transplantation, enzyme replacement therapy and gene therapy.",,review,
E2e4131d,MONDO:0009591,INTERVENTION:gene_therapy,studied_with,pubmed,https://pubmed.ncbi.nlm.nih.gov/25987178/,2026-10-03,0.8,extracted,supports,,"This review discusses diagnostic process and efficacy of current and possible future therapies such as hematopoietic stem cell transplantation, enzyme replacement therapy and gene therapy.",,review,
Ea2adc35,PMID:31684987,MONDO:0009591,mentions,pubmed,https://pubmed.ncbi.nlm.nih.gov/31684987/,2026-10-03,0.95,observed,supports,,Peripheral neuropathy in metachromatic leukodystrophy: current status and future perspective.,,,
Ef63ba6a,MONDO:0009591,MECH:lysosomal_enzyme_deficiency,has_mechanism,pubmed,https://pubmed.ncbi.nlm.nih.gov/31684987/,2026-10-03,0.8,extracted,supports,LoF,Metachromatic leukodystrophy (MLD) is an autosomal recessively inherited metabolic disease characterized by deficient activity of the lysosomal enzyme arylsulfatase A.,,review,
E2e68711,MONDO:0009591,NCBIGene:410,caused_by,pubmed,https://pubmed.ncbi.nlm.nih.gov/31684987/,2026-10-03,0.8,extracted,supports,LoF,Metachromatic leukodystrophy (MLD) is an autosomal recessively inherited metabolic disease characterized by deficient activity of the lysosomal enzyme arylsulfatase A.,,review,
E0f0023c,MONDO:0009591,MECH:demyelination,has_mechanism,pubmed,https://pubmed.ncbi.nlm.nih.gov/31684987/,2026-10-03,0.8,extracted,supports,,"Its deficiency results in accumulation of sulfatides in neural and visceral tissues, and causes demyelination of the central and peripheral nervous system.",,review,
E7733d20,MONDO:0009591,INTERVENTION:allogeneic_hematopoietic_stem_cell_trans,studied_with,pubmed,https://pubmed.ncbi.nlm.nih.gov/31684987/,2026-10-03,0.8,extracted,supports,,"In asymptomatic patients with juvenile and adult MLD, treatment with allogeneic hematopoietic stem cell transplantation (HCT) provides a symptomatic and survival benefit.",,human,
E7a8e4fb,MONDO:0009591,INTERVENTION:gene_therapy,studied_with,pubmed,https://pubmed.ncbi.nlm.nih.gov/31684987/,2026-10-03,0.7,extracted,supports,,Preliminary studies suggest that peripheral neuropathy might respond better to gene therapy due to higher enzyme levels achieved than with HCT.,,review,
E2511205,MONDO:0009591,MECH:neuroinflammation,has_mechanism,pubmed,https://pubmed.ncbi.nlm.nih.gov/31684987/,2026-10-03,0.75,extracted,supports,,"However, histopathological and clinical findings also suggest a role of neuroinflammation in the pathology of peripheral neuropathy in MLD.",,review,
Ef1ff512,PMID:40751594,MONDO:0009591,mentions,pubmed,https://pubmed.ncbi.nlm.nih.gov/40751594/,2026-10-03,0.95,observed,supports,,ARSA Variants Associated With Cognitive Decline and Long-Term Preservation of Motor Function in Metachromatic Leukodystrophy.,,,
Ed3865c9,PMID:23622382,MONDO:0009591,mentions,pubmed,https://pubmed.ncbi.nlm.nih.gov/23622382/,2026-10-03,0.95,observed,supports,,Lysosomal leukodystrophies: Krabbe disease and metachromatic leukodystrophy.,,,
E7428e49,MONDO:0009591,NCBIGene:410,caused_by,pubmed,https://pubmed.ncbi.nlm.nih.gov/23622382/,2026-10-03,0.8,extracted,supports,LoF,"In metachromatic leukodystrophy, deficient activity of arylsulfatase A, or lack of a cofactor, causes accumulation of sulfatide in various tissues and diffuse demyelination.",,review,
E1919f8f,MONDO:0009591,MECH:lysosomal_enzyme_deficiency,has_mechanism,pubmed,https://pubmed.ncbi.nlm.nih.gov/23622382/,2026-10-03,0.8,extracted,supports,LoF,"In metachromatic leukodystrophy, deficient activity of arylsulfatase A, or lack of a cofactor, causes accumulation of sulfatide in various tissues and diffuse demyelination.",,review,
Ef9f74f4,MONDO:0009591,MECH:substrate_storage_glycosphingolipid,has_mechanism,pubmed,https://pubmed.ncbi.nlm.nih.gov/23622382/,2026-10-03,0.8,extracted,supports,,"In metachromatic leukodystrophy, deficient activity of arylsulfatase A, or lack of a cofactor, causes accumulation of sulfatide in various tissues and diffuse demyelination.",,review,
E5cf73aa,MONDO:0009591,MECH:demyelination,has_mechanism,pubmed,https://pubmed.ncbi.nlm.nih.gov/23622382/,2026-10-03,0.8,extracted,supports,,"In metachromatic leukodystrophy, deficient activity of arylsulfatase A, or lack of a cofactor, causes accumulation of sulfatide in various tissues and diffuse demyelination.",,review,
E34a91c0,MONDO:0009591,INTERVENTION:stem_cell_transplantation,studied_with,pubmed,https://pubmed.ncbi.nlm.nih.gov/23622382/,2026-10-03,0.75,extracted,supports,,Stem cell transplantation may prevent disease progression in selected cases.,,review,
E6d4c091,PMID:36811406,MONDO:0009591,mentions,pubmed,https://pubmed.ncbi.nlm.nih.gov/36811406/,2026-10-03,0.95,observed,supports,,Atidarsagene autotemcel for metachromatic leukodystrophy.,,,
E38ac4d1,MONDO:0009591,NCBIGene:410,caused_by,pubmed,https://pubmed.ncbi.nlm.nih.gov/36811406/,2026-10-03,0.8,extracted,supports,LoF,"Metachromatic leukodystrophy (MLD) is a rare autosomal recessive disorder of sphingolipid metabolism, due to a deficiency of the enzyme arylsulfatase A (ARSA).",,review,
Ee547594,MONDO:0009591,MECH:lysosomal_enzyme_deficiency,has_mechanism,pubmed,https://pubmed.ncbi.nlm.nih.gov/36811406/,2026-10-03,0.8,extracted,supports,LoF,"Metachromatic leukodystrophy (MLD) is a rare autosomal recessive disorder of sphingolipid metabolism, due to a deficiency of the enzyme arylsulfatase A (ARSA).",,review,
Eacb364c,MONDO:0009591,MECH:demyelination,has_mechanism,pubmed,https://pubmed.ncbi.nlm.nih.gov/36811406/,2026-10-03,0.8,extracted,supports,,The main clinical signs of the disease are secondary to central and peripheral nervous system demyelination.,,review,
E0e9d39c,MONDO:0009591,INTERVENTION:atidarsagene_autotemcel,studied_with,pubmed,https://pubmed.ncbi.nlm.nih.gov/36811406/,2026-10-03,0.8,extracted,supports,,"Here, we review the preclinical and clinical studies that facilitated the approval of the ex vivo gene therapy atidarsagene autotemcel for early-onset MLD by the European Medicines Agency (EMA) in December 2020.",,review,
E34a650f,MONDO:0009591,INTERVENTION:hematopoietic_stem_cell_transplantation,studied_with,pubmed,https://pubmed.ncbi.nlm.nih.gov/36811406/,2026-10-03,0.8,extracted,supports,,The evidence for the efficacy of hematopoietic stem cell transplantation is limited to the late-onset MLD subtype.,,review,
Ea7a64e8,PMID:33232090,MONDO:0010100,mentions,pubmed,https://pubmed.ncbi.nlm.nih.gov/33232090/,2026-10-03,0.95,observed,supports,,Tay-Sachs Disease.,,,
Eae05983,MONDO:0010100,NCBIGene:3073,caused_by,pubmed,https://pubmed.ncbi.nlm.nih.gov/33232090/,2026-10-03,0.8,extracted,supports,LoF,"Tay-Sachs disease is a progressive, lethal neurodegenerative disorder caused by a deficiency of the enzyme hexosaminidase-A that results in the accumulation of GM2 gangliosides.",,review,
E87925e8,MONDO:0010100,MECH:lysosomal_enzyme_deficiency,has_mechanism,pubmed,https://pubmed.ncbi.nlm.nih.gov/33232090/,2026-10-03,0.8,extracted,supports,LoF,"Tay-Sachs disease is a progressive, lethal neurodegenerative disorder caused by a deficiency of the enzyme hexosaminidase-A that results in the accumulation of GM2 gangliosides.",,review,
E0d0eb92,MONDO:0010100,MECH:gm2_ganglioside_storage,has_mechanism,pubmed,https://pubmed.ncbi.nlm.nih.gov/33232090/,2026-10-03,0.8,extracted,supports,,"Tay-Sachs disease is a progressive, lethal neurodegenerative disorder caused by a deficiency of the enzyme hexosaminidase-A that results in the accumulation of GM2 gangliosides.",,review,
Ef687694,PMID:35865957,MONDO:0010100,mentions,pubmed,https://pubmed.ncbi.nlm.nih.gov/35865957/,2026-10-03,0.95,observed,supports,,Therapeutic Strategies For Tay-Sachs Disease.,,,
E32a9a0a,MONDO:0010100,MECH:gm2_ganglioside_storage,has_mechanism,pubmed,https://pubmed.ncbi.nlm.nih.gov/35865957/,2026-10-03,0.75,extracted,supports,,This enables discovery of compounds that reduce GM2 and can lead to further development of a TSD therapy.,,review,
E269ce40,MONDO:0010100,INTERVENTION:enzyme_replacement_therapy,studied_with,pubmed,https://pubmed.ncbi.nlm.nih.gov/35865957/,2026-10-03,0.65,extracted,supports,,"This review summarizes multiple drug development strategies for TSD, including enzyme replacement therapy, pharmaceutical chaperone therapy, substrate reduction therapy, gene therapy, and hematopoietic stem cell replacement therapy.",,review,
E507fe6b,MONDO:0010100,INTERVENTION:pharmaceutical_chaperone_therapy,studied_with,pubmed,https://pubmed.ncbi.nlm.nih.gov/35865957/,2026-10-03,0.65,extracted,supports,,"This review summarizes multiple drug development strategies for TSD, including enzyme replacement therapy, pharmaceutical chaperone therapy, substrate reduction therapy, gene therapy, and hematopoietic stem cell replacement therapy.",,review,
Ede867aa,MONDO:0010100,INTERVENTION:substrate_reduction_therapy,studied_with,pubmed,https://pubmed.ncbi.nlm.nih.gov/35865957/,2026-10-03,0.65,extracted,supports,,"This review summarizes multiple drug development strategies for TSD, including enzyme replacement therapy, pharmaceutical chaperone therapy, substrate reduction therapy, gene therapy, and hematopoietic stem cell replacement therapy.",,review,
E48b9547,MONDO:0010100,INTERVENTION:gene_therapy,studied_with,pubmed,https://pubmed.ncbi.nlm.nih.gov/35865957/,2026-10-03,0.65,extracted,supports,,"This review summarizes multiple drug development strategies for TSD, including enzyme replacement therapy, pharmaceutical chaperone therapy, substrate reduction therapy, gene therapy, and hematopoietic stem cell replacement therapy.",,review,
Eac40117,MONDO:0010100,INTERVENTION:hematopoietic_stem_cell_replacement_ther,studied_with,pubmed,https://pubmed.ncbi.nlm.nih.gov/35865957/,2026-10-03,0.65,extracted,supports,,"This review summarizes multiple drug development strategies for TSD, including enzyme replacement therapy, pharmaceutical chaperone therapy, substrate reduction therapy, gene therapy, and hematopoietic stem cell replacement therapy.",,review,
E6eb67e6,PMID:9090523,MONDO:0010100,mentions,pubmed,https://pubmed.ncbi.nlm.nih.gov/9090523/,2026-10-03,0.95,observed,supports,,Tay-Sachs disease-causing mutations and neutral polymorphisms in the Hex A gene.,,,
E1a80928,MONDO:0010100,MECH:lysosomal_enzyme_deficiency,has_mechanism,pubmed,https://pubmed.ncbi.nlm.nih.gov/9090523/,2026-10-03,0.8,extracted,supports,LoF,"Because these mutations cripple the catalytic activity of beta-hexosaminidase to varying degrees, Tay-Sachs disease displays clinical heterogeneity.",,review,
Eeb0ba0a,PMID:35145305,MONDO:0010100,mentions,pubmed,https://pubmed.ncbi.nlm.nih.gov/35145305/,2026-10-03,0.95,observed,supports,,AAV gene therapy for Tay-Sachs disease.,,,
Eed205de,MONDO:0010100,MECH:lysosomal_enzyme_deficiency,has_mechanism,pubmed,https://pubmed.ncbi.nlm.nih.gov/35145305/,2026-10-03,0.8,extracted,supports,LoF,Tay-Sachs disease (TSD) is an inherited neurological disorder caused by deficiency of hexosaminidase A (HexA).,,review,
Ea4cf63d,MONDO:0010100,NCBIGene:3073,caused_by,pubmed,https://pubmed.ncbi.nlm.nih.gov/35145305/,2026-10-03,0.8,extracted,supports,LoF,Tay-Sachs disease (TSD) is an inherited neurological disorder caused by deficiency of hexosaminidase A (HexA).,,review,
E6200215,MONDO:0010100,INTERVENTION:AAV_gene_therapy,studied_with,pubmed,https://pubmed.ncbi.nlm.nih.gov/35145305/,2026-10-03,0.8,extracted,supports,,This study provides early safety and proof-of-concept data in humans for treatment of patients with TSD by AAV gene therapy.,,human,
Ef1bed25,PMID:40710901,MONDO:0010100,mentions,pubmed,https://pubmed.ncbi.nlm.nih.gov/40710901/,2026-10-03,0.95,observed,supports,,"Advances in Diagnosis, Pathological Mechanisms, Clinical Impact, and Future Therapeutic Perspectives in Tay-Sachs Disease.",,,
Ebfd4d0a,MONDO:0010100,NCBIGene:3073,caused_by,pubmed,https://pubmed.ncbi.nlm.nih.gov/40710901/,2026-10-03,0.8,extracted,supports,LoF,"Mechanistically, TSD is caused by mutations in the HEXA gene, which encodes the alpha subunit of hexosaminidase A.",,review,
E4417428,MONDO:0010100,MECH:lysosomal_enzyme_deficiency,has_mechanism,pubmed,https://pubmed.ncbi.nlm.nih.gov/40710901/,2026-10-03,0.8,extracted,supports,LoF,"It is caused by a deficiency of the enzyme hexosaminidase A, which is responsible for the degradation of GM2 gangliosides-lipids that accumulate in the nerve cells of the central nervous system.",,review,
E952d132,MONDO:0010100,MECH:gm2_ganglioside_storage,has_mechanism,pubmed,https://pubmed.ncbi.nlm.nih.gov/40710901/,2026-10-03,0.8,extracted,supports,,"It is caused by a deficiency of the enzyme hexosaminidase A, which is responsible for the degradation of GM2 gangliosides-lipids that accumulate in the nerve cells of the central nervous system.",,review,
E51f58ef,MONDO:0010100,INTERVENTION:gene_therapy,studied_with,pubmed,https://pubmed.ncbi.nlm.nih.gov/40710901/,2026-10-03,0.65,extracted,supports,,"Although no curative treatment currently exists, ongoing research is exploring gene therapy, enzyme replacement, and pharmacological approaches.",,review,
E38d081d,MONDO:0010100,INTERVENTION:enzyme_replacement,studied_with,pubmed,https://pubmed.ncbi.nlm.nih.gov/40710901/,2026-10-03,0.65,extracted,supports,,"Although no curative treatment currently exists, ongoing research is exploring gene therapy, enzyme replacement, and pharmacological approaches.",,review,
Ecc07600,MONDO:0010100,INTERVENTION:gemfibrozil,studied_with,pubmed,https://pubmed.ncbi.nlm.nih.gov/40710901/,2026-10-03,0.75,extracted,supports,,"Certain compounds, such as gemfibrozil, have shown potential to slow symptom progression.",,review,
E04b35fe,PMID:8411703,MONDO:0010100,mentions,pubmed,https://pubmed.ncbi.nlm.nih.gov/8411703/,2026-10-03,0.95,observed,supports,,[Tay-Sachs disease].,,,
Ec665cc0,MONDO:0010100,MECH:gm2_ganglioside_storage,has_mechanism,pubmed,https://pubmed.ncbi.nlm.nih.gov/8411703/,2026-10-03,0.8,extracted,supports,,"GM2-gangliosidosis is a group of neurological disorders resulting from genetically defective catabolism, and consequent abnormal accumulation, of GM2-ganglioside.",,review,
Ecbc90c9,MONDO:0010100,NCBIGene:3073,caused_by,pubmed,https://pubmed.ncbi.nlm.nih.gov/8411703/,2026-10-03,0.8,extracted,supports,LoF,A number of gene abnormalities responsible for Tay-Sachs disease have already been identified and the correlation between the beta-hexosaminidase alpha gene abnormality and the clinical phenotype has been explained in many cases.,,review,
Eb2e3438,MONDO:0010100,MECH:lysosomal_enzyme_deficiency,has_mechanism,pubmed,https://pubmed.ncbi.nlm.nih.gov/8411703/,2026-10-03,0.8,extracted,supports,LoF,"In the severest phenotype of Tay-Sachs disease (infantile form), mRNA of beta-hexosaminidase alpha subunit is not produced or is unstable such as in French Canadian patients or in Jewish patients with infantile Tay-Sachs disease, or the polypeptide does not have any catalytic activities because of",,human,
Eff1d6fd,PMID:28739864,MONDO:0010100,mentions,pubmed,https://pubmed.ncbi.nlm.nih.gov/28739864/,2026-10-03,0.95,observed,supports,,Late-onset Tay-Sachs disease.,,,
E75dda74,MONDO:0010100,MECH:lysosomal_enzyme_deficiency,has_mechanism,pubmed,https://pubmed.ncbi.nlm.nih.gov/28739864/,2026-10-03,0.8,extracted,supports,LoF,white cell enzyme analysis showed markedly reduced enzymatic activity of β-hexosaminidase A.,,human,
Ed91890c,MONDO:0010100,NCBIGene:3073,caused_by,pubmed,https://pubmed.ncbi.nlm.nih.gov/28739864/,2026-10-03,0.8,extracted,supports,LoF,"Genetic testing subsequently revealed two heterozygous pathogenic mutations in the HEXA gene (c.1499delT p.(Leu500fs) and c.805G>A p.(Gly269Ser)), confirming the very rare diagnosis of adult-onset Tay-Sachs disease.",,human,
E804d0c0,PMID:1834320,MONDO:0010100,mentions,pubmed,https://pubmed.ncbi.nlm.nih.gov/1834320/,2026-10-03,0.95,observed,supports,,Biochemistry and genetics of Tay-Sachs disease.,,,
Edf59bbd,MONDO:0010100,NCBIGene:3073,caused_by,pubmed,https://pubmed.ncbi.nlm.nih.gov/1834320/,2026-10-03,0.8,extracted,supports,LoF,"It results from mutations of the HEXA gene encoding the alpha subunit of beta-hexosaminidase, producing a destructive ganglioside accumulation in lysosomes, principally in neurons.",,review,
E373b628,MONDO:0010100,MECH:lysosomal_enzyme_deficiency,has_mechanism,pubmed,https://pubmed.ncbi.nlm.nih.gov/1834320/,2026-10-03,0.8,extracted,supports,LoF,"It results from mutations of the HEXA gene encoding the alpha subunit of beta-hexosaminidase, producing a destructive ganglioside accumulation in lysosomes, principally in neurons.",,review,
Ee89b775,MONDO:0010100,MECH:gm2_ganglioside_storage,has_mechanism,pubmed,https://pubmed.ncbi.nlm.nih.gov/1834320/,2026-10-03,0.8,extracted,supports,,"It results from mutations of the HEXA gene encoding the alpha subunit of beta-hexosaminidase, producing a destructive ganglioside accumulation in lysosomes, principally in neurons.",,review,
Efdd3773,PMID:20301397,MONDO:0010100,mentions,pubmed,https://pubmed.ncbi.nlm.nih.gov/20301397/,2026-10-03,0.95,observed,supports,,HEXA Disorders.,,,
E7c4296e,MONDO:0010100,MECH:gm2_ganglioside_storage,has_mechanism,pubmed,https://pubmed.ncbi.nlm.nih.gov/20301397/,2026-10-03,0.8,extracted,supports,LoF,"HEX A is necessary for degradation of GM2 ganglioside; without well-functioning enzymes, GM2 ganglioside builds up in the lysosomes of brain and nerve cells.",,review,
E19d03f2,MONDO:0010100,MECH:lysosomal_enzyme_deficiency,has_mechanism,pubmed,https://pubmed.ncbi.nlm.nih.gov/20301397/,2026-10-03,0.8,extracted,supports,LoF,HEXA disorders are best considered as a disease continuum based on the amount of residual beta-hexosaminidase A (HEX A) enzyme activity.,,review,
Ec57c903,MONDO:0010100,NCBIGene:3073,caused_by,pubmed,https://pubmed.ncbi.nlm.nih.gov/20301397/,2026-10-03,0.8,extracted,supports,LoF,"HEXA disorders are best considered as a disease continuum based on the amount of residual beta-hexosaminidase A (HEX A) enzyme activity. This, in turn, depends on the molecular characteristics and biological impact of the HEXA pathogenic variants.",,review,
E24b1250,PMID:30524313,MONDO:0010100,mentions,pubmed,https://pubmed.ncbi.nlm.nih.gov/30524313/,2026-10-03,0.95,observed,supports,,New Approaches to Tay-Sachs Disease Therapy.,,,
Ed4d3342,MONDO:0010100,NCBIGene:3073,caused_by,pubmed,https://pubmed.ncbi.nlm.nih.gov/30524313/,2026-10-03,0.8,extracted,supports,LoF,This disease is caused by β-hexosaminidase A (HexA) enzyme deficiency due to various mutations in α-subunit gene of this enzyme,,review,
E3ae3151,MONDO:0010100,MECH:lysosomal_enzyme_deficiency,has_mechanism,pubmed,https://pubmed.ncbi.nlm.nih.gov/30524313/,2026-10-03,0.8,extracted,supports,LoF,This disease is caused by β-hexosaminidase A (HexA) enzyme deficiency due to various mutations in α-subunit gene of this enzyme,,review,
Ee7edb35,MONDO:0010100,MECH:gm2_ganglioside_storage,has_mechanism,pubmed,https://pubmed.ncbi.nlm.nih.gov/30524313/,2026-10-03,0.8,extracted,supports,,resulting in GM2 ganglioside accumulation predominantly in lysosomes of nerve cells,,review,
Ebda5e0f,MONDO:0010100,MECH:neuroinflammation,has_mechanism,pubmed,https://pubmed.ncbi.nlm.nih.gov/30524313/,2026-10-03,0.8,extracted,supports,,"Tay-Sachs disease is characterized by acute neurodegeneration preceded by activated microglia expansion, macrophage and astrocyte activation along with inflammatory mediator production.",,review,
Eb9e85ed,MONDO:0010100,MECH:neuronal_loss,has_mechanism,pubmed,https://pubmed.ncbi.nlm.nih.gov/30524313/,2026-10-03,0.8,extracted,supports,,Tay-Sachs disease is characterized by acute neurodegeneration,,review,
E05d92fe,MONDO:0010100,INTERVENTION:Miglustat,studied_with,pubmed,https://pubmed.ncbi.nlm.nih.gov/30524313/,2026-10-03,0.8,extracted,supports,,There are also clinical reports of substrate reduction therapy using miglustat and bone marrow or hematopoietic stem cell transplantation.,,human,
Ea87fbcd,MONDO:0010100,INTERVENTION:adeno_associated_virus_gene_therapy,studied_with,pubmed,https://pubmed.ncbi.nlm.nih.gov/30524313/,2026-10-03,0.8,extracted,supports,,At the development stage there are methods of Tay-Sachs disease gene therapy using adeno- or adeno-associated viruses as vectors for the delivery of cDNA encoding α and β HexA subunit genes.,,review,
E77397b0,PMID:35420740,MONDO:0010006,mentions,pubmed,https://pubmed.ncbi.nlm.nih.gov/35420740/,2026-10-03,0.95,observed,supports,,Sandhoff Disease.,,,
E57897fb,MONDO:0010006,MECH:lysosomal_enzyme_deficiency,has_mechanism,pubmed,https://pubmed.ncbi.nlm.nih.gov/35420740/,2026-10-03,0.8,extracted,supports,LoF,enzymatic testing that identifies abnormally low activity of the enzymes beta-hexosaminidase A (HEX A) and beta-hexosaminidase B (HEX B),,review,
E4dd43d8,MONDO:0010006,NCBIGene:3074,caused_by,pubmed,https://pubmed.ncbi.nlm.nih.gov/35420740/,2026-10-03,0.8,extracted,supports,LoF,identification biallelic pathogenic variants in HEXB on molecular testing,,review,
Ee491b65,PMID:36596541,MONDO:0010006,mentions,pubmed,https://pubmed.ncbi.nlm.nih.gov/36596541/,2026-10-03,0.95,observed,supports,,[Pathophysiology of Sandhoff Disease and Novel Thrapeutic Targets].,,,
E113e89e,MONDO:0010006,NCBIGene:3074,caused_by,pubmed,https://pubmed.ncbi.nlm.nih.gov/36596541/,2026-10-03,0.8,extracted,supports,LoF,Sandhoff disease (SD) is a glycosphingolipid storage disease resulting from a genetic mutation in HEXB and associated deficiency in β-hexosaminidase activity.,,review,
E82f44df,MONDO:0010006,MECH:lysosomal_enzyme_deficiency,has_mechanism,pubmed,https://pubmed.ncbi.nlm.nih.gov/36596541/,2026-10-03,0.8,extracted,supports,LoF,Sandhoff disease (SD) is a glycosphingolipid storage disease resulting from a genetic mutation in HEXB and associated deficiency in β-hexosaminidase activity.,,review,
E279a08b,MONDO:0010006,MECH:gm2_ganglioside_storage,has_mechanism,pubmed,https://pubmed.ncbi.nlm.nih.gov/36596541/,2026-10-03,0.8,extracted,supports,,"This defect causes abnormal accumulation of ganglioside GM2 and related glycolipids in lysosomes, resulting in progressive deterioration of the central nervous system.",,review,
Edaa04b4,MONDO:0010006,MECH:neuroinflammation,has_mechanism,pubmed,https://pubmed.ncbi.nlm.nih.gov/36596541/,2026-10-03,0.8,extracted,supports,,Analysis using Hexb-/- mice revealed that activated microglia causes astrogliosis at the early stage of development that can be ameliorated via immunosuppression.,,animal_model,
Ed1e4a21,MONDO:0010006,INTERVENTION:Hexb_gene,studied_with,pubmed,https://pubmed.ncbi.nlm.nih.gov/36596541/,2026-10-03,0.8,extracted,supports,,This abnormal differentiation was suppressed by introducing the Hexb gene.,,cell_model,
Eef2b656,MONDO:0010006,INTERVENTION:immunosuppression,studied_with,pubmed,https://pubmed.ncbi.nlm.nih.gov/36596541/,2026-10-03,0.8,extracted,supports,,Analysis using Hexb-/- mice revealed that activated microglia causes astrogliosis at the early stage of development that can be ameliorated via immunosuppression.,,animal_model,
Eca994bb,PMID:33407268,MONDO:0010006,mentions,pubmed,https://pubmed.ncbi.nlm.nih.gov/33407268/,2026-10-03,0.95,observed,supports,,Infantile onset Sandhoff disease: clinical manifestation and a novel common mutation in Thai patients.,,,
E1db4d37,MONDO:0010006,MECH:gm2_ganglioside_storage,has_mechanism,pubmed,https://pubmed.ncbi.nlm.nih.gov/33407268/,2026-10-03,0.8,extracted,supports,,"Sandhoff disease (SD) is an autosomal recessive lysosomal storage disorder, resulting in accumulation of GM2 ganglioside, particular in neuronal cells.",,review,
E916bc5e,MONDO:0010006,MECH:lysosomal_enzyme_deficiency,has_mechanism,pubmed,https://pubmed.ncbi.nlm.nih.gov/33407268/,2026-10-03,0.8,extracted,supports,LoF,"The disorder is caused by deficiency of β-hexosaminidase B (HEX-B), due to pathogenic variant of human HEXB gene.",,review,
E8263472,MONDO:0010006,NCBIGene:3074,caused_by,pubmed,https://pubmed.ncbi.nlm.nih.gov/33407268/,2026-10-03,0.8,extracted,supports,LoF,"The disorder is caused by deficiency of β-hexosaminidase B (HEX-B), due to pathogenic variant of human HEXB gene.",,review,
E85a23e0,PMID:8411702,MONDO:0010006,mentions,pubmed,https://pubmed.ncbi.nlm.nih.gov/8411702/,2026-10-03,0.95,observed,supports,,[Lysosome disease--Sandhoff disease].,,,
E96db5eb,MONDO:0010006,NCBIGene:3074,caused_by,pubmed,https://pubmed.ncbi.nlm.nih.gov/8411702/,2026-10-03,0.8,extracted,supports,LoF,Defects in the beta subunit lead to Sandhoff disease.,,review,
E209b22f,MONDO:0010006,MECH:lysosomal_enzyme_deficiency,has_mechanism,pubmed,https://pubmed.ncbi.nlm.nih.gov/8411702/,2026-10-03,0.8,extracted,supports,LoF,Patients with the defect lack the activity or formation of both hexosaminidase A and B.,,review,
E3525ca4,PMID:7270152,MONDO:0010006,mentions,pubmed,https://pubmed.ncbi.nlm.nih.gov/7270152/,2026-10-03,0.95,observed,supports,,Sandhoff disease.,,,
E4df6e04,MONDO:0010006,MECH:gm2_ganglioside_storage,has_mechanism,pubmed,https://pubmed.ncbi.nlm.nih.gov/7270152/,2026-10-03,0.8,extracted,supports,,Lipid analysis demonstrated a marked elevation of ganglioside GM2 and its asialo derivative in the brain and liver.,,human,
E9b3cdac,MONDO:0010006,MECH:lysosomal_enzyme_deficiency,has_mechanism,pubmed,https://pubmed.ncbi.nlm.nih.gov/7270152/,2026-10-03,0.8,extracted,supports,LoF,There was complete absence of hexosaminidase in the brain and liver.,,human,
E2aeb6d7,PMID:39605340,MONDO:0010006,mentions,pubmed,https://pubmed.ncbi.nlm.nih.gov/39605340/,2026-10-03,0.95,observed,supports,,Intravenous gene therapy improves lifespan and clinical outcomes in feline Sandhoff Disease.,,,
E67b0966,MONDO:0010006,MECH:lysosomal_enzyme_deficiency,has_mechanism,pubmed,https://pubmed.ncbi.nlm.nih.gov/39605340/,2026-10-03,0.8,extracted,supports,LoF,"Sandhoff Disease (SD), a fatal neurodegenerative disorder, is caused by the absence of ß-hexosaminidase (Hex) and subsequent accumulation of GM2 ganglioside in lysosomes.",,review,
E241a242,MONDO:0010006,MECH:gm2_ganglioside_storage,has_mechanism,pubmed,https://pubmed.ncbi.nlm.nih.gov/39605340/,2026-10-03,0.8,extracted,supports,,"Sandhoff Disease (SD), a fatal neurodegenerative disorder, is caused by the absence of ß-hexosaminidase (Hex) and subsequent accumulation of GM2 ganglioside in lysosomes.",,review,
Ede3502b,PMID:34193703,MONDO:0010006,mentions,pubmed,https://pubmed.ncbi.nlm.nih.gov/34193703/,2026-10-03,0.95,observed,supports,,[Glial cells and pharmacological targets in Sandhoff disease].,,,
E23fb3b2,MONDO:0010006,NCBIGene:3074,caused_by,pubmed,https://pubmed.ncbi.nlm.nih.gov/34193703/,2026-10-03,0.8,extracted,supports,LoF,Sandhoff disease (SD) is a genetic disorder caused by a mutation in the β-hexosaminidase B (HexB) gene in humans.,,human,
E4acfba4,MONDO:0010006,MECH:gm2_ganglioside_storage,has_mechanism,pubmed,https://pubmed.ncbi.nlm.nih.gov/34193703/,2026-10-03,0.8,extracted,supports,,"This results in the massive accumulation of GM2 gangliosides in the nervous system, causing progressive neurodegeneration.",,review,
E6723aaa,MONDO:0010006,MECH:neuronal_loss,has_mechanism,pubmed,https://pubmed.ncbi.nlm.nih.gov/34193703/,2026-10-03,0.8,extracted,supports,,"This results in the massive accumulation of GM2 gangliosides in the nervous system, causing progressive neurodegeneration.",,review,
E42633f6,MONDO:0010006,MECH:neuroinflammation,has_mechanism,pubmed,https://pubmed.ncbi.nlm.nih.gov/34193703/,2026-10-03,0.8,extracted,supports,,We have previously reported that activated microglia causes astrogliosis in Hexb-/- mouse at the early stage of development that can be ameliorated via immunosuppression.,,animal_model,
Eb429a38,MONDO:0010006,INTERVENTION:immunosuppression,studied_with,pubmed,https://pubmed.ncbi.nlm.nih.gov/34193703/,2026-10-03,0.7,extracted,supports,,We have previously reported that activated microglia causes astrogliosis in Hexb-/- mouse at the early stage of development that can be ameliorated via immunosuppression.,,animal_model,
E910d0d2,MONDO:0010006,INTERVENTION:istradefylline,studied_with,pubmed,https://pubmed.ncbi.nlm.nih.gov/34193703/,2026-10-03,0.8,extracted,supports,,Inhibiting this receptor with istradefylline decreases the number of activated microglial cells and inflammatory cytokines/chemokines.,,animal_model,
E8c6429d,PMID:35711818,MONDO:0010006,mentions,pubmed,https://pubmed.ncbi.nlm.nih.gov/35711818/,2026-10-03,0.95,observed,supports,,"Adult-Onset Sandhoff Disease in a Filipino Patient: Asymmetric Weakness, Whole HEXB Gene Deletion, and Coexisting MYH7 Pathogenic Variant.",,,
E4fce694,MONDO:0010006,MECH:lysosomal_enzyme_deficiency,has_mechanism,pubmed,https://pubmed.ncbi.nlm.nih.gov/35711818/,2026-10-03,0.8,extracted,supports,LoF,Serum total β-hexosaminidase was significantly reduced,,human,
E96aa3aa,MONDO:0010006,NCBIGene:3074,caused_by,pubmed,https://pubmed.ncbi.nlm.nih.gov/35711818/,2026-10-03,0.8,extracted,supports,LoF,"We identified a novel HEXB whole gene deletion in compound heterozygosity with a pathogenic missense variant (c.1513C>T, p.Arg505Trp) previously described in 1 patient with adult-onset Sandhoff disease.",,human,
E64b4ae5,PMID:25284324,MONDO:0010006,mentions,pubmed,https://pubmed.ncbi.nlm.nih.gov/25284324/,2026-10-03,0.95,observed,supports,,Biomarkers for disease progression and AAV therapeutic efficacy in feline Sandhoff disease.,,,
E8bdb14d,MONDO:0010006,NCBIGene:3074,caused_by,pubmed,https://pubmed.ncbi.nlm.nih.gov/25284324/,2026-10-03,0.8,extracted,supports,LoF,"The GM2 gangliosidoses, Tay-Sachs disease (TSD) and Sandhoff disease (SD), are progressive neurodegenerative disorders that are caused by a mutation in the enzyme β-N-acetylhexosaminidase (Hex).",,review,
E095ea0a,MONDO:0010006,MECH:lysosomal_enzyme_deficiency,has_mechanism,pubmed,https://pubmed.ncbi.nlm.nih.gov/25284324/,2026-10-03,0.8,extracted,supports,LoF,"The GM2 gangliosidoses, Tay-Sachs disease (TSD) and Sandhoff disease (SD), are progressive neurodegenerative disorders that are caused by a mutation in the enzyme β-N-acetylhexosaminidase (Hex).",,review,
Ea28d8b2,MONDO:0010006,MECH:gm2_ganglioside_storage,has_mechanism,pubmed,https://pubmed.ncbi.nlm.nih.gov/25284324/,2026-10-03,0.8,extracted,supports,,"The GM2 gangliosidoses, Tay-Sachs disease (TSD) and Sandhoff disease (SD), are progressive neurodegenerative disorders that are caused by a mutation in the enzyme β-N-acetylhexosaminidase (Hex).",,review,
Ea1e9627,MONDO:0010006,INTERVENTION:AAV_gene_therapy,studied_with,pubmed,https://pubmed.ncbi.nlm.nih.gov/25284324/,2026-10-03,0.8,extracted,supports,,"Significantly altered in untreated SD cats, blood and CSF based biomarkers were largely normalized after AAV gene therapy.",,animal_model,
E3666656,PMID:39484433,MONDO:0010006,mentions,pubmed,https://pubmed.ncbi.nlm.nih.gov/39484433/,2026-10-03,0.95,observed,supports,,Myeloid-derived β-hexosaminidase is essential for neuronal health and lysosome function: implications for Sandhoff disease.,,,
E9691339,MONDO:0010006,MECH:lysosomal_enzyme_deficiency,has_mechanism,pubmed,https://pubmed.ncbi.nlm.nih.gov/39484433/,2026-10-03,0.8,extracted,supports,LoF,Sandhoff disease (SD) is an LSD caused by a deficiency in the β subunit of the β-hexosaminidase enzyme (Hexb).,,review,
Ef9eabff,MONDO:0010006,NCBIGene:3074,caused_by,pubmed,https://pubmed.ncbi.nlm.nih.gov/39484433/,2026-10-03,0.8,extracted,supports,LoF,Sandhoff disease (SD) is an LSD caused by a deficiency in the β subunit of the β-hexosaminidase enzyme (Hexb).,,review,
E1c8aea2,MONDO:0010006,MECH:gm2_ganglioside_storage,has_mechanism,pubmed,https://pubmed.ncbi.nlm.nih.gov/39484433/,2026-10-03,0.7,extracted,supports,,"This intervention reversed apoptotic gene signatures, improved behavior, restored enzymatic activity and Hexb expression, ameliorated substrate accumulation, and normalized neuronal lysosomal phenotypes.",,animal_model,
Ea5fff69,MONDO:0010006,MECH:neuronal_loss,has_mechanism,pubmed,https://pubmed.ncbi.nlm.nih.gov/39484433/,2026-10-03,0.78,extracted,supports,,"This intervention reversed apoptotic gene signatures, improved behavior, restored enzymatic activity and Hexb expression, ameliorated substrate accumulation, and normalized neuronal lysosomal phenotypes.",,animal_model,
E0028e23,MONDO:0010006,INTERVENTION:bone_marrow_transplant,studied_with,pubmed,https://pubmed.ncbi.nlm.nih.gov/39484433/,2026-10-03,0.8,extracted,supports,,"To assess therapeutic relevance, we treated SD mice with bone marrow transplant and colony stimulating factor 1 receptor inhibition, which broadly replaced Hexb -/- microglia with Hexb-sufficient cells.",,animal_model,
E67a1f8b,MONDO:0010006,INTERVENTION:colony_stimulating_factor_1_receptor_inh,studied_with,pubmed,https://pubmed.ncbi.nlm.nih.gov/39484433/,2026-10-03,0.8,extracted,supports,,"To assess therapeutic relevance, we treated SD mice with bone marrow transplant and colony stimulating factor 1 receptor inhibition, which broadly replaced Hexb -/- microglia with Hexb-sufficient cells.",,animal_model,
Ed5a5aba,PMID:34418116,MONDO:0009757,mentions,pubmed,https://pubmed.ncbi.nlm.nih.gov/34418116/,2026-10-03,0.95,observed,supports,,"Efficacy and safety of arimoclomol in Niemann-Pick disease type C: Results from a double-blind, randomised, placebo-controlled, multinational phase 2/3 trial of a novel treatment.",,,
E4ad25fb,MONDO:0009757,INTERVENTION:arimoclomol,studied_with,pubmed,https://pubmed.ncbi.nlm.nih.gov/34418116/,2026-10-03,0.8,extracted,supports,,Arimoclomol provided a significant and clinically meaningful treatment effect in NPC and was well tolerated.,,human,
Ebecfcc9,MONDO:0009757,MECH:er_stress_misfolding,has_mechanism,pubmed,https://pubmed.ncbi.nlm.nih.gov/34418116/,2026-10-03,0.8,extracted,supports,,"We investigated the safety and efficacy of arimoclomol, which amplifies the heat shock response to target NPC protein misfolding and improve lysosomal function, in patients with NPC.",,human,
E24cf58d,MONDO:0009757,MECH:lysosomal_dysfunction,has_mechanism,pubmed,https://pubmed.ncbi.nlm.nih.gov/34418116/,2026-10-03,0.75,extracted,supports,,"We investigated the safety and efficacy of arimoclomol, which amplifies the heat shock response to target NPC protein misfolding and improve lysosomal function, in patients with NPC.",,human,
E2e9d39f,MONDO:0009757,INTERVENTION:Miglustat,studied_with,pubmed,https://pubmed.ncbi.nlm.nih.gov/34418116/,2026-10-03,0.8,extracted,supports,,"In the prespecified subgroup of patients receiving miglustat as routine care, arimoclomol resulted in stabilisation of disease severity over 12 months with a treatment difference of -2.06 in favour of arimoclomol (P = .006).",,human,
E251527e,PMID:34290407,MONDO:0009757,mentions,pubmed,https://pubmed.ncbi.nlm.nih.gov/34290407/,2026-10-03,0.95,observed,supports,,Tonic prime-boost of STING signalling mediates Niemann-Pick disease type C.,,,
Ebe1d530,MONDO:0009757,MECH:lysosomal_membrane_protein_defect,has_mechanism,pubmed,https://pubmed.ncbi.nlm.nih.gov/34290407/,2026-10-03,0.8,extracted,supports,,"Here, through a spatiotemporally resolved proximity labelling screen followed by quantitative proteomics, we identify the lysosomal membrane protein Niemann-Pick type C1 (NPC1) as a cofactor in the trafficking of STING.",,cell_model,
E0c7b27f,MONDO:0009757,MECH:other,has_mechanism,pubmed,https://pubmed.ncbi.nlm.nih.gov/34290407/,2026-10-03,0.5,extracted,supports,,"Notably, we find that knockout of Npc1 'primes' STING signalling by physically linking or 'tethering' STING to SREBP2 trafficking.",,animal_model,
E2e3bbf1,MONDO:0009757,MECH:neuroinflammation,has_mechanism,pubmed,https://pubmed.ncbi.nlm.nih.gov/34290407/,2026-10-03,0.8,extracted,supports,,"Genetic deletion of Sting1 (the gene that encodes STING) or Irf3, but not that of Cgas, significantly reduced the activation of microglia and relieved the loss of Purkinje neurons in the cerebellum of Npc1-/- mice, leading to improved motor function.",,animal_model,
E67ed8ac,MONDO:0009757,MECH:neuronal_loss,has_mechanism,pubmed,https://pubmed.ncbi.nlm.nih.gov/34290407/,2026-10-03,0.8,extracted,supports,,"Genetic deletion of Sting1 (the gene that encodes STING) or Irf3, but not that of Cgas, significantly reduced the activation of microglia and relieved the loss of Purkinje neurons in the cerebellum of Npc1-/- mice, leading to improved motor function.",,animal_model,
E1e1856c,MONDO:0009757,NCBIGene:4864,caused_by,pubmed,https://pubmed.ncbi.nlm.nih.gov/34290407/,2026-10-03,0.8,extracted,supports,LoF,Both priming and boosting of STING signalling are required for severe neurological disease in the Npc1-/- mouse.,,animal_model,
E850bdf1,MONDO:0009757,INTERVENTION:Sting1_deletion,studied_with,pubmed,https://pubmed.ncbi.nlm.nih.gov/34290407/,2026-10-03,0.8,extracted,supports,,"Genetic deletion of Sting1 (the gene that encodes STING) or Irf3, but not that of Cgas, significantly reduced the activation of microglia and relieved the loss of Purkinje neurons in the cerebellum of Npc1-/- mice, leading to improved motor function.",,animal_model,
Ecbd9b69,MONDO:0009757,INTERVENTION:Irf3_deletion,studied_with,pubmed,https://pubmed.ncbi.nlm.nih.gov/34290407/,2026-10-03,0.8,extracted,supports,,"Genetic deletion of Sting1 (the gene that encodes STING) or Irf3, but not that of Cgas, significantly reduced the activation of microglia and relieved the loss of Purkinje neurons in the cerebellum of Npc1-/- mice, leading to improved motor function.",,animal_model,
Ecbf40eb,MONDO:0009757,INTERVENTION:Cgas_deletion,studied_with,pubmed,https://pubmed.ncbi.nlm.nih.gov/34290407/,2026-10-03,0.8,extracted,contradicts,,"Genetic deletion of Sting1 (the gene that encodes STING) or Irf3, but not that of Cgas, significantly reduced the activation of microglia and relieved the loss of Purkinje neurons in the cerebellum of Npc1-/- mice, leading to improved motor function.",,animal_model,
E4abb37a,PMID:34387740,MONDO:0009757,mentions,pubmed,https://pubmed.ncbi.nlm.nih.gov/34387740/,2026-10-03,0.95,observed,supports,,Efficacy and safety of N-acetyl-L-leucine in Niemann-Pick disease type C.,,,
E340aacd,PMID:20301473,MONDO:0009757,mentions,pubmed,https://pubmed.ncbi.nlm.nih.gov/20301473/,2026-10-03,0.95,observed,supports,,Niemann-Pick Disease Type C.,,,
Ebea9f4a,MONDO:0009757,MECH:lysosomal_dysfunction,has_mechanism,pubmed,https://pubmed.ncbi.nlm.nih.gov/20301473/,2026-10-03,0.8,extracted,supports,,Niemann-Pick disease type C (NPC) is a slowly progressive lysosomal disorder in which the principal manifestations are age dependent.,,review,
Ec1263ea,MONDO:0009757,NCBIGene:4864,caused_by,pubmed,https://pubmed.ncbi.nlm.nih.gov/20301473/,2026-10-03,0.8,extracted,supports,,The diagnosis of NPC is established in a proband with suggestive findings and biallelic pathogenic variants in either NPC1 or NPC2 identified by molecular genetic testing.,,review,
E7192936,MONDO:0009757,INTERVENTION:Miglustat,studied_with,pubmed,https://pubmed.ncbi.nlm.nih.gov/20301473/,2026-10-03,0.8,extracted,supports,,"Treatment for the neurologic manifestations of NPC can include miglustat (approved in several countries but not currently FDA approved for standalone treatment of NPC), arimoclomol (approved for use in combination with miglustat), and levacetylleucine (standalone treatment approved by FDA).",,review,
Ecd0d689,MONDO:0009757,INTERVENTION:arimoclomol,studied_with,pubmed,https://pubmed.ncbi.nlm.nih.gov/20301473/,2026-10-03,0.8,extracted,supports,,"Treatment for the neurologic manifestations of NPC can include miglustat (approved in several countries but not currently FDA approved for standalone treatment of NPC), arimoclomol (approved for use in combination with miglustat), and levacetylleucine (standalone treatment approved by FDA).",,review,
E2766c7e,MONDO:0009757,INTERVENTION:levacetylleucine,studied_with,pubmed,https://pubmed.ncbi.nlm.nih.gov/20301473/,2026-10-03,0.8,extracted,supports,,"Treatment for the neurologic manifestations of NPC can include miglustat (approved in several countries but not currently FDA approved for standalone treatment of NPC), arimoclomol (approved for use in combination with miglustat), and levacetylleucine (standalone treatment approved by FDA).",,review,
E4c1e07c,PMID:33892845,MONDO:0009757,mentions,pubmed,https://pubmed.ncbi.nlm.nih.gov/33892845/,2026-10-03,0.95,observed,supports,,"Niemann-Pick Disease, Type C: Diagnosis, Management and Disease-Targeted Therapies in Development.",,,
E7ef7319,MONDO:0009757,MECH:neuronal_loss,has_mechanism,pubmed,https://pubmed.ncbi.nlm.nih.gov/33892845/,2026-10-03,0.8,extracted,supports,,"Niemann-Pick disease, type C (NPC) is a highly heterogeneous rare neurovisceral storage disease with early infantile, late infantile, juvenile and adult onset forms, and relentlessly progressive neurodegeneration leading to death.",,review,
E5749408,PMID:27923544,MONDO:0009757,mentions,pubmed,https://pubmed.ncbi.nlm.nih.gov/27923544/,2026-10-03,0.95,observed,supports,,"Niemann-Pick disease, type C and Roscoe Brady.",,,
E0214ff1,MONDO:0009757,MECH:cholesterol_trafficking_defect,has_mechanism,pubmed,https://pubmed.ncbi.nlm.nih.gov/27923544/,2026-10-03,0.8,extracted,supports,,"These led initially to identification of the cholesterol trafficking defect in the mouse, and then in human Niemann-Pick disease, type C (NPC).",,review,
E81436bf,PMID:12974729,MONDO:0009757,mentions,pubmed,https://pubmed.ncbi.nlm.nih.gov/12974729/,2026-10-03,0.95,observed,supports,,Niemann-Pick disease type C.,,,
E4ed5539,MONDO:0009757,MECH:cholesterol_trafficking_defect,has_mechanism,pubmed,https://pubmed.ncbi.nlm.nih.gov/12974729/,2026-10-03,0.8,extracted,supports,,"At the cellular level, the disorder is characterized by accumulation of unesterified cholesterol and glycolipids in the lysosomal/late endosomal system.",,review,
Ed1828b2,MONDO:0009757,NCBIGene:4864,caused_by,pubmed,https://pubmed.ncbi.nlm.nih.gov/12974729/,2026-10-03,0.8,extracted,supports,,Approximatively 95% of patients have mutations in the NPC1 gene (mapped at 18q11) which encodes a large membrane glycoprotein primarily located to late endosomes.,,human,
E12fcd9f,PMID:32998104,MONDO:0009757,mentions,pubmed,https://pubmed.ncbi.nlm.nih.gov/32998104/,2026-10-03,0.95,observed,supports,,Biomarker analysis of Niemann-Pick disease type C using chromatography and mass spectrometry.,,,
Ebf1e732,MONDO:0009757,MECH:neuronal_loss,has_mechanism,pubmed,https://pubmed.ncbi.nlm.nih.gov/32998104/,2026-10-03,0.72,extracted,supports,,Niemann-Pick disease type C (NPC) is an autosomal recessive disorder with progressive degradation of central nervous system.,,review,
E7e7fdcb,MONDO:0009757,MECH:cholesterol_trafficking_defect,has_mechanism,pubmed,https://pubmed.ncbi.nlm.nih.gov/32998104/,2026-10-03,0.52,extracted,supports,,"They are classified as cholesterol-related metabolites, sphingolipid metabolites, and novel phospholipid metabolites, respectively.",,review,
Eb0cfa44,MONDO:0009757,MECH:substrate_storage_glycosphingolipid,has_mechanism,pubmed,https://pubmed.ncbi.nlm.nih.gov/32998104/,2026-10-03,0.52,extracted,supports,,"They are classified as cholesterol-related metabolites, sphingolipid metabolites, and novel phospholipid metabolites, respectively.",,review,
E9d6623c,PMID:38136141,MONDO:0009757,mentions,pubmed,https://pubmed.ncbi.nlm.nih.gov/38136141/,2026-10-03,0.95,observed,supports,,Niemann-Pick Disease Type C (NPDC) by Mutation of NPC1 and NPC2: Aberrant Lysosomal Cholesterol Trafficking and Oxidative Stress.,,,
E27013cb,MONDO:0009757,NCBIGene:4864,caused_by,pubmed,https://pubmed.ncbi.nlm.nih.gov/38136141/,2026-10-03,0.8,extracted,supports,LoF,The mutation of NPC1 and NPC2 genes induces Niemann-Pick disease type C (NPDC),,review,
Ec87692e,MONDO:0009757,MECH:cholesterol_trafficking_defect,has_mechanism,pubmed,https://pubmed.ncbi.nlm.nih.gov/38136141/,2026-10-03,0.8,extracted,supports,,Deficiencies in cholesterol-sensing and binding proteins NPC1 and NPC2 induce accumulation in lysosomes and the malfunction of trafficking to other organelles.,,review,
Edb1e7e0,MONDO:0009757,MECH:mitochondrial_dysfunction,has_mechanism,pubmed,https://pubmed.ncbi.nlm.nih.gov/38136141/,2026-10-03,0.6,extracted,supports,,Oxidative stress induces damage in NPDC-related intracellular organelles.,,review,
E89629e9,MONDO:0009757,INTERVENTION:antioxidants,studied_with,pubmed,https://pubmed.ncbi.nlm.nih.gov/38136141/,2026-10-03,0.8,extracted,supports,,Several studies have reported the therapeutic potential of antioxidants in treating NPDC.,,review,
Efaf56c2,PMID:22378675,MONDO:0009757,mentions,pubmed,https://pubmed.ncbi.nlm.nih.gov/22378675/,2026-10-03,0.95,observed,supports,,Niemann-pick disease type C: implications for sedation and anesthesia for diagnostic procedures.,,,
E830613c,MONDO:0009757,MECH:lysosomal_dysfunction,has_mechanism,pubmed,https://pubmed.ncbi.nlm.nih.gov/22378675/,2026-10-03,0.8,extracted,supports,,"Niemann-Pick disease type C, an autosomal recessive lysosomal storage disorder, can present with severe visceral and neurologic involvement and is associated with a significant decrease in life expectancy.",,human,
Ec31e90b,PMID:38101904,MONDO:0008769,mentions,pubmed,https://pubmed.ncbi.nlm.nih.gov/38101904/,2026-10-03,0.95,observed,supports,,Safety and efficacy of cerliponase alfa in children with neuronal ceroid lipofuscinosis type 2 (CLN2 disease): an open-label extension study.,,,
E4eae0df,MONDO:0008769,NCBIGene:1200,caused_by,pubmed,https://pubmed.ncbi.nlm.nih.gov/38101904/,2026-10-03,0.8,extracted,supports,LoF,"Cerliponase alfa is a recombinant human tripeptidyl peptidase 1 (TPP1) enzyme replacement therapy for the treatment of neuronal ceroid lipofuscinosis type 2 (CLN2 disease), which is caused by mutations in the TPP1 gene.",,review,
E70b6fe8,MONDO:0008769,MECH:lysosomal_enzyme_deficiency,has_mechanism,pubmed,https://pubmed.ncbi.nlm.nih.gov/38101904/,2026-10-03,0.8,extracted,supports,LoF,"Cerliponase alfa is a recombinant human tripeptidyl peptidase 1 (TPP1) enzyme replacement therapy for the treatment of neuronal ceroid lipofuscinosis type 2 (CLN2 disease), which is caused by mutations in the TPP1 gene.",,review,
Effee2ee,MONDO:0008769,INTERVENTION:Cerliponase_Alfa,studied_with,pubmed,https://pubmed.ncbi.nlm.nih.gov/38101904/,2026-10-03,0.8,extracted,supports,,Cerliponase alfa over a mean treatment period of more than 5 years was seen to confer a clinically meaningful slowing of decline of motor and language function in children with CLN2 disease.,,human,
E318ba1b,PMID:28335910,MONDO:0008769,mentions,pubmed,https://pubmed.ncbi.nlm.nih.gov/28335910/,2026-10-03,0.95,observed,supports,,Management Strategies for CLN2 Disease.,,,
Ed248e83,MONDO:0008769,NCBIGene:1200,caused_by,pubmed,https://pubmed.ncbi.nlm.nih.gov/28335910/,2026-10-03,0.8,extracted,supports,LoF,"CLN2 disease (neuronal ceroid lipofuscinosis type 2) is a rare, autosomal recessive, pediatric-onset, rapidly progressive neurodegenerative lysosomal storage disorder caused by tripeptidyl peptidase 1 (TPP1) enzyme deficiency, and is characterized by language delay, seizures, rapid cognitive and",,review,
E58296be,MONDO:0008769,MECH:lysosomal_enzyme_deficiency,has_mechanism,pubmed,https://pubmed.ncbi.nlm.nih.gov/28335910/,2026-10-03,0.8,extracted,supports,LoF,"CLN2 disease (neuronal ceroid lipofuscinosis type 2) is a rare, autosomal recessive, pediatric-onset, rapidly progressive neurodegenerative lysosomal storage disorder caused by tripeptidyl peptidase 1 (TPP1) enzyme deficiency, and is characterized by language delay, seizures, rapid cognitive and",,review,
E4b46978,MONDO:0008769,MECH:ceroid_lipofuscin_storage,has_mechanism,pubmed,https://pubmed.ncbi.nlm.nih.gov/28335910/,2026-10-03,0.8,extracted,supports,,"CLN2 disease (neuronal ceroid lipofuscinosis type 2) is a rare, autosomal recessive, pediatric-onset, rapidly progressive neurodegenerative lysosomal storage disorder caused by tripeptidyl peptidase 1 (TPP1) enzyme deficiency, and is characterized by language delay, seizures, rapid cognitive and",,review,
E71ce38d,MONDO:0008769,MECH:neuronal_loss,has_mechanism,pubmed,https://pubmed.ncbi.nlm.nih.gov/28335910/,2026-10-03,0.8,extracted,supports,,"CLN2 disease (neuronal ceroid lipofuscinosis type 2) is a rare, autosomal recessive, pediatric-onset, rapidly progressive neurodegenerative lysosomal storage disorder caused by tripeptidyl peptidase 1 (TPP1) enzyme deficiency, and is characterized by language delay, seizures, rapid cognitive and",,review,
Ee900154,PMID:32146219,MONDO:0008769,mentions,pubmed,https://pubmed.ncbi.nlm.nih.gov/32146219/,2026-10-03,0.95,observed,supports,,Symmetric Age Association of Retinal Degeneration in Patients with CLN2-Associated Batten Disease.,,,
E7dc6ee2,MONDO:0008769,NCBIGene:1200,caused_by,pubmed,https://pubmed.ncbi.nlm.nih.gov/32146219/,2026-10-03,0.8,extracted,supports,LoF,"Mutations in the CLN2 gene lead to a neurodegenerative and blinding lysosomal storage disorder: late infantile neuronal ceroid lipofucinosis, also known as ""CLN2 disease.""",,review,
E7cdeea3,MONDO:0008769,MECH:ceroid_lipofuscin_storage,has_mechanism,pubmed,https://pubmed.ncbi.nlm.nih.gov/32146219/,2026-10-03,0.8,extracted,supports,,"Mutations in the CLN2 gene lead to a neurodegenerative and blinding lysosomal storage disorder: late infantile neuronal ceroid lipofucinosis, also known as ""CLN2 disease.""",,review,
E7af4453,MONDO:0008769,MECH:neuronal_loss,has_mechanism,pubmed,https://pubmed.ncbi.nlm.nih.gov/32146219/,2026-10-03,0.7,extracted,supports,,"Retinal degeneration associated with CLN2 disease manifests as a progressive, symmetrical decline, which appears to accelerate during a critical period at 48 to 72 months of age",,human,
Ec3fb4d1,PMID:27491216,MONDO:0008769,mentions,pubmed,https://pubmed.ncbi.nlm.nih.gov/27491216/,2026-10-03,0.95,observed,supports,,CLN2 Disease (Classic Late Infantile Neuronal Ceroid Lipofuscinosis).,,,
E3c230b3,MONDO:0008769,NCBIGene:1200,caused_by,pubmed,https://pubmed.ncbi.nlm.nih.gov/27491216/,2026-10-03,0.8,extracted,supports,LoF,CLN2 disease is an inherited metabolic storage disorder caused by the deficiency of the lysosomal enzyme tripeptidyl peptidase 1 (TPP1).,,review,
Ed77a436,MONDO:0008769,MECH:lysosomal_enzyme_deficiency,has_mechanism,pubmed,https://pubmed.ncbi.nlm.nih.gov/27491216/,2026-10-03,0.8,extracted,supports,LoF,CLN2 disease is an inherited metabolic storage disorder caused by the deficiency of the lysosomal enzyme tripeptidyl peptidase 1 (TPP1).,,review,
Ee036853,MONDO:0008769,MECH:ceroid_lipofuscin_storage,has_mechanism,pubmed,https://pubmed.ncbi.nlm.nih.gov/27491216/,2026-10-03,0.8,extracted,supports,,The deficiency of TPP1 causes the lysosomal accumulation of a material called ceroid lipofuscin.,,review,
E8ddd2a4,MONDO:0008769,MECH:neuronal_loss,has_mechanism,pubmed,https://pubmed.ncbi.nlm.nih.gov/27491216/,2026-10-03,0.8,extracted,supports,,"The natural substrate of TPP1 is not known, nor is the connection between storage process and neurodegeneration, which is characterized by loss of neurons.",,review,
Ee46a5f8,MONDO:0008769,INTERVENTION:enzyme_replacement_therapy,studied_with,pubmed,https://pubmed.ncbi.nlm.nih.gov/27491216/,2026-10-03,0.8,extracted,supports,,Enzyme delivery through the cerebrospinal fluid led to wide distribution of enzyme activity in the brain and to attenuated neuropathology and disease progression in a TPP1-deficient mouse model as well as in a natural TPP1-deficient dog model.,,animal_model,
E14a9bb4,MONDO:0008769,INTERVENTION:gene_therapy,studied_with,pubmed,https://pubmed.ncbi.nlm.nih.gov/27491216/,2026-10-03,0.8,extracted,supports,,"In a CLN2 mouse model, this procedure resulted in cerebral enzyme expression, reduced brain pathology and increased survival.",,animal_model,
Ed1f5180,PMID:32280231,MONDO:0008769,mentions,pubmed,https://pubmed.ncbi.nlm.nih.gov/32280231/,2026-10-03,0.95,observed,supports,,Changing Times for CLN2 Disease: The Era of Enzyme Replacement Therapy.,,,
E6a3d168,MONDO:0008769,MECH:ceroid_lipofuscin_storage,has_mechanism,pubmed,https://pubmed.ncbi.nlm.nih.gov/32280231/,2026-10-03,0.8,extracted,supports,,"Neuronal ceroid lipofuscinosis type 2 (CLN2 disease) is a progressive neurodegenerative disease that results in early-onset, severe, progressive, neurological disabilities, leading to death in late childhood or early adolescence.",,review,
Ef54d15d,MONDO:0008769,INTERVENTION:Cerliponase_Alfa,studied_with,pubmed,https://pubmed.ncbi.nlm.nih.gov/32280231/,2026-10-03,0.8,extracted,supports,,Cerliponase alfa has shown efficacy and tolerability in mouse and canine models of CLN2 disease when delivered intracerebroventricularly.,,animal_model,
E456225f,PMID:36100791,MONDO:0008769,mentions,pubmed,https://pubmed.ncbi.nlm.nih.gov/36100791/,2026-10-03,0.95,observed,supports,,A Novel Porcine Model of CLN2 Batten Disease that Recapitulates Patient Phenotypes.,,,
Eec06751,MONDO:0008769,MECH:lysosomal_enzyme_deficiency,has_mechanism,pubmed,https://pubmed.ncbi.nlm.nih.gov/36100791/,2026-10-03,0.8,extracted,supports,LoF,CLN2 Batten disease is a lysosomal disorder in which pathogenic variants in CLN2 lead to reduced activity in the enzyme tripeptidyl peptidase 1.,,review,
Ec8b6491,MONDO:0008769,NCBIGene:1200,caused_by,pubmed,https://pubmed.ncbi.nlm.nih.gov/36100791/,2026-10-03,0.8,extracted,supports,LoF,CLN2 Batten disease is a lysosomal disorder in which pathogenic variants in CLN2 lead to reduced activity in the enzyme tripeptidyl peptidase 1.,,review,
E1770cfa,MONDO:0008769,MECH:ceroid_lipofuscin_storage,has_mechanism,pubmed,https://pubmed.ncbi.nlm.nih.gov/36100791/,2026-10-03,0.8,extracted,supports,,"CLN2R208X/R208X miniswine also showed classic storage material accumulation and glial activation in the brain at 6 months, and cortical atrophy at 12 months.",,animal_model,
E094516c,MONDO:0008769,MECH:neuronal_loss,has_mechanism,pubmed,https://pubmed.ncbi.nlm.nih.gov/36100791/,2026-10-03,0.75,extracted,supports,,"CLN2R208X/R208X miniswine also showed classic storage material accumulation and glial activation in the brain at 6 months, and cortical atrophy at 12 months.",,animal_model,
Ed614a9e,PMID:27553878,MONDO:0008769,mentions,pubmed,https://pubmed.ncbi.nlm.nih.gov/27553878/,2026-10-03,0.95,observed,supports,,Diagnosis of neuronal ceroid lipofuscinosis type 2 (CLN2 disease): Expert recommendations for early detection and laboratory diagnosis.,,,
E0e7a9a0,MONDO:0008769,NCBIGene:1200,caused_by,pubmed,https://pubmed.ncbi.nlm.nih.gov/27553878/,2026-10-03,0.8,extracted,supports,LoF,"NCLs include the rare autosomal recessive neurodegenerative disorder neuronal ceroid lipofuscinosis type 2 (CLN2) disease, caused by mutations in the tripeptidyl peptidase 1 (TPP1)/CLN2 gene and the resulting TPP1 enzyme deficiency.",,review,
Eafee7b3,MONDO:0008769,MECH:lysosomal_enzyme_deficiency,has_mechanism,pubmed,https://pubmed.ncbi.nlm.nih.gov/27553878/,2026-10-03,0.8,extracted,supports,LoF,"NCLs include the rare autosomal recessive neurodegenerative disorder neuronal ceroid lipofuscinosis type 2 (CLN2) disease, caused by mutations in the tripeptidyl peptidase 1 (TPP1)/CLN2 gene and the resulting TPP1 enzyme deficiency.",,review,
Eb4dbcec,PMID:36918063,MONDO:0008769,mentions,pubmed,https://pubmed.ncbi.nlm.nih.gov/36918063/,2026-10-03,0.95,observed,supports,,Cynomolgus macaque model of neuronal ceroid lipofuscinosis type 2 disease.,,,
E03170a6,MONDO:0008769,NCBIGene:1200,caused_by,pubmed,https://pubmed.ncbi.nlm.nih.gov/36918063/,2026-10-03,0.8,extracted,supports,LoF,"DNA sequencing analysis identified a homozygous single-base deletion (c.42delC) of the CLN2/TPP1 gene, resulting in a frameshifted premature stop codon.",,animal_model,
E2045017,MONDO:0008769,MECH:lysosomal_enzyme_deficiency,has_mechanism,pubmed,https://pubmed.ncbi.nlm.nih.gov/36918063/,2026-10-03,0.8,extracted,supports,LoF,"Immunohistochemical analysis showed that tissue from the affected macaques lacked a detectable signal against TPP1, the product of the CLN2/TPP1 gene.",,animal_model,
E04adc14,MONDO:0008769,MECH:ceroid_lipofuscin_storage,has_mechanism,pubmed,https://pubmed.ncbi.nlm.nih.gov/36918063/,2026-10-03,0.8,extracted,supports,,"Neurons observed throughout the central nervous system contained autofluorescent cytoplasmic pigments, which were identified as ceroid-lipofuscin based on staining properties, and the cerebral cortex examined by transmission electron microscopy had curvilinear profiles, the typical ultrastructural",,animal_model,
E4eb4631,MONDO:0008769,MECH:neuronal_loss,has_mechanism,pubmed,https://pubmed.ncbi.nlm.nih.gov/36918063/,2026-10-03,0.8,extracted,supports,,"Histopathological analyses of three affected macaques revealed severe neuronal loss and degeneration in the cerebellar and cerebral cortices, accompanied by glial activation and/or changes in axonal morphology.",,animal_model,
E8362f4e,PMID:32329550,MONDO:0008769,mentions,pubmed,https://pubmed.ncbi.nlm.nih.gov/32329550/,2026-10-03,0.95,observed,supports,,Neuronal ceroid lipofuscinosis type 2: an Australian case series.,,,
E0d63214,MONDO:0008769,MECH:ceroid_lipofuscin_storage,has_mechanism,pubmed,https://pubmed.ncbi.nlm.nih.gov/32329550/,2026-10-03,0.8,extracted,supports,,"Late infantile neuronal ceroid lipofuscinosis type 2 (CLN2) disease is a rare neurodegenerative disorder presenting in children aged 2-4 years with seizures and loss of motor and language skills, followed by blindness and death in late childhood.",,review,
E6f359bd,MONDO:0008769,INTERVENTION:enzyme_replacement_therapy,studied_with,pubmed,https://pubmed.ncbi.nlm.nih.gov/32329550/,2026-10-03,0.8,extracted,supports,,MRI findings of early subtle atrophy in the cerebellum or posterior cortical regions should hasten testing for CLN2 disease to enable early initiation of enzyme replacement therapy.,,human,
Ec96379c,PMID:34469436,MONDO:0008769,mentions,pubmed,https://pubmed.ncbi.nlm.nih.gov/34469436/,2026-10-03,0.95,observed,supports,,Next-generation sequencing in childhood-onset epilepsies: Diagnostic yield and impact on neuronal ceroid lipofuscinosis type 2 (CLN2) disease diagnosis.,,,
E77b3cb2,PMID:36131016,MONDO:0008767,mentions,pubmed,https://pubmed.ncbi.nlm.nih.gov/36131016/,2026-10-03,0.95,observed,supports,,CLN3 is required for the clearance of glycerophosphodiesters from lysosomes.,,,
E30dc69f,MONDO:0008767,NCBIGene:1201,caused_by,pubmed,https://pubmed.ncbi.nlm.nih.gov/36131016/,2026-10-03,0.8,extracted,supports,LoF,"In children, the loss of CLN3 causes juvenile neuronal ceroid lipofuscinosis (Batten disease), a lethal neurodegenerative LSD.",,human,
E85a0572,MONDO:0008767,MECH:lysosomal_membrane_protein_defect,has_mechanism,pubmed,https://pubmed.ncbi.nlm.nih.gov/36131016/,2026-10-03,0.8,extracted,supports,,GPDs also accumulate in the lysosomes of CLN3-deficient cultured cells and we show that CLN3 is required for their lysosomal egress.,,cell_model,
E11362e1,PMID:26748992,MONDO:0008767,mentions,pubmed,https://pubmed.ncbi.nlm.nih.gov/26748992/,2026-10-03,0.95,observed,supports,,Vision loss in juvenile neuronal ceroid lipofuscinosis (CLN3 disease).,,,
E74117b2,MONDO:0008767,NCBIGene:1201,caused_by,pubmed,https://pubmed.ncbi.nlm.nih.gov/26748992/,2026-10-03,0.8,extracted,supports,,"Although ceroid-lipofuscinosis, neuronal 3 (CLN3) has been identified as the sole disease gene, the biochemical and cellular bases of JNCL and the functions of CLN3 are yet to be fully understood.",,review,
Eb0132b8,MONDO:0008767,MECH:ceroid_lipofuscin_storage,has_mechanism,pubmed,https://pubmed.ncbi.nlm.nih.gov/26748992/,2026-10-03,0.8,extracted,supports,,Juvenile neuronal ceroid lipofuscinosis (JNCL; also known as CLN3 disease) is a devastating neurodegenerative lysosomal storage disorder and the most common form of Batten disease.,,review,
E148344e,MONDO:0008767,MECH:neuronal_loss,has_mechanism,pubmed,https://pubmed.ncbi.nlm.nih.gov/26748992/,2026-10-03,0.8,extracted,supports,,Juvenile neuronal ceroid lipofuscinosis (JNCL; also known as CLN3 disease) is a devastating neurodegenerative lysosomal storage disorder and the most common form of Batten disease.,,review,
Eb2d0f2d,PMID:30050370,MONDO:0008767,mentions,pubmed,https://pubmed.ncbi.nlm.nih.gov/30050370/,2026-10-03,0.95,observed,supports,,Juvenile neuronal ceroid lipofuscinosis (Batten disease): current insights.,,,
Edae28cb,MONDO:0008767,NCBIGene:1201,caused_by,pubmed,https://pubmed.ncbi.nlm.nih.gov/30050370/,2026-10-03,0.8,extracted,supports,,juvenile neuronal ceroid lipofuscinosis (JNCL; Batten disease) due to a mutation in CLN3,,review,
E670c401,MONDO:0008767,MECH:ceroid_lipofuscin_storage,has_mechanism,pubmed,https://pubmed.ncbi.nlm.nih.gov/30050370/,2026-10-03,0.8,extracted,supports,,The present review is focused on juvenile neuronal ceroid lipofuscinosis (JNCL; Batten disease) due to a mutation in CLN3.,,review,
E1f2dcff,MONDO:0008767,MECH:cardiomyopathy_storage,has_mechanism,pubmed,https://pubmed.ncbi.nlm.nih.gov/30050370/,2026-10-03,0.8,extracted,supports,,"A progressive cardiac involvement with repolarization disturbances, ventricular hypertrophy, and sinus-node dysfunction, ultimately leading to severe bradycardia and/or other conduction abnormalities, starts in the mid-teens.",,review,
Ecfaee76,PMID:23470553,MONDO:0008767,mentions,pubmed,https://pubmed.ncbi.nlm.nih.gov/23470553/,2026-10-03,0.95,observed,supports,,Juvenile neuronal ceroid lipofuscinosis and education.,,,
Ec97cb1c,PMID:19539834,MONDO:0008767,mentions,pubmed,https://pubmed.ncbi.nlm.nih.gov/19539834/,2026-10-03,0.95,observed,supports,,Juvenile neuronal ceroid lipofuscinosis (JNCL) and the eye.,,,
E7e266f9,MONDO:0008767,MECH:ceroid_lipofuscin_storage,has_mechanism,pubmed,https://pubmed.ncbi.nlm.nih.gov/19539834/,2026-10-03,0.75,extracted,supports,,"Juvenile neuronal ceroid lipofuscinoses, or Batten disease, is the most common type of NCL in the United States and Europe.",,review,
E8383637,PMID:17896996,MONDO:0008767,mentions,pubmed,https://pubmed.ncbi.nlm.nih.gov/17896996/,2026-10-03,0.95,observed,supports,,Juvenile neuronal ceroid-lipofuscinosis (Batten disease): a brief review and update.,,,
Eaaac865,MONDO:0008767,NCBIGene:1201,caused_by,pubmed,https://pubmed.ncbi.nlm.nih.gov/17896996/,2026-10-03,0.8,extracted,supports,LoF,"JNCL is caused by mutations of CLN3, a gene that encodes a hydrophobic transmembrane protein, which localizes to membrane lipid rafts in lysosomes, endosomes, synaptosomes, and cell membrane.",,review,
E2a6fd95,MONDO:0008767,MECH:lysosomal_membrane_protein_defect,has_mechanism,pubmed,https://pubmed.ncbi.nlm.nih.gov/17896996/,2026-10-03,0.8,extracted,supports,LoF,"While the primary function of the CLN3 protein (CLN3P) may be debated, its absence affects numerous cellular functions including pH regulation, arginine transport, membrane trafficking, and apoptosis.",,review,
Eda2fe8e,PMID:39163421,MONDO:0008767,mentions,pubmed,https://pubmed.ncbi.nlm.nih.gov/39163421/,2026-10-03,0.95,observed,supports,,Batten Disease (Juvenile Neuronal Ceroid Lipofuscinosis).,,,
E633c826,MONDO:0008767,MECH:ceroid_lipofuscin_storage,has_mechanism,pubmed,https://pubmed.ncbi.nlm.nih.gov/39163421/,2026-10-03,0.8,extracted,supports,,Cellular accumulation of ceroid lipofuscin indicates lysosomal dysfunction.,,review,
Ed7956f4,MONDO:0008767,MECH:neuronal_loss,has_mechanism,pubmed,https://pubmed.ncbi.nlm.nih.gov/39163421/,2026-10-03,0.8,extracted,supports,,Problems with the lysosomes lead to the death of neurons over time.,,review,
Eba63c5a,PMID:9932957,MONDO:0008767,mentions,pubmed,https://pubmed.ncbi.nlm.nih.gov/9932957/,2026-10-03,0.95,observed,supports,,Delayed classic and protracted phenotypes of compound heterozygous juvenile neuronal ceroid lipofuscinosis.,,,
E2f98f6c,MONDO:0008767,NCBIGene:1201,caused_by,pubmed,https://pubmed.ncbi.nlm.nih.gov/9932957/,2026-10-03,0.8,extracted,supports,LoF,10 Finnish juvenile neuronal ceroid lipofuscinosis (JNCL; late-onset Batten disease) patients who all are compound heterozygotes for the major 1.02-kb deletion in the CLN3 gene.,,human,
E1be05c1,PMID:31568712,MONDO:0008767,mentions,pubmed,https://pubmed.ncbi.nlm.nih.gov/31568712/,2026-10-03,0.95,observed,supports,,The CLN3 gene and protein: What we know.,,,
E1f034fd,PMID:16503390,MONDO:0008767,mentions,pubmed,https://pubmed.ncbi.nlm.nih.gov/16503390/,2026-10-03,0.95,observed,supports,,Protracted juvenile neuronal ceroid lipofuscinosis--an autopsy report and immunohistochemical analysis.,,,
Ebd3f430,MONDO:0008767,NCBIGene:1201,caused_by,pubmed,https://pubmed.ncbi.nlm.nih.gov/16503390/,2026-10-03,0.8,extracted,supports,,"The juvenile form of neuronal ceroid lipofuscinosis (JNCL) is caused by mutations in the CLN3 gene, and is characterized by progressive loss of vision and development of motor deficits.",,review,
E4a5b1d9,MONDO:0008767,MECH:neuronal_loss,has_mechanism,pubmed,https://pubmed.ncbi.nlm.nih.gov/16503390/,2026-10-03,0.8,extracted,supports,,"He also exhibited cerebellar cortical atrophy, fibrillary gliosis in the white matter, and rarefication in the globus pallidus.",,human,
Ee741db8,PMID:33859490,MONDO:0009260,mentions,pubmed,https://pubmed.ncbi.nlm.nih.gov/33859490/,2026-10-03,0.95,observed,supports,,GM1 Gangliosidosis: Mechanisms and Management.,,,
E995e5af,MONDO:0009260,MECH:lysosomal_enzyme_deficiency,has_mechanism,pubmed,https://pubmed.ncbi.nlm.nih.gov/33859490/,2026-10-03,0.8,extracted,supports,LoF,"The lysosomal storage disorder, GM1 gangliosidosis (GM1), is a neurodegenerative condition resulting from deficiency of the enzyme β-galactosidase (β-gal).",,review,
E7b71018,MONDO:0009260,NCBIGene:2720,caused_by,pubmed,https://pubmed.ncbi.nlm.nih.gov/33859490/,2026-10-03,0.8,extracted,supports,LoF,"Mutation of the GLB1 gene, which codes for β-gal, prevents cleavage of the terminal β-1,4-linked galactose residue from GM1 ganglioside.",,review,
E69dd12b,MONDO:0009260,INTERVENTION:substrate_reduction_therapy,studied_with,pubmed,https://pubmed.ncbi.nlm.nih.gov/33859490/,2026-10-03,0.68,extracted,supports,,"Researchers are critically evaluating the efficacy of substrate reduction therapy, pharmacological chaperones, enzyme replacement therapy, stem cell transplantation, and gene therapy for GM1.",,review,
E9168d96,MONDO:0009260,INTERVENTION:pharmacological_chaperones,studied_with,pubmed,https://pubmed.ncbi.nlm.nih.gov/33859490/,2026-10-03,0.68,extracted,supports,,"Researchers are critically evaluating the efficacy of substrate reduction therapy, pharmacological chaperones, enzyme replacement therapy, stem cell transplantation, and gene therapy for GM1.",,review,
E5597cd1,MONDO:0009260,INTERVENTION:enzyme_replacement_therapy,studied_with,pubmed,https://pubmed.ncbi.nlm.nih.gov/33859490/,2026-10-03,0.68,extracted,supports,,"Researchers are critically evaluating the efficacy of substrate reduction therapy, pharmacological chaperones, enzyme replacement therapy, stem cell transplantation, and gene therapy for GM1.",,review,
E4cfb75c,MONDO:0009260,INTERVENTION:stem_cell_transplantation,studied_with,pubmed,https://pubmed.ncbi.nlm.nih.gov/33859490/,2026-10-03,0.68,extracted,supports,,"Researchers are critically evaluating the efficacy of substrate reduction therapy, pharmacological chaperones, enzyme replacement therapy, stem cell transplantation, and gene therapy for GM1.",,review,
Edeedea7,MONDO:0009260,INTERVENTION:adeno_associated_virus_mediated_GLB1_del,studied_with,pubmed,https://pubmed.ncbi.nlm.nih.gov/33859490/,2026-10-03,0.8,extracted,supports,,"A Phase I/II clinical trial for GM1 children is ongoing to evaluate the safety and efficacy of adeno-associated virus-mediated GLB1 delivery by intravenous injection, providing patients and families with hope for the future.",,human,
Ec0845e4,PMID:34539759,MONDO:0009260,mentions,pubmed,https://pubmed.ncbi.nlm.nih.gov/34539759/,2026-10-03,0.95,observed,supports,,GM1 Gangliosidosis-A Mini-Review.,,,
Ea55766a,MONDO:0009260,MECH:lysosomal_enzyme_deficiency,has_mechanism,pubmed,https://pubmed.ncbi.nlm.nih.gov/34539759/,2026-10-03,0.8,extracted,supports,LoF,Absent or reduced β-galactosidase activity leads to the accumulation of β-linked galactose-containing glycoconjugates including the glycosphingolipid (GSL) GM1-ganglioside in neuronal tissue.,,review,
Ecc4ff41,MONDO:0009260,MECH:substrate_storage_glycosphingolipid,has_mechanism,pubmed,https://pubmed.ncbi.nlm.nih.gov/34539759/,2026-10-03,0.8,extracted,supports,,Absent or reduced β-galactosidase activity leads to the accumulation of β-linked galactose-containing glycoconjugates including the glycosphingolipid (GSL) GM1-ganglioside in neuronal tissue.,,review,
Ede0cb24,MONDO:0009260,NCBIGene:2720,caused_by,pubmed,https://pubmed.ncbi.nlm.nih.gov/34539759/,2026-10-03,0.8,extracted,supports,LoF,"GM1 gangliosidosis is a progressive, neurosomatic, lysosomal storage disorder caused by mutations in the GLB1 gene encoding the enzyme β-galactosidase.",,review,
Ee099eeb,MONDO:0009260,INTERVENTION:GLB1_gene_therapy,studied_with,pubmed,https://pubmed.ncbi.nlm.nih.gov/34539759/,2026-10-03,0.8,extracted,supports,,"Three GLB1 gene therapy trials are currently recruiting Type I and Type II patients (NCT04273269, NCT03952637, and NCT04713475)",,human,
E669f364,PMID:38018878,MONDO:0009260,mentions,pubmed,https://pubmed.ncbi.nlm.nih.gov/38018878/,2026-10-03,0.95,observed,supports,,Gene therapy approaches for GM1 gangliosidosis: Focus on animal and cellular studies.,,,
Ec66b916,MONDO:0009260,NCBIGene:2720,caused_by,pubmed,https://pubmed.ncbi.nlm.nih.gov/38018878/,2026-10-03,0.8,extracted,supports,LoF,The main cause of this disease is a genetic defect in the enzyme β-galactosidase due to a mutation in the glb1 gene.,,review,
E37220fa,MONDO:0009260,MECH:lysosomal_enzyme_deficiency,has_mechanism,pubmed,https://pubmed.ncbi.nlm.nih.gov/38018878/,2026-10-03,0.8,extracted,supports,LoF,The main cause of this disease is a genetic defect in the enzyme β-galactosidase due to a mutation in the glb1 gene.,,review,
E85aa16d,MONDO:0009260,INTERVENTION:gene_therapy,studied_with,pubmed,https://pubmed.ncbi.nlm.nih.gov/38018878/,2026-10-03,0.8,extracted,supports,,gene therapy techniques have been able to reduce the complications of the disease and alleviate the signs and symptoms of the disease.,,review,
Ebe592df,PMID:36461157,MONDO:0009260,mentions,pubmed,https://pubmed.ncbi.nlm.nih.gov/36461157/,2026-10-03,0.95,observed,supports,,Anesthesia outcomes in lysosomal disorders: CLN3 and GM1 gangliosidosis.,,,
E02f9a76,PMID:36541412,MONDO:0009260,mentions,pubmed,https://pubmed.ncbi.nlm.nih.gov/36541412/,2026-10-03,0.95,observed,supports,,GM1-gangliosidosis: The caregivers' assessments of symptom impact and most important symptoms to treat.,,,
Eba83b09,PMID:23290321,MONDO:0009260,mentions,pubmed,https://pubmed.ncbi.nlm.nih.gov/23290321/,2026-10-03,0.95,observed,supports,,"Chaperone therapy update: Fabry disease, GM1-gangliosidosis and Gaucher disease.",,,
E7685f67,MONDO:0009260,MECH:lysosomal_enzyme_deficiency,has_mechanism,pubmed,https://pubmed.ncbi.nlm.nih.gov/23290321/,2026-10-03,0.8,extracted,supports,LoF,human β-galactosidase deficiency disorders (GM1-gangliosidosis and Morquio B disease),,review,
Ea71a2a2,MONDO:0009260,INTERVENTION:NOEV,studied_with,pubmed,https://pubmed.ncbi.nlm.nih.gov/23290321/,2026-10-03,0.8,extracted,supports,,"Orally administered NOEV entered the brain through the blood-brain barrier, enhanced β-galactosidase activity, reduced substrate storage, and improved neurological deterioration clinically.",,animal_model,
E71949ce,MONDO:0009260,INTERVENTION:MTD118,studied_with,pubmed,https://pubmed.ncbi.nlm.nih.gov/23290321/,2026-10-03,0.6,extracted,supports,,"Our recent study indicated chaperone activity of a new DGJ derivative, MTD118, for β-galactosidase complementary to NOEV.",,review,
E5c7147e,PMID:37042746,MONDO:0009260,mentions,pubmed,https://pubmed.ncbi.nlm.nih.gov/37042746/,2026-10-03,0.95,observed,supports,,GM1 gangliosidosis: patients with different phenotypic features and novel mutations.,,,
Ef94c577,MONDO:0009260,NCBIGene:2720,caused_by,pubmed,https://pubmed.ncbi.nlm.nih.gov/37042746/,2026-10-03,0.8,extracted,supports,LoF,GM1-gangliosidosis is an autosomal recessive lysosomal storage disorder caused by beta-galactosidase deficiency encoded by GLB1.,,review,
E079b342,MONDO:0009260,MECH:lysosomal_enzyme_deficiency,has_mechanism,pubmed,https://pubmed.ncbi.nlm.nih.gov/37042746/,2026-10-03,0.8,extracted,supports,,GM1-gangliosidosis is an autosomal recessive lysosomal storage disorder caused by beta-galactosidase deficiency encoded by GLB1.,,review,
Ecba944f,MONDO:0009260,MECH:neuronal_loss,has_mechanism,pubmed,https://pubmed.ncbi.nlm.nih.gov/37042746/,2026-10-03,0.8,extracted,supports,,It is mainly characterized by progressive neurodegeneration due to accumulation of glycosphingolipids in central nervous system and classified into 3 forms according to the age of onset and severity of symptoms.,,review,
E301d70f,PMID:31761138,MONDO:0009260,mentions,pubmed,https://pubmed.ncbi.nlm.nih.gov/31761138/,2026-10-03,0.95,observed,supports,,The Clinical and Molecular Spectrum of GM1 Gangliosidosis.,,,
Ef04d2b1,PMID:38737101,MONDO:0009260,mentions,pubmed,https://pubmed.ncbi.nlm.nih.gov/38737101/,2026-10-03,0.95,observed,supports,,Therapeutic developments for neurodegenerative GM1 gangliosidosis.,,,
Eb8a3f15,MONDO:0009260,MECH:lysosomal_enzyme_deficiency,has_mechanism,pubmed,https://pubmed.ncbi.nlm.nih.gov/38737101/,2026-10-03,0.8,extracted,supports,LoF,"GM1 gangliosidosis (GM1) is a rare but fatal neurodegenerative disease caused by dysfunction or lack of production of lysosomal enzyme, β-galactosidase, leading to accumulation of substrates.",,review,
Eae01da5,MONDO:0009260,NCBIGene:2720,caused_by,pubmed,https://pubmed.ncbi.nlm.nih.gov/38737101/,2026-10-03,0.8,extracted,supports,LoF,"ERT and SRT alleviate substrate accumulation through exogenous supplementation over the patient's lifetime, while gene editing could be curative, fixing the causative gene, GLB1, to enable endogenous enzyme activity.",,review,
E5c934b4,MONDO:0009260,INTERVENTION:enzyme_replacement_therapy,studied_with,pubmed,https://pubmed.ncbi.nlm.nih.gov/38737101/,2026-10-03,0.8,extracted,supports,,"The most promising treatments for GM1, include enzyme replacement therapy (ERT), substrate reduction therapy (SRT), stem cell therapy and gene editing.",,review,
Ea2b06ce,MONDO:0009260,INTERVENTION:substrate_reduction_therapy,studied_with,pubmed,https://pubmed.ncbi.nlm.nih.gov/38737101/,2026-10-03,0.8,extracted,supports,,"The most promising treatments for GM1, include enzyme replacement therapy (ERT), substrate reduction therapy (SRT), stem cell therapy and gene editing.",,review,
E771e0e1,MONDO:0009260,INTERVENTION:stem_cell_therapy,studied_with,pubmed,https://pubmed.ncbi.nlm.nih.gov/38737101/,2026-10-03,0.8,extracted,supports,,"The most promising treatments for GM1, include enzyme replacement therapy (ERT), substrate reduction therapy (SRT), stem cell therapy and gene editing.",,review,
Ede82758,MONDO:0009260,INTERVENTION:gene_editing,studied_with,pubmed,https://pubmed.ncbi.nlm.nih.gov/38737101/,2026-10-03,0.8,extracted,supports,,"The most promising treatments for GM1, include enzyme replacement therapy (ERT), substrate reduction therapy (SRT), stem cell therapy and gene editing.",,review,
E217556e,PMID:35965426,MONDO:0009260,mentions,pubmed,https://pubmed.ncbi.nlm.nih.gov/35965426/,2026-10-03,0.95,observed,supports,,Single Institutional Experience with GM1 Gangliosidosis: Clinical and Laboratory Results of 14 Patients.,,,
E8207ea3,MONDO:0009260,NCBIGene:2720,caused_by,pubmed,https://pubmed.ncbi.nlm.nih.gov/35965426/,2026-10-03,0.8,extracted,supports,LoF,GM1 gangliosidosis is an autosomal recessive lysosomal storage disease caused by biallelic mutations in the GLB1 gene.,,review,
E2ee7a0f,MONDO:0009260,MECH:lysosomal_enzyme_deficiency,has_mechanism,pubmed,https://pubmed.ncbi.nlm.nih.gov/35965426/,2026-10-03,0.75,extracted,supports,LoF,"Higher leukocyte beta-galactosidase activity correlated with later age at onset (ρ = 0.575), later age at diagnosis (ρ = 0.618), and longer diagnostic delay (ρ = 0.702)",,human,
Edca2ff6,PMID:36007105,MONDO:0010099,mentions,pubmed,https://pubmed.ncbi.nlm.nih.gov/36007105/,2026-10-03,0.95,observed,supports,,GM2 Activator Deficiency.,,,
E879b3c8,MONDO:0010099,MECH:gm2_ganglioside_storage,has_mechanism,pubmed,https://pubmed.ncbi.nlm.nih.gov/36007105/,2026-10-03,0.8,extracted,supports,,"The diagnosis of GM2 activator deficiency is established in a proband with suggestive findings of GM2 gangliosidosis, normal beta-hexosaminidase A (HEX A) enzyme activity levels, and biallelic pathogenic (or likely pathogenic) variants in GM2A identified by molecular genetic testing.",,review,
Edcf2ca7,MONDO:0010099,NCBIGene:2760,caused_by,pubmed,https://pubmed.ncbi.nlm.nih.gov/36007105/,2026-10-03,0.8,extracted,supports,LoF,"The diagnosis of GM2 activator deficiency is established in a proband with suggestive findings of GM2 gangliosidosis, normal beta-hexosaminidase A (HEX A) enzyme activity levels, and biallelic pathogenic (or likely pathogenic) variants in GM2A identified by molecular genetic testing.",,review,
E1240d3f,PMID:26082327,MONDO:0010099,mentions,pubmed,https://pubmed.ncbi.nlm.nih.gov/26082327/,2026-10-03,0.95,observed,supports,,"GM2-Gangliosidosis, AB Variant: Clinical, Ophthalmological, MRI, and Molecular Findings.",,,
Ee1a59e3,MONDO:0010099,MECH:gm2_ganglioside_storage,has_mechanism,pubmed,https://pubmed.ncbi.nlm.nih.gov/26082327/,2026-10-03,0.8,extracted,supports,,"GM2-gangliosidosis, AB variant is a very rare form of GM2 gangliosidosis due to a deficiency of GM2 activator protein",,review,
E38e152d,MONDO:0010099,NCBIGene:2760,caused_by,pubmed,https://pubmed.ncbi.nlm.nih.gov/26082327/,2026-10-03,0.8,extracted,supports,LoF,associated with autosomal recessive mutations in GM2A,,review,
E9591081,PMID:9932959,MONDO:0010099,mentions,pubmed,https://pubmed.ncbi.nlm.nih.gov/9932959/,2026-10-03,0.95,observed,supports,,GM2 gangliosidosis AB variant: clinical and biochemical studies of a Japanese patient.,,,
Eb15acdf,MONDO:0010099,MECH:gm2_ganglioside_storage,has_mechanism,pubmed,https://pubmed.ncbi.nlm.nih.gov/9932959/,2026-10-03,0.8,extracted,supports,,Immunocytochemical analysis clearly revealed the accumulation of GM2 ganglioside in cultured fibroblasts from the patient,,cell_model,
Efe46e45,PMID:35925454,MONDO:0010099,mentions,pubmed,https://pubmed.ncbi.nlm.nih.gov/35925454/,2026-10-03,0.95,observed,supports,,GM2 gangliosidosis AB variant: first case of late onset and review of the literature.,,,
E503f243,MONDO:0010099,MECH:gm2_ganglioside_storage,has_mechanism,pubmed,https://pubmed.ncbi.nlm.nih.gov/35925454/,2026-10-03,0.8,extracted,supports,,neurodegenerative diseases caused by lysosomal accumulation of GM2 gangliosides,,review,
Ec4c4b25,MONDO:0010099,NCBIGene:2760,caused_by,pubmed,https://pubmed.ncbi.nlm.nih.gov/35925454/,2026-10-03,0.8,extracted,supports,LoF,"A genetic analysis revealed two mutations in the GM2A gene encoding the GM2 activator protein (GM2-AP), an essential co-factor of hexosaminidase A.",,human,
E8a040dd,PMID:8244332,MONDO:0010099,mentions,pubmed,https://pubmed.ncbi.nlm.nih.gov/8244332/,2026-10-03,0.95,observed,supports,,Molecular genetics of GM2-gangliosidosis AB variant: a novel mutation and expression in BHK cells.,,,
E330669b,MONDO:0010099,MECH:gm2_ganglioside_storage,has_mechanism,pubmed,https://pubmed.ncbi.nlm.nih.gov/8244332/,2026-10-03,0.8,extracted,supports,,The GM2 activator is a hexosaminidase A-specific glycolipid-binding protein required for the lysosomal degradation of ganglioside GM2.,,review,
E4ac6665,PMID:8900233,MONDO:0010099,mentions,pubmed,https://pubmed.ncbi.nlm.nih.gov/8900233/,2026-10-03,0.95,observed,supports,,Molecular analysis of a GM2-activator deficiency in two patients with GM2-gangliosidosis AB variant.,,,
E7d4ef12,MONDO:0010099,MECH:gm2_ganglioside_storage,has_mechanism,pubmed,https://pubmed.ncbi.nlm.nih.gov/8900233/,2026-10-03,0.8,extracted,supports,,"A deficiency of the GM2 activator causes the AB variant of GM2 gangliosidosis, a recessively inherited disorder characterized by excessive neuronal accumulation of GM2 and related glycolipids.",,human,
E8577cd5,MONDO:0010099,NCBIGene:2760,caused_by,pubmed,https://pubmed.ncbi.nlm.nih.gov/8900233/,2026-10-03,0.8,extracted,supports,LoF,"Two novel mutations in the GM2 activator gene (GM2A) have been identified by the reverse-transcriptase-PCR method--a three-base deletion, AAG262-264, resulting in a deletion of Lys88, and a single-base deletion, A410, that causes a frameshift.",,human,
E91b9ab5,MONDO:0010099,MECH:er_stress_misfolding,has_mechanism,pubmed,https://pubmed.ncbi.nlm.nih.gov/8900233/,2026-10-03,0.8,extracted,supports,,"Pulse/chase labeling of cultured fibroblasts of the patients, in presence and absence of brefeldin A, indicates a premature degradation of both--mutant and truncated--GM2APs in the endoplasmic reticulum or Golgi.",,cell_model,
E4676f6b,MONDO:0010099,NCBIGene:2760,caused_by,pubmed,https://pubmed.ncbi.nlm.nih.gov/41111867/,2026-10-03,0.8,extracted,supports,LoF,"Post-mortem genetic sequencing identified a pathogenic mutation in homozygosity in the GM2A gene, confirming the diagnosis.",,human,
E19aaab9,PMID:28540636,MONDO:0010099,mentions,pubmed,https://pubmed.ncbi.nlm.nih.gov/28540636/,2026-10-03,0.95,observed,supports,,GM2 Activator Deficiency Caused by a Homozygous Exon 2 Deletion in GM2A.,,,
E35d8336,MONDO:0010099,NCBIGene:2760,caused_by,pubmed,https://pubmed.ncbi.nlm.nih.gov/28540636/,2026-10-03,0.8,extracted,supports,LoF,Subsequent copy number analysis confirmed a homozygous deletion of exon 2 in GM2A.,,human,
E4cfef65,PMID:7713516,MONDO:0010099,mentions,pubmed,https://pubmed.ncbi.nlm.nih.gov/7713516/,2026-10-03,0.95,observed,supports,,"The mouse gene encoding the GM2 activator protein (Gm2a): cDNA sequence, expression, and chromosome mapping.",,,
E2c5bd51,MONDO:0010099,NCBIGene:2760,caused_by,pubmed,https://pubmed.ncbi.nlm.nih.gov/7713516/,2026-10-03,0.8,extracted,supports,LoF,"Mutations in the human GM2 activator protein gene (GM2A) result in the GM2 gangliosidosis AB variant, a severe neurological disease.",,review,
E6944627,PMID:9972878,MONDO:0010099,mentions,pubmed,https://pubmed.ncbi.nlm.nih.gov/9972878/,2026-10-03,0.95,observed,supports,,Recombinant GM2-activator protein stimulates in vivo degradation of GA2 in GM2 gangliosidosis AB variant fibroblasts but exhibits no detectable binding of GA2 in an in vitro assay.,,,
E334ffde,MONDO:0010099,INTERVENTION:recombinant_GM2_activator_protein,studied_with,pubmed,https://pubmed.ncbi.nlm.nih.gov/9972878/,2026-10-03,0.8,extracted,supports,,Recombinant GM2-activator protein stimulates in vivo degradation of GA2 in GM2 gangliosidosis AB variant fibroblasts but exhibits no detectable binding of GA2 in an in vitro assay.,,cell_model,
Ed2a63e3,MONDO:0010099,MECH:gm2_ganglioside_storage,has_mechanism,pubmed,https://pubmed.ncbi.nlm.nih.gov/9972878/,2026-10-03,0.8,extracted,supports,,In contrast with these in vitro results the recombinant human GM2-activator is able to restore the degradation of GA2 in fibroblasts from patients with the AB variant of GM2 gangliosidosis in vivo.,,cell_model,
Ed55504a,PMID:37069638,MONDO:0009756,mentions,pubmed,https://pubmed.ncbi.nlm.nih.gov/37069638/,2026-10-03,0.95,observed,supports,,"Consensus clinical management guidelines for acid sphingomyelinase deficiency (Niemann-Pick disease types A, B and A/B).",,,
E5967cc5,MONDO:0009756,NCBIGene:6609,caused_by,pubmed,https://pubmed.ncbi.nlm.nih.gov/37069638/,2026-10-03,0.8,extracted,supports,LoF,Acid Sphingomyelinase Deficiency (ASMD) is a rare autosomal recessive disorder caused by mutations in the SMPD1 gene.,,review,
E9c78c68,MONDO:0009756,MECH:lysosomal_enzyme_deficiency,has_mechanism,pubmed,https://pubmed.ncbi.nlm.nih.gov/37069638/,2026-10-03,0.8,extracted,supports,LoF,Acid Sphingomyelinase Deficiency (ASMD) is a rare autosomal recessive disorder caused by mutations in the SMPD1 gene.,,review,
E176f17a,PMID:20301544,MONDO:0009756,mentions,pubmed,https://pubmed.ncbi.nlm.nih.gov/20301544/,2026-10-03,0.95,observed,supports,,Acid Sphingomyelinase Deficiency.,,,
E4e87be8,MONDO:0009756,MECH:lysosomal_enzyme_deficiency,has_mechanism,pubmed,https://pubmed.ncbi.nlm.nih.gov/20301544/,2026-10-03,0.8,extracted,supports,LoF,The diagnosis of ASMD is established by detection of biallelic pathogenic variants in SMPD1 by molecular genetic testing and residual acid sphingomyelinase enzyme activity that is less than 10% of controls (in peripheral blood lymphocytes or cultured skin fibroblasts).,,review,
E2e2268b,MONDO:0009756,NCBIGene:6609,caused_by,pubmed,https://pubmed.ncbi.nlm.nih.gov/20301544/,2026-10-03,0.8,extracted,supports,LoF,The diagnosis of ASMD is established by detection of biallelic pathogenic variants in SMPD1 by molecular genetic testing and residual acid sphingomyelinase enzyme activity that is less than 10% of controls (in peripheral blood lymphocytes or cultured skin fibroblasts).,,review,
Efcac71d,MONDO:0009756,INTERVENTION:Olipudase_alfa,studied_with,pubmed,https://pubmed.ncbi.nlm.nih.gov/20301544/,2026-10-03,0.8,extracted,supports,,"Olipudase alfa (Xenpozyme®) enzyme replacement therapy (ERT) helps to reduce the accumulation of sphingomyelin in the lung, liver, spleen, and other non-central nervous system organs.",,review,
Efc73f33,MONDO:0009756,INTERVENTION:hematopoietic_stem_cell_transplantation,studied_with,pubmed,https://pubmed.ncbi.nlm.nih.gov/20301544/,2026-10-03,0.8,extracted,supports,,"Hematopoietic stem cell transplantation (HSCT) can correct the metabolic defect, improve blood counts, and reduce increased liver and spleen volumes but does not stabilize neurologic disease.",,review,
E643d2dd,PMID:21214563,MONDO:0009756,mentions,pubmed,https://pubmed.ncbi.nlm.nih.gov/21214563/,2026-10-03,0.95,observed,supports,,Brain pathology in Niemann Pick disease type A: insights from the acid sphingomyelinase knockout mice.,,,
E4a3edc9,MONDO:0009756,MECH:synaptic_dysfunction,has_mechanism,pubmed,https://pubmed.ncbi.nlm.nih.gov/21214563/,2026-10-03,0.8,extracted,supports,,"For example, lipid alterations, including the accumulation of sphingolipids, affect the membranes of different subcellular compartments of neurons and glial cells, leading to anomalies in signalling pathways, neuronal polarization, calcium homeostasis, synaptic plasticity, myelin production or",,animal_model,
E4c46cb3,MONDO:0009756,MECH:demyelination,has_mechanism,pubmed,https://pubmed.ncbi.nlm.nih.gov/21214563/,2026-10-03,0.7,extracted,supports,,"For example, lipid alterations, including the accumulation of sphingolipids, affect the membranes of different subcellular compartments of neurons and glial cells, leading to anomalies in signalling pathways, neuronal polarization, calcium homeostasis, synaptic plasticity, myelin production or",,animal_model,
E4a73a85,PMID:21063112,MONDO:0009756,mentions,pubmed,https://pubmed.ncbi.nlm.nih.gov/21063112/,2026-10-03,0.95,observed,supports,,Acid sphingomyelinase deficiency attenuates bleomycin-induced lung inflammation and fibrosis in mice.,,,
E1c9b30a,PMID:31835809,MONDO:0009756,mentions,pubmed,https://pubmed.ncbi.nlm.nih.gov/31835809/,2026-10-03,0.95,observed,supports,,Acid Sphingomyelinase Deficiency Ameliorates Farber Disease.,,,
Ea1c2240,PMID:40414757,MONDO:0009756,mentions,pubmed,https://pubmed.ncbi.nlm.nih.gov/40414757/,2026-10-03,0.95,observed,supports,,[Acid sphingomyelinase deficiency: A review].,,,
E0904e45,MONDO:0009756,MECH:lysosomal_enzyme_deficiency,has_mechanism,pubmed,https://pubmed.ncbi.nlm.nih.gov/40414757/,2026-10-03,0.8,extracted,supports,LoF,"Acid sphingomyelinase deficiency, formerly known as Niemann-Pick disease types B, A/B, and B, is a rare genetic disorder.",,review,
E7f24881,MONDO:0009756,NCBIGene:6609,caused_by,pubmed,https://pubmed.ncbi.nlm.nih.gov/40414757/,2026-10-03,0.8,extracted,supports,,"It is an inherited autosomal recessive disease, linked to mutations in the SMPD1 gene.",,review,
E2e78531,MONDO:0009756,INTERVENTION:enzyme_replacement_therapy,studied_with,pubmed,https://pubmed.ncbi.nlm.nih.gov/40414757/,2026-10-03,0.8,extracted,supports,,"Knowing and recognizing this disease is important, especially since there is an effective specific treatment through enzyme replacement therapy.",,review,
Ec534d85,PMID:30795770,MONDO:0009756,mentions,pubmed,https://pubmed.ncbi.nlm.nih.gov/30795770/,2026-10-03,0.95,observed,supports,,Chronic visceral acid sphingomyelinase deficiency (Niemann-Pick disease type B) in 16 Polish patients: long-term follow-up.,,,
E5aa3cfb,MONDO:0009756,NCBIGene:6609,caused_by,pubmed,https://pubmed.ncbi.nlm.nih.gov/30795770/,2026-10-03,0.8,extracted,supports,LoF,"Acid sphingomyelinase deficiency (ASMD), due to mutations in the sphingomyelin phosphodiesterase 1 (SMPD1) gene, is divided into infantile neurovisceral ASMD (Niemann-Pick type A), chronic neurovisceral ASMD (intermediate form, Niemann-Pick type A/B) and chronic visceral ASMD (Niemann-Pick type B).",,review,
Ea6aa455,MONDO:0009756,MECH:lysosomal_enzyme_deficiency,has_mechanism,pubmed,https://pubmed.ncbi.nlm.nih.gov/30795770/,2026-10-03,0.8,extracted,supports,LoF,"Acid sphingomyelinase deficiency (ASMD), due to mutations in the sphingomyelin phosphodiesterase 1 (SMPD1) gene, is divided into infantile neurovisceral ASMD (Niemann-Pick type A), chronic neurovisceral ASMD (intermediate form, Niemann-Pick type A/B) and chronic visceral ASMD (Niemann-Pick type B).",,review,
E78750d4,PMID:27198631,MONDO:0009756,mentions,pubmed,https://pubmed.ncbi.nlm.nih.gov/27198631/,2026-10-03,0.95,observed,supports,,Cause of death in patients with chronic visceral and chronic neurovisceral acid sphingomyelinase deficiency (Niemann-Pick disease type B and B variant): Literature review and report of new cases.,,,
Eb4c571b,MONDO:0009756,MECH:lysosomal_enzyme_deficiency,has_mechanism,pubmed,https://pubmed.ncbi.nlm.nih.gov/27198631/,2026-10-03,0.8,extracted,supports,LoF,"Acid sphingomyelinase deficiency (ASMD), [Niemann-Pick Disease Types A and B (NPD A and B)], is an inherited metabolic disorder resulting from deficiency of the lysosomal enzyme acid sphingomyelinase.",,review,
E93b4bb6,PMID:35207195,MONDO:0009756,mentions,pubmed,https://pubmed.ncbi.nlm.nih.gov/35207195/,2026-10-03,0.95,observed,supports,,Acid Sphingomyelinase Deficiency: Sharing Experience of Disease Monitoring and Severity in France.,,,
E5f246b7,MONDO:0009756,MECH:lysosomal_enzyme_deficiency,has_mechanism,pubmed,https://pubmed.ncbi.nlm.nih.gov/35207195/,2026-10-03,0.8,extracted,supports,LoF,"Acid sphingomyelinase deficiency (ASMD) is a rare inherited lipid storage disorder caused by a deficiency in lysosomal enzyme acid sphingomyelinase which results in the accumulation of sphingomyelin, predominantly within cells of the reticuloendothelial system located in numerous organs, such as the",,review,
Ed068fc4,MONDO:0009756,MECH:other,has_mechanism,pubmed,https://pubmed.ncbi.nlm.nih.gov/35207195/,2026-10-03,0.5,extracted,supports,,"Acid sphingomyelinase deficiency (ASMD) is a rare inherited lipid storage disorder caused by a deficiency in lysosomal enzyme acid sphingomyelinase which results in the accumulation of sphingomyelin, predominantly within cells of the reticuloendothelial system located in numerous organs, such as the",,review,
E5d03d38,MONDO:0009756,INTERVENTION:Olipudase_alfa,studied_with,pubmed,https://pubmed.ncbi.nlm.nih.gov/35207195/,2026-10-03,0.8,extracted,supports,,"The accessibility of the new enzyme replacement therapy olipudase alfa, a recombinant human ASM, has been expedited for clinical use based on positive clinical data in children and adult patients, such as improved respiratory status and reduced spleen volume.",,human,
Ee553286,PMID:34768550,MONDO:0009756,mentions,pubmed,https://pubmed.ncbi.nlm.nih.gov/34768550/,2026-10-03,0.95,observed,supports,,Prevalence of Cancer in Acid Sphingomyelinase Deficiency.,,,
E50ce8be,MONDO:0009756,MECH:lysosomal_enzyme_deficiency,has_mechanism,pubmed,https://pubmed.ncbi.nlm.nih.gov/34768550/,2026-10-03,0.8,extracted,supports,LoF,Acid sphingomyelinase deficiency (ASMD) is an inherited lysosomal disease characterised by a diffuse accumulation of sphingomyelin that cannot be catabolised into ceramide and phosphocholine.,,human,
E15bd194,PMID:37821174,MONDO:0010281,mentions,pubmed,https://pubmed.ncbi.nlm.nih.gov/37821174/,2026-10-03,0.95,observed,supports,,International Consensus on Differential Diagnosis and Management of Patients With Danon Disease: JACC State-of-the-Art Review.,,,
E14acadc,MONDO:0010281,MECH:autophagy_defect,has_mechanism,pubmed,https://pubmed.ncbi.nlm.nih.gov/37821174/,2026-10-03,0.8,extracted,supports,,"Danon disease is a rare X-linked autophagic vacuolar cardioskeletal myopathy associated with severe heart failure that can be accompanied with extracardiac neurologic, skeletal, and ophthalmologic manifestations.",,review,
E91e8398,MONDO:0010281,NCBIGene:3920,caused_by,pubmed,https://pubmed.ncbi.nlm.nih.gov/37821174/,2026-10-03,0.8,extracted,supports,LoF,It is caused by loss of function variants in the LAMP2 gene and is among the most severe and penetrant of the genetic cardiomyopathies.,,review,
E4d50d44,PMID:32134616,MONDO:0010281,mentions,pubmed,https://pubmed.ncbi.nlm.nih.gov/32134616/,2026-10-03,0.95,observed,supports,,Danon Disease.,,,
Ec691cdb,MONDO:0010281,NCBIGene:3920,caused_by,pubmed,https://pubmed.ncbi.nlm.nih.gov/32134616/,2026-10-03,0.8,extracted,supports,,The diagnosis of Danon disease is established in a proband (male or female) with suggestive findings and/or a hemizygous (in males) or a heterozygous (in females) pathogenic variant in LAMP2 identified by molecular genetic testing.,,review,
Eb7c9cdd,MONDO:0010281,INTERVENTION:heart_transplantation,studied_with,pubmed,https://pubmed.ncbi.nlm.nih.gov/32134616/,2026-10-03,0.8,extracted,supports,,Males usually present with childhood onset concentric hypertrophic cardiomyopathy that is progressive and often requires heart transplantation.,,review,
Ef4c0b51,MONDO:0010281,INTERVENTION:ablation_therapy,studied_with,pubmed,https://pubmed.ncbi.nlm.nih.gov/32134616/,2026-10-03,0.65,extracted,supports,,consideration of ablation therapy in those with cardiac pre-excitation and arrhythmia,,review,
E5fb65fb,PMID:31424795,MONDO:0010281,mentions,pubmed,https://pubmed.ncbi.nlm.nih.gov/31424795/,2026-10-03,0.95,observed,supports,,Danon Disease.,,,
E2638519,MONDO:0010281,NCBIGene:3920,caused_by,pubmed,https://pubmed.ncbi.nlm.nih.gov/31424795/,2026-10-03,0.8,extracted,supports,LoF,"It is caused by genetic mutations in the lysosome-associated membrane 2 (LAMP2) gene, with most mutations leading to an absence of LAMP2 protein.",,review,
E64c2de7,MONDO:0010281,MECH:lysosomal_membrane_protein_defect,has_mechanism,pubmed,https://pubmed.ncbi.nlm.nih.gov/31424795/,2026-10-03,0.8,extracted,supports,LoF,"It is caused by genetic mutations in the lysosome-associated membrane 2 (LAMP2) gene, with most mutations leading to an absence of LAMP2 protein.",,review,
Ef48a3cb,PMID:33151750,MONDO:0010281,mentions,pubmed,https://pubmed.ncbi.nlm.nih.gov/33151750/,2026-10-03,0.95,observed,supports,,Clinical Profile of Cardiac Involvement in Danon Disease: A Multicenter European Registry.,,,
E13cc433,MONDO:0010281,MECH:cardiomyopathy_storage,has_mechanism,pubmed,https://pubmed.ncbi.nlm.nih.gov/33151750/,2026-10-03,0.65,extracted,supports,,"The X-linked Danon disease manifests by severe cardiomyopathy, myopathy, and neuropsychiatric problems.",,review,
Ef00033f,MONDO:0010281,INTERVENTION:heart_transplantation,studied_with,pubmed,https://pubmed.ncbi.nlm.nih.gov/33151750/,2026-10-03,0.8,extracted,supports,,Eight men and 8 women (28%) underwent heart transplantation or received an LV assist device.,,human,
E7d6f2df,MONDO:0010281,INTERVENTION:LV_assist_device,studied_with,pubmed,https://pubmed.ncbi.nlm.nih.gov/33151750/,2026-10-03,0.8,extracted,supports,,Eight men and 8 women (28%) underwent heart transplantation or received an LV assist device.,,human,
E4c14e0d,PMID:39456205,MONDO:0010281,mentions,pubmed,https://pubmed.ncbi.nlm.nih.gov/39456205/,2026-10-03,0.95,observed,supports,,History and Perspective of LAMP-2 Deficiency (Danon Disease).,,,
E7bbb1b5,MONDO:0010281,MECH:lysosomal_membrane_protein_defect,has_mechanism,pubmed,https://pubmed.ncbi.nlm.nih.gov/39456205/,2026-10-03,0.8,extracted,supports,LoF,"Danon disease, an X-linked dominant vacuolar cardiomyopathy and skeletal myopathy, is caused by a primary deficiency of lysosome-associated membrane protein-2 (LAMP-2).",,review,
E6b94b2b,MONDO:0010281,NCBIGene:3920,caused_by,pubmed,https://pubmed.ncbi.nlm.nih.gov/39456205/,2026-10-03,0.8,extracted,supports,LoF,"Danon disease, an X-linked dominant vacuolar cardiomyopathy and skeletal myopathy, is caused by a primary deficiency of lysosome-associated membrane protein-2 (LAMP-2).",,review,
E26d5d47,MONDO:0010281,MECH:autophagy_defect,has_mechanism,pubmed,https://pubmed.ncbi.nlm.nih.gov/39456205/,2026-10-03,0.75,extracted,supports,,This disease is one of the autophagy-related muscle diseases.,,review,
E13e8768,MONDO:0010281,MECH:cardiomyopathy_storage,has_mechanism,pubmed,https://pubmed.ncbi.nlm.nih.gov/39456205/,2026-10-03,0.8,extracted,supports,,"Danon disease, an X-linked dominant vacuolar cardiomyopathy and skeletal myopathy, is caused by a primary deficiency of lysosome-associated membrane protein-2 (LAMP-2).",,review,
Ef4c0248,MONDO:0010281,INTERVENTION:AAV_vectors,studied_with,pubmed,https://pubmed.ncbi.nlm.nih.gov/39456205/,2026-10-03,0.8,extracted,supports,,"Although the pathogenetic mechanism of Danon disease remains unestablished, the first clinical trials using AAV vectors have finally begun in recent years.",,human,
E8253c30,PMID:40962681,MONDO:0010281,mentions,pubmed,https://pubmed.ncbi.nlm.nih.gov/40962681/,2026-10-03,0.95,observed,supports,,Danon disease: From genetic origins and molecular defects to therapeutic advances.,,,
Ec6112f2,MONDO:0010281,NCBIGene:3920,caused_by,pubmed,https://pubmed.ncbi.nlm.nih.gov/40962681/,2026-10-03,0.8,extracted,supports,LoF,"At its core, the disease stems from mutations in the LAMP2 (lysosome-associated membrane protein 2) gene, which result in a critical deficiency of LAMP-2, particularly the LAMP-2B isoform.",,review,
E6303c40,MONDO:0010281,MECH:lysosomal_membrane_protein_defect,has_mechanism,pubmed,https://pubmed.ncbi.nlm.nih.gov/40962681/,2026-10-03,0.8,extracted,supports,LoF,"At its core, the disease stems from mutations in the LAMP2 (lysosome-associated membrane protein 2) gene, which result in a critical deficiency of LAMP-2, particularly the LAMP-2B isoform.",,review,
Ed8d56f4,MONDO:0010281,MECH:autophagy_defect,has_mechanism,pubmed,https://pubmed.ncbi.nlm.nih.gov/40962681/,2026-10-03,0.8,extracted,supports,LoF,"This loss destabilizes normal autophagic clearance, leading to the buildup of dysfunctional autophagic vacuoles that ultimately disrupt cellular homeostasis.",,review,
E86ac16a,MONDO:0010281,MECH:mitochondrial_dysfunction,has_mechanism,pubmed,https://pubmed.ncbi.nlm.nih.gov/40962681/,2026-10-03,0.8,extracted,supports,,Recent research points decisively to mitochondrial dysfunction and fragmentation as pivotal contributors to disease progression,,review,
E22357f1,MONDO:0010281,INTERVENTION:gene_therapy,studied_with,pubmed,https://pubmed.ncbi.nlm.nih.gov/40962681/,2026-10-03,0.8,extracted,supports,,"These mechanistic revelations have inspired new therapeutic directions, with gene therapy emerging as a particularly promising candidate based on encouraging preclinical results and ongoing clinical studies.",,review,
Ea8e02fd,PMID:30857840,MONDO:0010281,mentions,pubmed,https://pubmed.ncbi.nlm.nih.gov/30857840/,2026-10-03,0.95,observed,supports,,Danon disease: Gender differences in presentation and outcomes.,,,
E1018ef1,MONDO:0010281,MECH:autophagy_defect,has_mechanism,pubmed,https://pubmed.ncbi.nlm.nih.gov/30857840/,2026-10-03,0.8,extracted,supports,,"Danon disease (DD) is a rare X-linked autophagic vacuolar myopathy, characterized by high penetrance and severe cardiomyopathy.",,review,
E1bdb179,MONDO:0010281,MECH:cardiomyopathy_storage,has_mechanism,pubmed,https://pubmed.ncbi.nlm.nih.gov/30857840/,2026-10-03,0.7,extracted,supports,,"Danon disease (DD) is a rare X-linked autophagic vacuolar myopathy, characterized by high penetrance and severe cardiomyopathy.",,review,
E32b1d09,PMID:31698507,MONDO:0010281,mentions,pubmed,https://pubmed.ncbi.nlm.nih.gov/31698507/,2026-10-03,0.95,observed,supports,,Review: Danon disease: Review of natural history and recent advances.,,,
Ee19d05d,MONDO:0010281,MECH:autophagy_defect,has_mechanism,pubmed,https://pubmed.ncbi.nlm.nih.gov/31698507/,2026-10-03,0.8,extracted,supports,,"The primary deficiency of lysosome-associated membrane protein-2 (LAMP-2) causes disruption of autophagy, leading to an impaired fusion of lysosomes to autophagosomes and biogenesis of lysosomes.",,review,
E4fab73f,MONDO:0010281,MECH:lysosomal_membrane_protein_defect,has_mechanism,pubmed,https://pubmed.ncbi.nlm.nih.gov/31698507/,2026-10-03,0.8,extracted,supports,LoF,"The primary deficiency of lysosome-associated membrane protein-2 (LAMP-2) causes disruption of autophagy, leading to an impaired fusion of lysosomes to autophagosomes and biogenesis of lysosomes.",,review,
Ea8dcfca,MONDO:0010281,INTERVENTION:heart_transplantation,studied_with,pubmed,https://pubmed.ncbi.nlm.nih.gov/31698507/,2026-10-03,0.8,extracted,supports,,only heart transplantation modifies the disease course.,,review,
Ee9a2b08,PMID:34737089,MONDO:0010281,mentions,pubmed,https://pubmed.ncbi.nlm.nih.gov/34737089/,2026-10-03,0.95,observed,supports,,Clinical features of Danon disease and insights gained from LAMP-2 deficiency models.,,,
Ec08d455,MONDO:0010281,NCBIGene:3920,caused_by,pubmed,https://pubmed.ncbi.nlm.nih.gov/34737089/,2026-10-03,0.8,extracted,supports,LoF,"Molecular studies have proved that LAMP-2 protein deficiency, mainly LAMP-2B isoform, resulting from LAMP2 gene mutation, is the culprit for DD.",,review,
E4767213,MONDO:0010281,MECH:lysosomal_membrane_protein_defect,has_mechanism,pubmed,https://pubmed.ncbi.nlm.nih.gov/34737089/,2026-10-03,0.8,extracted,supports,LoF,"Molecular studies have proved that LAMP-2 protein deficiency, mainly LAMP-2B isoform, resulting from LAMP2 gene mutation, is the culprit for DD.",,review,
E3dcae5a,MONDO:0010281,MECH:autophagy_defect,has_mechanism,pubmed,https://pubmed.ncbi.nlm.nih.gov/34737089/,2026-10-03,0.8,extracted,supports,,Autophagy impairment due to LAMP-2 deficiency mediated the accumulation of abnormal autophagic vacuoles in cells.,,review,
E4f646ca,MONDO:0010281,MECH:mitochondrial_dysfunction,has_mechanism,pubmed,https://pubmed.ncbi.nlm.nih.gov/34737089/,2026-10-03,0.8,extracted,supports,,"in both in vitro and in vivo studies, much evidence has demonstrated that mitochondria dysfunction and fragmentation can result in DD pathology.",,review,
E17c832a,MONDO:0010281,INTERVENTION:heart_transplantation,studied_with,pubmed,https://pubmed.ncbi.nlm.nih.gov/34737089/,2026-10-03,0.7,extracted,supports,,Cardiac involvement can be fatal in the absence of an effective treatment option such as heart transplantation.,,human,
E07218e3,PMID:39556016,MONDO:0010281,mentions,pubmed,https://pubmed.ncbi.nlm.nih.gov/39556016/,2026-10-03,0.95,observed,supports,,Phase 1 Study of AAV9.LAMP2B Gene Therapy in Danon Disease.,,,
E766f0d8,MONDO:0010281,NCBIGene:3920,caused_by,pubmed,https://pubmed.ncbi.nlm.nih.gov/39556016/,2026-10-03,0.8,extracted,supports,LoF,"Danon disease is a rare, X-linked, monogenic cardiomyopathy caused by mutations in the lysosomal-associated membrane 2 gene (LAMP2)",,review,
Ee942232,MONDO:0010281,MECH:lysosomal_membrane_protein_defect,has_mechanism,pubmed,https://pubmed.ncbi.nlm.nih.gov/39556016/,2026-10-03,0.8,extracted,supports,,"Danon disease is a rare, X-linked, monogenic cardiomyopathy caused by mutations in the lysosomal-associated membrane 2 gene (LAMP2), which encodes the LAMP2 protein.",,review,
Ef11c52b,MONDO:0010281,MECH:cardiomyopathy_storage,has_mechanism,pubmed,https://pubmed.ncbi.nlm.nih.gov/39556016/,2026-10-03,0.7,extracted,supports,,"In male patients, the predominant phenotype is progressive cardiac hypertrophy, cardiac dysfunction, and early death.",,human,
E3a24a4d,MONDO:0010281,INTERVENTION:RP_A501,studied_with,pubmed,https://pubmed.ncbi.nlm.nih.gov/39556016/,2026-10-03,0.8,extracted,supports,,"In this phase 1 study, we evaluated the safety and efficacy of a single infusion of RP-A501, a recombinant adeno-associated virus serotype 9 containing the transgene LAMP2B, which encodes an isoform of LAMP2.",,human,
Ebe8a4af,PMID:39267121,MONDO:0008199,mentions,pubmed,https://pubmed.ncbi.nlm.nih.gov/39267121/,2026-10-03,0.95,observed,supports,,"Clinical, mechanistic, biomarker, and therapeutic advances in GBA1-associated Parkinson's disease.",,,
Ea15cf24,MONDO:0008199,NCBIGene:2629,caused_by,pubmed,https://pubmed.ncbi.nlm.nih.gov/39267121/,2026-10-03,0.8,extracted,supports,LoF,"Mutations in the GBA1 gene lead to reduced activity of the coded enzyme, glucocerebrosidase",,review,
Ece278e5,MONDO:0008199,MECH:lysosomal_enzyme_deficiency,has_mechanism,pubmed,https://pubmed.ncbi.nlm.nih.gov/39267121/,2026-10-03,0.8,extracted,supports,LoF,"Mutations in the GBA1 gene lead to reduced activity of the coded enzyme, glucocerebrosidase",,review,
E0cfd565,MONDO:0008199,MECH:autophagy_defect,has_mechanism,pubmed,https://pubmed.ncbi.nlm.nih.gov/39267121/,2026-10-03,0.72,extracted,supports,,"which mediates the development of PD by affecting lipid metabolism (especially sphingolipids), lysosomal autophagy, endoplasmic reticulum, as well as mitochondrial and other cellular functions.",,review,
Ef38c307,MONDO:0008199,MECH:mitochondrial_dysfunction,has_mechanism,pubmed,https://pubmed.ncbi.nlm.nih.gov/39267121/,2026-10-03,0.72,extracted,supports,,"which mediates the development of PD by affecting lipid metabolism (especially sphingolipids), lysosomal autophagy, endoplasmic reticulum, as well as mitochondrial and other cellular functions.",,review,
E80f2037,PMID:36598340,MONDO:0008199,mentions,pubmed,https://pubmed.ncbi.nlm.nih.gov/36598340/,2026-10-03,0.95,observed,supports,,Classification of GBA1 Variants in Parkinson's Disease: The GBA1-PD Browser.,,,
Efe66196,MONDO:0008199,NCBIGene:2629,caused_by,pubmed,https://pubmed.ncbi.nlm.nih.gov/36598340/,2026-10-03,0.8,extracted,supports,,GBA1 variants are among the most common genetic risk factors for Parkinson's disease (PD).,,review,
E3114b87,PMID:34151863,MONDO:0008199,mentions,pubmed,https://pubmed.ncbi.nlm.nih.gov/34151863/,2026-10-03,0.95,observed,supports,,Gene Therapy for Parkinson's Disease Associated with GBA1 Mutations.,,,
E9d123ea,MONDO:0008199,MECH:lysosomal_dysfunction,has_mechanism,pubmed,https://pubmed.ncbi.nlm.nih.gov/34151863/,2026-10-03,0.8,extracted,supports,,Human genetic studies as well as studies in animal models indicate that lysosomal dysfunction plays a key role in the pathogenesis of Parkinson's disease.,,review,
E5983b49,MONDO:0008199,NCBIGene:2629,caused_by,pubmed,https://pubmed.ncbi.nlm.nih.gov/34151863/,2026-10-03,0.8,extracted,supports,LoF,"Among the lysosomal genes involved, GBA1 has the largest impact on Parkinson's disease risk.",,review,
E2361d59,MONDO:0008199,MECH:lysosomal_enzyme_deficiency,has_mechanism,pubmed,https://pubmed.ncbi.nlm.nih.gov/34151863/,2026-10-03,0.8,extracted,supports,LoF,"Deficiency in the GBA1 encoded enzyme glucocerebrosidase (GCase) leads to the accumulation of the GCase glycolipid substrates glucosylceramide and glucosylsphingosine and ultimately results in toxicity and inflammation and negatively affect many clinical aspects of Parkinson's disease, including",,review,
E8b12886,MONDO:0008199,MECH:substrate_storage_glycosphingolipid,has_mechanism,pubmed,https://pubmed.ncbi.nlm.nih.gov/34151863/,2026-10-03,0.8,extracted,supports,,"Deficiency in the GBA1 encoded enzyme glucocerebrosidase (GCase) leads to the accumulation of the GCase glycolipid substrates glucosylceramide and glucosylsphingosine and ultimately results in toxicity and inflammation and negatively affect many clinical aspects of Parkinson's disease, including",,review,
Eaef5fc0,MONDO:0008199,INTERVENTION:PR001,studied_with,pubmed,https://pubmed.ncbi.nlm.nih.gov/34151863/,2026-10-03,0.8,extracted,supports,,"Studies in mouse models indicate that PR001, a AAV9 vector-based gene therapy designed to deliver a functional GBA1 gene to the brain, suggest that this therapeutic approach may slow or stop disease progression.",,animal_model,
Ed4aee4a,PMID:39927608,MONDO:0008199,mentions,pubmed,https://pubmed.ncbi.nlm.nih.gov/39927608/,2026-10-03,0.95,observed,supports,,Classification and Genotype-Phenotype Relationships of GBA1 Variants: MDSGene Systematic Review.,,,
E2709a66,MONDO:0008199,NCBIGene:2629,caused_by,pubmed,https://pubmed.ncbi.nlm.nih.gov/39927608/,2026-10-03,0.8,extracted,supports,,"different variants in the GBA1 gene can cause Parkinson's disease (PD, PARK-GBA1) with reduced penetrance, act as genetic risk factors for PD or parkinsonism, and/or lead to Gaucher's disease (GD).",,review,
E432ee6e,MONDO:0008199,INTERVENTION:levodopa,studied_with,pubmed,https://pubmed.ncbi.nlm.nih.gov/39927608/,2026-10-03,0.8,extracted,supports,,"Most GD patients developing PD harbored the ""N409S"" variant, were of Ashkenazi Jewish ethnicity, and showed a positive response to chronic levodopa treatment.",,human,
Ec8ebf1e,MONDO:0008199,INTERVENTION:surgical_treatment,studied_with,pubmed,https://pubmed.ncbi.nlm.nih.gov/39927608/,2026-10-03,0.5,extracted,supports,,"Cognitive decline was reported in most patients after surgical treatment, despite achieving a beneficial motor function response.",,human,
Efbb0141,PMID:33753743,MONDO:0008199,mentions,pubmed,https://pubmed.ncbi.nlm.nih.gov/33753743/,2026-10-03,0.95,observed,supports,,Dysregulation of mitochondria-lysosome contacts by GBA1 dysfunction in dopaminergic neuronal models of Parkinson's disease.,,,
Eb737bb6,MONDO:0008199,NCBIGene:2629,caused_by,pubmed,https://pubmed.ncbi.nlm.nih.gov/33753743/,2026-10-03,0.8,extracted,supports,LoF,Parkinson's disease patient derived neurons harboring mutant GBA1 exhibited prolonged mitochondria-lysosome contacts,,cell_model,
E6d3e762,MONDO:0008199,MECH:lysosomal_enzyme_deficiency,has_mechanism,pubmed,https://pubmed.ncbi.nlm.nih.gov/33753743/,2026-10-03,0.8,extracted,supports,LoF,This dysregulation was due to decreased GBA1 (β-glucocerebrosidase (GCase)) lysosomal enzyme activity in patient derived neurons,,cell_model,
E993affc,MONDO:0008199,MECH:mitochondrial_dysfunction,has_mechanism,pubmed,https://pubmed.ncbi.nlm.nih.gov/33753743/,2026-10-03,0.8,extracted,supports,,These defects resulted in disrupted mitochondrial distribution and function,,cell_model,
Ebbe9d67,MONDO:0008199,INTERVENTION:GCase_modulator,studied_with,pubmed,https://pubmed.ncbi.nlm.nih.gov/33753743/,2026-10-03,0.8,extracted,supports,,could be rescued by increasing enzyme activity with a GCase modulator,,cell_model,
E88797dd,MONDO:0008199,INTERVENTION:TBC1D15,studied_with,pubmed,https://pubmed.ncbi.nlm.nih.gov/33753743/,2026-10-03,0.8,extracted,supports,,could be further rescued by TBC1D15 in Parkinson's patient derived GBA1-linked neurons,,cell_model,
E86287f4,PMID:42127935,MONDO:0008199,mentions,pubmed,https://pubmed.ncbi.nlm.nih.gov/42127935/,2026-10-03,0.95,observed,supports,,"New evidence on the clinical, genetic, and biochemical bases of GBA1-Parkinson's disease: prospects for treatment.",,,
E768cb26,MONDO:0008199,NCBIGene:2629,caused_by,pubmed,https://pubmed.ncbi.nlm.nih.gov/42127935/,2026-10-03,0.8,extracted,supports,,GBA1 variants are common genetic risk factors for Parkinson's disease and also for dementia with Lewy bodies.,,review,
E47cdc53,MONDO:0008199,MECH:alpha_synuclein_aggregation,has_mechanism,pubmed,https://pubmed.ncbi.nlm.nih.gov/42127935/,2026-10-03,0.8,extracted,supports,,GBA1 variants are common genetic risk factors for Parkinson's disease and also for dementia with Lewy bodies.,,review,
Eb6b9add,PMID:38924406,MONDO:0008199,mentions,pubmed,https://pubmed.ncbi.nlm.nih.gov/38924406/,2026-10-03,0.95,observed,supports,,The annotation of GBA1 has been concealed by its protein-coding pseudogene GBAP1.,,,
E6273e91,MONDO:0008199,NCBIGene:2629,caused_by,pubmed,https://pubmed.ncbi.nlm.nih.gov/38924406/,2026-10-03,0.8,extracted,supports,,Mutations in GBA1 cause Gaucher disease and are the most important genetic risk factor for Parkinson's disease.,,review,
E17f07ae,PMID:38438297,MONDO:0008199,mentions,pubmed,https://pubmed.ncbi.nlm.nih.gov/38438297/,2026-10-03,0.95,observed,supports,,GBA1-and LRRK2-directed Treatments: The Way Forward.,,,
Ea17b35b,MONDO:0008199,NCBIGene:2629,caused_by,pubmed,https://pubmed.ncbi.nlm.nih.gov/38438297/,2026-10-03,0.8,extracted,supports,,The exact mechanisms by which mutations in these genes cause PD are not fully understood.,,review,
E2a425f2,PMID:40753162,MONDO:0008199,mentions,pubmed,https://pubmed.ncbi.nlm.nih.gov/40753162/,2026-10-03,0.95,observed,supports,,Classification of GBA1 variants and their impact on Parkinson's disease: an in silico score analysis.,,,
E15b3b87,MONDO:0008199,NCBIGene:2629,caused_by,pubmed,https://pubmed.ncbi.nlm.nih.gov/40753162/,2026-10-03,0.8,extracted,supports,,"Bi-allelic pathogenic GBA1 variants cause Gaucher disease (GD), whereas certain heterozygous missense variants increase the risk of Parkinson's disease (PD), although the underlying mechanisms are unclear.",,human,
E6014504,MONDO:0008199,MECH:other,has_mechanism,pubmed,https://pubmed.ncbi.nlm.nih.gov/40753162/,2026-10-03,0.5,extracted,supports,,"impaired SapC interactions, in addition to reduced activity, may contribute to PD severity in GBA1 variant carriers.",,human,
E187cc28,PMID:38976650,MONDO:0008199,mentions,pubmed,https://pubmed.ncbi.nlm.nih.gov/38976650/,2026-10-03,0.95,observed,supports,,"Gba1 E326K renders motor and non-motor symptoms with pathological α-synuclein, tau and glial activation.",,,
Ec7726e8,MONDO:0008199,NCBIGene:2629,caused_by,pubmed,https://pubmed.ncbi.nlm.nih.gov/38976650/,2026-10-03,0.8,extracted,supports,LoF,"Mutations in the GBA1 gene are common genetic risk factors for Parkinson's disease, disrupting enzymatic activity and causing lysosomal dysfunction, leading to elevated α-synuclein levels.",,review,
Ec180f15,MONDO:0008199,MECH:lysosomal_enzyme_deficiency,has_mechanism,pubmed,https://pubmed.ncbi.nlm.nih.gov/38976650/,2026-10-03,0.8,extracted,supports,LoF,"Mutations in the GBA1 gene are common genetic risk factors for Parkinson's disease, disrupting enzymatic activity and causing lysosomal dysfunction, leading to elevated α-synuclein levels.",,review,
Eb9285bb,MONDO:0008199,MECH:substrate_storage_glycosphingolipid,has_mechanism,pubmed,https://pubmed.ncbi.nlm.nih.gov/38976650/,2026-10-03,0.8,extracted,supports,,"At 24 months, Gba1 E326K knock-in mice showed reduced glucocerebrosidase enzymatic activity and glucosylceramide build-up in the ventral midbrain and hippocampus.",,animal_model,
E725f8b1,MONDO:0008199,MECH:alpha_synuclein_aggregation,has_mechanism,pubmed,https://pubmed.ncbi.nlm.nih.gov/38976650/,2026-10-03,0.8,extracted,supports,,"Gut inoculation of α-synuclein preformed fibrils increased Lewy body accumulation in the hippocampal dentate gyrus, with heightened microglia and astrocyte activation and worsened non-motor symptoms.",,animal_model,
E950825f,MONDO:0008199,MECH:neuroinflammation,has_mechanism,pubmed,https://pubmed.ncbi.nlm.nih.gov/38976650/,2026-10-03,0.8,extracted,supports,,Increased pro-inflammatory cytokines and reactive astrocytes were observed in microglia and astrocytes from Gba1 E326K mice treated with pathological α-synuclein preformed fibrils.,,cell_model,
Ee86f619,PMID:39331775,MONDO:0010726,mentions,pubmed,https://pubmed.ncbi.nlm.nih.gov/39331775/,2026-10-03,0.95,observed,supports,,[Rett syndrome: from pathophysiology to developments in treatment].,,,
E43eb216,MONDO:0010726,NCBIGene:4204,caused_by,pubmed,https://pubmed.ncbi.nlm.nih.gov/39331775/,2026-10-03,0.8,extracted,supports,,Rett Syndrome (RTT) is a neurodevelopment disorder which primarily affects females and is caused by pathogenic variants in the MECP2 gene.,,review,
E0d3f895,PMID:7620591,MONDO:0010726,mentions,pubmed,https://pubmed.ncbi.nlm.nih.gov/7620591/,2026-10-03,0.95,observed,supports,,Rett syndrome.,,,
Ef12e594,PMID:12975709,MONDO:0010726,mentions,pubmed,https://pubmed.ncbi.nlm.nih.gov/12975709/,2026-10-03,0.95,observed,supports,,[Rett syndrome].,,,
E5e41169,PMID:35250460,MONDO:0010726,mentions,pubmed,https://pubmed.ncbi.nlm.nih.gov/35250460/,2026-10-03,0.95,observed,supports,,Excitation and Inhibition Imbalance in Rett Syndrome.,,,
E60b5855,MONDO:0010726,NCBIGene:4204,caused_by,pubmed,https://pubmed.ncbi.nlm.nih.gov/35250460/,2026-10-03,0.8,extracted,supports,LoF,is caused by loss-of-function mutations in the Methyl-CpG-binding Protein-2 (Mecp2) gene.,,review,
Ee884043,MONDO:0010726,MECH:synaptic_dysfunction,has_mechanism,pubmed,https://pubmed.ncbi.nlm.nih.gov/35250460/,2026-10-03,0.8,extracted,supports,,"E/I imbalance is recognized as the leading cellular and synaptic hallmark that is fundamental to diverse RTT neurological symptoms, including stereotypic hand movements, impaired motor coordination, breathing irregularities, seizures, and learning/memory dysfunctions.",,review,
Ee3f83ee,PMID:38391695,MONDO:0010726,mentions,pubmed,https://pubmed.ncbi.nlm.nih.gov/38391695/,2026-10-03,0.95,observed,supports,,Rett Syndrome and the Role of MECP2: Signaling to Clinical Trials.,,,
Ed634190,MONDO:0010726,NCBIGene:4204,caused_by,pubmed,https://pubmed.ncbi.nlm.nih.gov/38391695/,2026-10-03,0.8,extracted,supports,,"In total, 95% of Rett syndrome cases are due to mutations in the MECP2 gene, an X-linked gene that encodes for the methyl CpG binding protein, a regulator of gene expression.",,review,
E499863b,MONDO:0010726,MECH:transcriptional_regulation_defect,has_mechanism,pubmed,https://pubmed.ncbi.nlm.nih.gov/38391695/,2026-10-03,0.8,extracted,supports,,"In total, 95% of Rett syndrome cases are due to mutations in the MECP2 gene, an X-linked gene that encodes for the methyl CpG binding protein, a regulator of gene expression.",,review,
E515a96d,PMID:34209228,MONDO:0010726,mentions,pubmed,https://pubmed.ncbi.nlm.nih.gov/34209228/,2026-10-03,0.95,observed,supports,,Transcriptomic and Epigenomic Landscape in Rett Syndrome.,,,
E075bb94,MONDO:0010726,NCBIGene:4204,caused_by,pubmed,https://pubmed.ncbi.nlm.nih.gov/34209228/,2026-10-03,0.8,extracted,supports,,"The vast majority of RTT cases are caused by de novo mutations in the X-linked Methyl-CpG binding protein 2 (MECP2) gene, which encodes a multifunctional reader of methylated DNA.",,review,
E6e7e37a,MONDO:0010726,MECH:transcriptional_regulation_defect,has_mechanism,pubmed,https://pubmed.ncbi.nlm.nih.gov/34209228/,2026-10-03,0.8,extracted,supports,,"In this frame, it is conceivable that defects in such a multifaceted factor as MeCP2 lead to large-scale alterations of the epigenome, ranging from an unbalanced deposition of epigenetic modifications to a transcriptional alteration of both protein-coding and non-coding genes, with critical",,review,
Ea89da3d,PMID:12928486,MONDO:0010726,mentions,pubmed,https://pubmed.ncbi.nlm.nih.gov/12928486/,2026-10-03,0.95,observed,supports,,DNA methylation and Rett syndrome.,,,
E19525f3,MONDO:0010726,NCBIGene:4204,caused_by,pubmed,https://pubmed.ncbi.nlm.nih.gov/12928486/,2026-10-03,0.8,extracted,supports,LoF,"Rett syndrome is a neurological disorder caused by mutations in the MeCP2 protein, which has been shown to bind methylated DNA and repress transcription.",,review,
Ea777cdb,MONDO:0010726,MECH:transcriptional_regulation_defect,has_mechanism,pubmed,https://pubmed.ncbi.nlm.nih.gov/12928486/,2026-10-03,0.8,extracted,supports,LoF,"Rett syndrome is a neurological disorder caused by mutations in the MeCP2 protein, which has been shown to bind methylated DNA and repress transcription.",,review,
Ee842c9b,PMID:34867203,MONDO:0010726,mentions,pubmed,https://pubmed.ncbi.nlm.nih.gov/34867203/,2026-10-03,0.95,observed,supports,,Rett Syndrome and Fragile X Syndrome: Different Etiology With Common Molecular Dysfunctions.,,,
E69a251f,MONDO:0010726,NCBIGene:4204,caused_by,pubmed,https://pubmed.ncbi.nlm.nih.gov/34867203/,2026-10-03,0.8,extracted,supports,LoF,RTT is caused by mutations in the Methyl-CpG binding protein 2 gene (MECP2) altering the function of its protein product MeCP2.,,review,
Eb2d00d1,MONDO:0010726,MECH:transcriptional_regulation_defect,has_mechanism,pubmed,https://pubmed.ncbi.nlm.nih.gov/34867203/,2026-10-03,0.8,extracted,supports,,"MeCP2 modulates gene expression by binding methylated CpG dinucleotides, and by interacting with transcription factors.",,review,
E53e2c3c,MONDO:0010726,MECH:synaptic_dysfunction,has_mechanism,pubmed,https://pubmed.ncbi.nlm.nih.gov/34867203/,2026-10-03,0.8,extracted,supports,,we discuss the mechanisms of synaptic function and plasticity altered in RTT and FXS,,review,
E221b4c2,PMID:31273722,MONDO:0010726,mentions,pubmed,https://pubmed.ncbi.nlm.nih.gov/31273722/,2026-10-03,0.95,observed,supports,,MeCP2 Dysfunction in Rett Syndrome and Neuropsychiatric Disorders.,,,
E3b2a44f,MONDO:0010726,NCBIGene:4204,caused_by,pubmed,https://pubmed.ncbi.nlm.nih.gov/31273722/,2026-10-03,0.8,extracted,supports,,"One such gene is methyl-CpG-binding protein 2 (MECP2), which has been most prominently associated with the neurodevelopmental disorder Rett syndrome",,review,
E47608a9,MONDO:0010726,MECH:transcriptional_regulation_defect,has_mechanism,pubmed,https://pubmed.ncbi.nlm.nih.gov/31273722/,2026-10-03,0.7,extracted,supports,,"Being initially identified as a transcriptional regulator that modulates gene expression and subsequently also shown to be involved in other molecular events, dysfunction of the MeCP2 protein has the potential to affect many cellular processes.",,review,
Ec7e1930,PMID:29185709,MONDO:0010726,mentions,pubmed,https://pubmed.ncbi.nlm.nih.gov/29185709/,2026-10-03,0.95,observed,supports,,Rett Syndrome: A Genetic Update and Clinical Review Focusing on Comorbidities.,,,
E27a3d6e,PMID:32717791,MONDO:0010679,mentions,pubmed,https://pubmed.ncbi.nlm.nih.gov/32717791/,2026-10-03,0.95,observed,supports,,Therapeutic Strategies for Duchenne Muscular Dystrophy: An Update.,,,
E569d7fc,MONDO:0010679,NCBIGene:1756,caused_by,pubmed,https://pubmed.ncbi.nlm.nih.gov/32717791/,2026-10-03,0.8,extracted,supports,LoF,"Duchenne muscular dystrophy (DMD), is caused by mutations in the X-linked dystrophin gene.",,review,
E0233056,MONDO:0010679,MECH:dystrophin_loss,has_mechanism,pubmed,https://pubmed.ncbi.nlm.nih.gov/32717791/,2026-10-03,0.8,extracted,supports,LoF,"Loss of dystrophin protein leads to recurrent myofiber damage, chronic inflammation, progressive fibrosis, and dysfunction of muscle stem cells.",,review,
E08d44f3,MONDO:0010679,INTERVENTION:dystrophin_restoration,studied_with,pubmed,https://pubmed.ncbi.nlm.nih.gov/32717791/,2026-10-03,0.65,extracted,supports,,"Here, we review the current status of DMD pathogenesis and therapy, focusing on mutational spectrum, diagnosis tools, clinical trials, and therapeutic approaches including dystrophin restoration, gene therapy, and myogenic cell transplantation.",,review,
Eb2b9315,MONDO:0010679,INTERVENTION:gene_therapy,studied_with,pubmed,https://pubmed.ncbi.nlm.nih.gov/32717791/,2026-10-03,0.65,extracted,supports,,"Here, we review the current status of DMD pathogenesis and therapy, focusing on mutational spectrum, diagnosis tools, clinical trials, and therapeutic approaches including dystrophin restoration, gene therapy, and myogenic cell transplantation.",,review,
Ef40aaed,MONDO:0010679,INTERVENTION:myogenic_cell_transplantation,studied_with,pubmed,https://pubmed.ncbi.nlm.nih.gov/32717791/,2026-10-03,0.65,extracted,supports,,"Here, we review the current status of DMD pathogenesis and therapy, focusing on mutational spectrum, diagnosis tools, clinical trials, and therapeutic approaches including dystrophin restoration, gene therapy, and myogenic cell transplantation.",,review,
E55be631,PMID:34417099,MONDO:0010679,mentions,pubmed,https://pubmed.ncbi.nlm.nih.gov/34417099/,2026-10-03,0.95,observed,supports,,[Update on Duchenne muscular dystrophy].,,,
Ed3763d1,MONDO:0010679,INTERVENTION:corticosteroids,studied_with,pubmed,https://pubmed.ncbi.nlm.nih.gov/34417099/,2026-10-03,0.75,extracted,supports,,"There is no treatment that modifies its evolution, although corticosteroids and new gene therapies are increasing the half-life of this disease.",,review,
E1bbc01b,PMID:40581438,MONDO:0010679,mentions,pubmed,https://pubmed.ncbi.nlm.nih.gov/40581438/,2026-10-03,0.95,observed,supports,,Treatment Guidelines and Rehabilitation in Spinal Muscular Atrophy and Duchenne's Muscular Dystrophy.,,,
E68c685d,PMID:38408879,MONDO:0010679,mentions,pubmed,https://pubmed.ncbi.nlm.nih.gov/38408879/,2026-10-03,0.95,observed,supports,,HDAC inhibitors as pharmacological treatment for Duchenne muscular dystrophy: a discovery journey from bench to patients.,,,
E0077550,MONDO:0010679,MECH:other,has_mechanism,pubmed,https://pubmed.ncbi.nlm.nih.gov/38408879/,2026-10-03,0.5,extracted,supports,,"Further identification of constitutive HDAC activation in dystrophin-deficient muscles, caused by dysregulated nitric oxide (NO) signaling, provided the rationale for HDACi-based therapeutic interventions for Duchenne muscular dystrophy (DMD).",,review,
E28050b6,MONDO:0010679,INTERVENTION:HDAC_inhibitors,studied_with,pubmed,https://pubmed.ncbi.nlm.nih.gov/38408879/,2026-10-03,0.8,extracted,supports,,"In this review, we describe the molecular, preclinical, and clinical evidence supporting the efficacy of HDACis in countering disease progression by targeting pathogenic networks of gene expression in multiple muscle-resident cell types of patients with DMD.",,human,
E53c6013,MONDO:0010679,INTERVENTION:givinostat,studied_with,pubmed,https://pubmed.ncbi.nlm.nih.gov/38408879/,2026-10-03,0.8,extracted,supports,,"Given that givinostat is paving the way for HDACi-based interventions in DMD, next-generation HDACis with optimized therapeutic profiles and efficacy could be also explored for synergistic combinations with other therapeutic strategies.",,review,
E16c9510,PMID:1457273,MONDO:0010679,mentions,pubmed,https://pubmed.ncbi.nlm.nih.gov/1457273/,2026-10-03,0.95,observed,supports,,Duchenne muscular dystrophy.,,,
E456e501,MONDO:0010679,MECH:dystrophin_loss,has_mechanism,pubmed,https://pubmed.ncbi.nlm.nih.gov/1457273/,2026-10-03,0.75,extracted,supports,LoF,"More recently, attention has turned towards acquiring a better understanding of dystrophin biochemistry and the pathophysiologic consequences of dystrophin deficiency.",,review,
E24bfac1,PMID:1840869,MONDO:0010679,mentions,pubmed,https://pubmed.ncbi.nlm.nih.gov/1840869/,2026-10-03,0.95,observed,supports,,Duchenne muscular dystrophy.,,,
E0b7eb61,PMID:35386072,MONDO:0010679,mentions,pubmed,https://pubmed.ncbi.nlm.nih.gov/35386072/,2026-10-03,0.95,observed,supports,,Biomarkers in Duchenne Muscular Dystrophy.,,,
E5945b19,PMID:27603567,MONDO:0010679,mentions,pubmed,https://pubmed.ncbi.nlm.nih.gov/27603567/,2026-10-03,0.95,observed,supports,,Noncoding RNAs and Duchenne muscular dystrophy.,,,
E0050591,MONDO:0010679,MECH:dystrophin_loss,has_mechanism,pubmed,https://pubmed.ncbi.nlm.nih.gov/27603567/,2026-10-03,0.6,extracted,supports,LoF,"Studies investigating the differential expression of miRNAs in biological fluids between DMD patients and models of dystrophin deficiency (the MDX mouse model, canine models of DMD) and controls have been published, as these have a role in fibrosis.",,animal_model,
E43d5b47,PMID:33131659,MONDO:0010679,mentions,pubmed,https://pubmed.ncbi.nlm.nih.gov/33131659/,2026-10-03,0.95,observed,supports,,Lifetime Care of Duchenne Muscular Dystrophy.,,,
E3b71485,PMID:42425062,MONDO:0010679,mentions,pubmed,https://pubmed.ncbi.nlm.nih.gov/42425062/,2026-10-03,0.95,observed,supports,,Rewriting Duchenne muscular dystrophy therapy.,,,
Ef02afed,MONDO:0010679,INTERVENTION:exon_skipping_RNA_editing_based_therapy,studied_with,pubmed,https://pubmed.ncbi.nlm.nih.gov/42425062/,2026-10-03,0.8,extracted,supports,,"In this issue of Cell, Guo et al. report the development of a new exon-skipping, RNA-editing-based therapy for Duchenne muscular dystrophy.",,review,
Ee400f7f,PMID:40018920,MONDO:0008647,mentions,pubmed,https://pubmed.ncbi.nlm.nih.gov/40018920/,2026-10-03,0.95,observed,supports,,Hypertrophic Cardiomyopathy: Genes and Mechanisms.,,,
E53f2d13,MONDO:0008647,NCBIGene:4625,caused_by,pubmed,https://pubmed.ncbi.nlm.nih.gov/40018920/,2026-10-03,0.8,extracted,supports,,"Most cases of HCM are caused by genetic mutations, particularly in the gene encoding cardiac myosin, such as MYH7, TNNT2, and MYBPC3.",,review,
Ec5d393c,PMID:37079208,MONDO:0008647,mentions,pubmed,https://pubmed.ncbi.nlm.nih.gov/37079208/,2026-10-03,0.95,observed,supports,,MYH7 in cardiomyopathy and skeletal muscle myopathy.,,,
E14a5c39,MONDO:0008647,NCBIGene:4625,caused_by,pubmed,https://pubmed.ncbi.nlm.nih.gov/37079208/,2026-10-03,0.8,extracted,supports,,"Myosin heavy chain gene 7 (MYH7), a sarcomeric gene encoding the myosin heavy chain (myosin-7), has attracted considerable interest as a result of its fundamental functions in cardiac and skeletal muscle contraction and numerous nucleotide variations of MYH7 are closely related to cardiomyopathy and",,review,
E1ed33e0,MONDO:0008647,MECH:sarcomere_defect,has_mechanism,pubmed,https://pubmed.ncbi.nlm.nih.gov/37079208/,2026-10-03,0.8,extracted,supports,,"Here, we review the current understanding on MYH7 with the aim to better clarify how mutations in MYH7 affect the structure and physiologic function of sarcomere, thus resulting in cardiomyopathy and skeletal muscle myopathy.",,review,
E66a1622,PMID:34542152,MONDO:0008647,mentions,pubmed,https://pubmed.ncbi.nlm.nih.gov/34542152/,2026-10-03,0.95,observed,supports,,A genome-first approach to rare variants in hypertrophic cardiomyopathy genes MYBPC3 and MYH7 in a medical biobank.,,,
E41fc273,MONDO:0008647,NCBIGene:4625,caused_by,pubmed,https://pubmed.ncbi.nlm.nih.gov/34542152/,2026-10-03,0.8,extracted,supports,,"Pathogenic variants in MYBPC3 and MYH7 are well-known causes of hypertrophic cardiomyopathy (HCM), and focusing on these 'positive control' genes in a genome-first approach could help inform variant selection methods and gene burdening strategies for other genes and diseases.",,human,
Ee328cf0,PMID:37929589,MONDO:0008647,mentions,pubmed,https://pubmed.ncbi.nlm.nih.gov/37929589/,2026-10-03,0.95,observed,supports,,Meta-Analysis of Penetrance and Systematic Review on Transition to Disease in Genetic Hypertrophic Cardiomyopathy.,,,
E94b588b,MONDO:0008647,MECH:sarcomere_defect,has_mechanism,pubmed,https://pubmed.ncbi.nlm.nih.gov/37929589/,2026-10-03,0.8,extracted,supports,,Hypertrophic cardiomyopathy (HCM) is characterized by unexplained left ventricular hypertrophy and is classically caused by pathogenic or likely pathogenic variants (P/LP) in genes encoding sarcomere proteins.,,review,
E819eed6,MONDO:0008647,NCBIGene:4625,caused_by,pubmed,https://pubmed.ncbi.nlm.nih.gov/37929589/,2026-10-03,0.8,extracted,supports,,"Penetrance varied from ≈32% for MYL3 (myosin light chain 3) to ≈55% for MYBPC3 (myosin-binding protein C3), ≈60% for TNNT2 (troponin T2) and TNNI3 (troponin I3), and ≈65% for MYH7 (myosin heavy chain 7).",,review,
E85083c4,PMID:12707239,MONDO:0008647,mentions,pubmed,https://pubmed.ncbi.nlm.nih.gov/12707239/,2026-10-03,0.95,observed,supports,,"Hypertrophic cardiomyopathy: distribution of disease genes, spectrum of mutations, and implications for a molecular diagnosis strategy.",,,
E4c43191,MONDO:0008647,NCBIGene:4625,caused_by,pubmed,https://pubmed.ncbi.nlm.nih.gov/12707239/,2026-10-03,0.8,extracted,supports,,"The cardiac myosin-binding protein C (MYBPC3) and beta-myosin heavy chain (MYH7) genes accounted for 82% of families with identified mutations (42% and 40%, respectively).",,human,
E554f4d5,PMID:36797478,MONDO:0008647,mentions,pubmed,https://pubmed.ncbi.nlm.nih.gov/36797478/,2026-10-03,0.95,observed,supports,,Base editing correction of hypertrophic cardiomyopathy in human cardiomyocytes and humanized mice.,,,
E104959c,MONDO:0008647,NCBIGene:4625,caused_by,pubmed,https://pubmed.ncbi.nlm.nih.gov/36797478/,2026-10-03,0.8,extracted,supports,dominant_negative,The dominant-negative c.1208G>A (p.R403Q) pathogenic variant (PV) in β-myosin (MYH7) is a common and well-studied PV that leads to increased cardiac contractility and HCM onset.,,review,
Eff502cb,MONDO:0008647,MECH:sarcomere_defect,has_mechanism,pubmed,https://pubmed.ncbi.nlm.nih.gov/36797478/,2026-10-03,0.8,extracted,supports,GoF,The dominant-negative c.1208G>A (p.R403Q) pathogenic variant (PV) in β-myosin (MYH7) is a common and well-studied PV that leads to increased cardiac contractility and HCM onset.,,review,
E8e3a5c9,PMID:29121657,MONDO:0008647,mentions,pubmed,https://pubmed.ncbi.nlm.nih.gov/29121657/,2026-10-03,0.95,observed,supports,,Hypertrophic cardiomyopathy clinical phenotype is independent of gene mutation and mutation dosage.,,,
Edaf4fc6,MONDO:0008647,NCBIGene:4625,caused_by,pubmed,https://pubmed.ncbi.nlm.nih.gov/29121657/,2026-10-03,0.8,extracted,supports,,These data provide evidence that MYBPC3 mutations constitute the preeminent cause of HCM and that they are phenotypically indistinguishable from HCM caused by MYH7 mutations.,,human,
E56cde63,PMID:30681346,MONDO:0008647,mentions,pubmed,https://pubmed.ncbi.nlm.nih.gov/30681346/,2026-10-03,0.95,observed,supports,,Evaluating the Clinical Validity of Hypertrophic Cardiomyopathy Genes.,,,
E7d9c4fa,MONDO:0008647,NCBIGene:4625,caused_by,pubmed,https://pubmed.ncbi.nlm.nih.gov/30681346/,2026-10-03,0.8,extracted,supports,,"Of 33 HCM genes, only 8 (24%) were categorized as definitive ( MYBPC3, MYH7, TNNT2, TNNI3, TPM1, ACTC1, MYL2, and MYL3);",,review,
E54e1160,PMID:20301725,MONDO:0008647,mentions,pubmed,https://pubmed.ncbi.nlm.nih.gov/20301725/,2026-10-03,0.95,observed,supports,,Nonsyndromic Hypertrophic Cardiomyopathy Overview.,,,
E43d2f13,PMID:24111713,MONDO:0008647,mentions,pubmed,https://pubmed.ncbi.nlm.nih.gov/24111713/,2026-10-03,0.95,observed,supports,,Genetics of hypertrophic cardiomyopathy in Norway.,,,
E4464894,PMID:28613566,MONDO:0010079,mentions,pubmed,https://pubmed.ncbi.nlm.nih.gov/28613566/,2026-10-03,0.95,observed,supports,,Canavan Disease.,,,
E6ac495a,MONDO:0010079,MECH:demyelination,has_mechanism,pubmed,https://pubmed.ncbi.nlm.nih.gov/28613566/,2026-10-03,0.7,extracted,supports,,"It is associated with the deficiency of an essential enzyme resulting in the loss of white matter in the brain, which subsequently leads to the defective transmission of nerve signals.",,review,
Eab43fa4,MONDO:0010079,NCBIGene:443,caused_by,pubmed,https://pubmed.ncbi.nlm.nih.gov/20301412/,2026-10-03,0.8,extracted,supports,LoF,The molecular diagnosis is established in an individual with suggestive clinical findings and biallelic ASPA pathogenic variants identified by molecular genetic testing.,,review,
E92b34b8,MONDO:0010079,MECH:aspartoacylase_deficiency_naa_accumulation,has_mechanism,pubmed,https://pubmed.ncbi.nlm.nih.gov/20301412/,2026-10-03,0.8,extracted,supports,,The biochemical diagnosis is established in an individual with suggestive clinical findings and elevated N-acetylaspartic acid (NAA) in urine (using gas chromatography-mass spectrometry) or in the brain by proton magnetic resonance spectroscopy.,,review,
Eaa28565,PMID:35636725,MONDO:0010079,mentions,pubmed,https://pubmed.ncbi.nlm.nih.gov/35636725/,2026-10-03,0.95,observed,supports,,"The pathogenesis of, and pharmacological treatment for, Canavan disease.",,,
Ec81ffbe,MONDO:0010079,NCBIGene:443,caused_by,pubmed,https://pubmed.ncbi.nlm.nih.gov/35636725/,2026-10-03,0.8,extracted,supports,LoF,Canavan disease (CD) is an inherited leukodystrophy resulting from mutations in the gene encoding aspartoacylase (ASPA).,,review,
Ed98f8fc,MONDO:0010079,MECH:demyelination,has_mechanism,pubmed,https://pubmed.ncbi.nlm.nih.gov/35636725/,2026-10-03,0.8,extracted,supports,,ASPA deficiency results in dysmyelination and a failure of normal brain development.,,review,
Ef80ae52,PMID:8412017,MONDO:0010079,mentions,pubmed,https://pubmed.ncbi.nlm.nih.gov/8412017/,2026-10-03,0.95,observed,supports,,Canavan disease: biochemical and molecular studies.,,,
E4fe19a2,MONDO:0010079,MECH:aspartoacylase_deficiency_naa_accumulation,has_mechanism,pubmed,https://pubmed.ncbi.nlm.nih.gov/8412017/,2026-10-03,0.8,extracted,supports,LoF,"Deficiency of the enzyme aspartoacylase and the accumulation of N-acetylaspartic acid lead to a severe leukodystrophy and spongy degeneration of the brain, Canavan disease (McKusick 271900).",,review,
E4881c9c,MONDO:0010079,NCBIGene:443,caused_by,pubmed,https://pubmed.ncbi.nlm.nih.gov/8412017/,2026-10-03,0.8,extracted,supports,LoF,"Deficiency of the enzyme aspartoacylase and the accumulation of N-acetylaspartic acid lead to a severe leukodystrophy and spongy degeneration of the brain, Canavan disease (McKusick 271900).",,review,
Ea8682e1,PMID:38582917,MONDO:0010079,mentions,pubmed,https://pubmed.ncbi.nlm.nih.gov/38582917/,2026-10-03,0.95,observed,supports,,Cellular and molecular mechanisms of aspartoacylase and its role in Canavan disease.,,,
E66c3a16,MONDO:0010079,NCBIGene:443,caused_by,pubmed,https://pubmed.ncbi.nlm.nih.gov/38582917/,2026-10-03,0.8,extracted,supports,LoF,"The disease is caused by a deficiency of the cytosolic aspartoacylase (ASPA) enzyme, which catalyzes the hydrolysis of N-acetyl-aspartate (NAA), an abundant brain metabolite, into aspartate and acetate.",,review,
E0a47ece,MONDO:0010079,MECH:aspartoacylase_deficiency_naa_accumulation,has_mechanism,pubmed,https://pubmed.ncbi.nlm.nih.gov/38582917/,2026-10-03,0.8,extracted,supports,LoF,"The disease is caused by a deficiency of the cytosolic aspartoacylase (ASPA) enzyme, which catalyzes the hydrolysis of N-acetyl-aspartate (NAA), an abundant brain metabolite, into aspartate and acetate.",,review,
E1fc7967,MONDO:0010079,MECH:er_stress_misfolding,has_mechanism,pubmed,https://pubmed.ncbi.nlm.nih.gov/38582917/,2026-10-03,0.6,extracted,supports,LoF,"At the molecular level, recent studies have shown that most disease linked ASPA gene variants lead to a structural destabilization and subsequent proteasomal degradation of the ASPA protein variants, and accordingly Canavan disease should in general be considered a protein misfolding disorder.",,review,
E5a5a12c,MONDO:0010079,INTERVENTION:gene_therapy,studied_with,pubmed,https://pubmed.ncbi.nlm.nih.gov/38582917/,2026-10-03,0.7,extracted,supports,,We highlight the importance of high-throughput technologies and computational prediction tools for making genotype-phenotype predictions as we await the results of ongoing trials with gene therapy for Canavan disease.,,review,
E204e346,PMID:24977939,MONDO:0010079,mentions,pubmed,https://pubmed.ncbi.nlm.nih.gov/24977939/,2026-10-03,0.95,observed,supports,,Canavan disease: clinical features and recent advances in research.,,,
E2d48154,MONDO:0010079,NCBIGene:443,caused_by,pubmed,https://pubmed.ncbi.nlm.nih.gov/24977939/,2026-10-03,0.8,extracted,supports,LoF,"CD is characterized by mutations in the gene encoding aspartoacylase (ASPA), the substrate enzyme that hydrolyzes N-acetylaspartic acid (NAA) to acetate and aspartate.",,review,
Efc1f912,MONDO:0010079,MECH:aspartoacylase_deficiency_naa_accumulation,has_mechanism,pubmed,https://pubmed.ncbi.nlm.nih.gov/24977939/,2026-10-03,0.8,extracted,supports,LoF,"CD is characterized by mutations in the gene encoding aspartoacylase (ASPA), the substrate enzyme that hydrolyzes N-acetylaspartic acid (NAA) to acetate and aspartate.",,review,
E7cd3f82,MONDO:0010079,MECH:demyelination,has_mechanism,pubmed,https://pubmed.ncbi.nlm.nih.gov/24977939/,2026-10-03,0.8,extracted,supports,,Canavan disease (CD) is a genetic neurodegenerative leukodystrophy that results in the spongy degeneration of white matter in the brain.,,review,
Ead84f3a,MONDO:0010079,INTERVENTION:dietary_supplements,studied_with,pubmed,https://pubmed.ncbi.nlm.nih.gov/24977939/,2026-10-03,0.65,extracted,supports,,"Although there is currently no curative therapy for CD, dietary supplements are candidates that may retard the progression of the symptoms associated with CD.",,review,
Ed1c7dc3,PMID:10227683,MONDO:0010079,mentions,pubmed,https://pubmed.ncbi.nlm.nih.gov/10227683/,2026-10-03,0.95,observed,supports,,Biochemistry and molecular biology of Canavan disease.,,,
Ea37fb47,MONDO:0010079,INTERVENTION:knockout_mouse,studied_with,pubmed,https://pubmed.ncbi.nlm.nih.gov/10227683/,2026-10-03,0.8,extracted,supports,,Work is underway in our laboratory to develop a knock-out mouse for Canavan disease for understanding of the pathophysiology of this disease and formulating gene therapy.,,animal_model,
E78345b9,PMID:10464621,MONDO:0010079,mentions,pubmed,https://pubmed.ncbi.nlm.nih.gov/10464621/,2026-10-03,0.95,observed,supports,,Canavan disease: diagnosis and molecular analysis.,,,
Ee1b6226,MONDO:0010079,MECH:aspartoacylase_deficiency_naa_accumulation,has_mechanism,pubmed,https://pubmed.ncbi.nlm.nih.gov/10464621/,2026-10-03,0.8,extracted,supports,LoF,"The biochemical marker for this disease is increased levels of N-acetylaspartic acid, due to the defective enzyme, aspartoacylase.",,review,
E1c95f65,MONDO:0010079,NCBIGene:443,caused_by,pubmed,https://pubmed.ncbi.nlm.nih.gov/10464621/,2026-10-03,0.8,extracted,supports,LoF,The gene for aspartoacylase has been cloned and two mutations have been found to be responsible for Canavan disease among Ashkenazi Jewish patients in 98% of the cases.,,review,
E08cac6f,PMID:16647192,MONDO:0010079,mentions,pubmed,https://pubmed.ncbi.nlm.nih.gov/16647192/,2026-10-03,0.95,observed,supports,,Canavan disease and the role of N-acetylaspartate in myelin synthesis.,,,
Ead5ba8f,MONDO:0010079,NCBIGene:443,caused_by,pubmed,https://pubmed.ncbi.nlm.nih.gov/16647192/,2026-10-03,0.8,extracted,supports,LoF,"Canavan disease (CD) is an autosomal-recessive neurodegenerative disorder caused by inactivation of the enzyme aspartoacylase (ASPA, EC 3.5.1.15) due to mutations.",,review,
E8db298c,MONDO:0010079,MECH:aspartoacylase_deficiency_naa_accumulation,has_mechanism,pubmed,https://pubmed.ncbi.nlm.nih.gov/16647192/,2026-10-03,0.8,extracted,supports,,"ASPA releases acetate by deacetylation of N-acetylaspartate (NAA), a highly abundant amino acid derivative in the central nervous system.",,review,
E4d4cf6f,PMID:12108830,MONDO:0010079,mentions,pubmed,https://pubmed.ncbi.nlm.nih.gov/12108830/,2026-10-03,0.95,observed,supports,,Canavan disease prenatal diagnosis and genetic counseling.,,,
E80ea2ad,ORG:Cure_Sanfilippo_Foundation,MONDO:0009655,studies,web,https://rarediseases.org/organizations/cure-sanfilippo-foundation/,2026-10-03,0.7,extracted,supports,,The mission of the Cure Sanfilippo Foundation is to advocate for and fund research directed toward a cure or treatment options for children with Sanfilippo Syndrome; a rapidly degenerative and fatal disease in children.,,,
Ea7a71e3,ORG:Cure_Sanfilippo_Foundation,MONDO:0009656,studies,web,https://rarediseases.org/organizations/cure-sanfilippo-foundation/,2026-10-03,0.7,extracted,supports,,The mission of the Cure Sanfilippo Foundation is to advocate for and fund research directed toward a cure or treatment options for children with Sanfilippo Syndrome; a rapidly degenerative and fatal disease in children.,,,
E8303439,ORG:Cure_Sanfilippo_Foundation,MONDO:0009657,studies,web,https://rarediseases.org/organizations/cure-sanfilippo-foundation/,2026-10-03,0.7,extracted,supports,,The mission of the Cure Sanfilippo Foundation is to advocate for and fund research directed toward a cure or treatment options for children with Sanfilippo Syndrome; a rapidly degenerative and fatal disease in children.,,,
E6c5b837,ORG:Cure_Sanfilippo_Foundation,MONDO:0009658,studies,web,https://rarediseases.org/organizations/cure-sanfilippo-foundation/,2026-10-03,0.7,extracted,supports,,The mission of the Cure Sanfilippo Foundation is to advocate for and fund research directed toward a cure or treatment options for children with Sanfilippo Syndrome; a rapidly degenerative and fatal disease in children.,,,
E12be793,ORG:Cure_Sanfilippo_Foundation,COUNTRY:US,based_in,web,https://rarediseases.org/organizations/cure-sanfilippo-foundation/,2026-10-03,0.7,extracted,supports,,The mission of the Cure Sanfilippo Foundation is to advocate for and fund research directed toward a cure or treatment options for children with Sanfilippo Syndrome; a rapidly degenerative and fatal disease in children.,,,
Eb6b5ea1,ORG:Sanfilippo_Children_s_Foundation,MONDO:0009655,studies,web,https://www.sanfilippo.org.au/about-us/our-purpose,2026-10-03,0.7,extracted,supports,,The purpose of the Sanfilippo Children's Foundation is to drive research for a world without Sanfilippo syndrome.,,,
Ed536e8b,ORG:Sanfilippo_Children_s_Foundation,MONDO:0009656,studies,web,https://www.sanfilippo.org.au/about-us/our-purpose,2026-10-03,0.7,extracted,supports,,The purpose of the Sanfilippo Children's Foundation is to drive research for a world without Sanfilippo syndrome.,,,
E1058e71,ORG:Sanfilippo_Children_s_Foundation,MONDO:0009657,studies,web,https://www.sanfilippo.org.au/about-us/our-purpose,2026-10-03,0.7,extracted,supports,,The purpose of the Sanfilippo Children's Foundation is to drive research for a world without Sanfilippo syndrome.,,,
Ea9e9baf,ORG:Sanfilippo_Children_s_Foundation,MONDO:0009658,studies,web,https://www.sanfilippo.org.au/about-us/our-purpose,2026-10-03,0.7,extracted,supports,,The purpose of the Sanfilippo Children's Foundation is to drive research for a world without Sanfilippo syndrome.,,,
Ea781b26,ORG:Sanfilippo_Children_s_Foundation,COUNTRY:AU,based_in,web,https://www.sanfilippo.org.au/about-us/our-purpose,2026-10-03,0.7,extracted,supports,,The purpose of the Sanfilippo Children's Foundation is to drive research for a world without Sanfilippo syndrome.,,,
E74da709,ORG:Sanfilippo_Children_s_Foundation,ASSET:Patient_Registry,runs,web,https://www.sanfilippo.org.au/about-us/our-purpose,2026-10-03,0.7,extracted,supports,,Patient Registry,,,
E10d7132,ORG:MPS_Society,MONDO:0009655,studies,web,https://mpssociety.org.uk/conditions/mps-conditions/mps-iii-sanfilippo,2026-10-03,0.7,extracted,supports,,UK MPS Society welcomes FDA approval of UX111 for MPS IIIA,,,
Ea8aa518,ORG:MPS_Society,MONDO:0009656,studies,web,https://mpssociety.org.uk/conditions/mps-conditions/mps-iii-sanfilippo,2026-10-03,0.7,extracted,supports,,UK MPS Society welcomes FDA approval of UX111 for MPS IIIA,,,
Ed9f5fc4,ORG:MPS_Society,MONDO:0009657,studies,web,https://mpssociety.org.uk/conditions/mps-conditions/mps-iii-sanfilippo,2026-10-03,0.7,extracted,supports,,UK MPS Society welcomes FDA approval of UX111 for MPS IIIA,,,
Ea02bec7,ORG:MPS_Society,MONDO:0009658,studies,web,https://mpssociety.org.uk/conditions/mps-conditions/mps-iii-sanfilippo,2026-10-03,0.7,extracted,supports,,UK MPS Society welcomes FDA approval of UX111 for MPS IIIA,,,
E7291dc8,ORG:MPS_Society,MONDO:0011758,studies,web,https://mpssociety.org.uk/conditions/mps-conditions/mps-iii-sanfilippo,2026-10-03,0.7,extracted,supports,,UK MPS Society welcomes FDA approval of UX111 for MPS IIIA,,,
E1f5a006,ORG:MPS_Society,MONDO:0010674,studies,web,https://mpssociety.org.uk/conditions/mps-conditions/mps-iii-sanfilippo,2026-10-03,0.7,extracted,supports,,UK MPS Society welcomes FDA approval of UX111 for MPS IIIA,,,
E040d968,ORG:MPS_Society,MONDO:0009265,studies,web,https://mpssociety.org.uk/conditions/mps-conditions/mps-iii-sanfilippo,2026-10-03,0.7,extracted,supports,,UK MPS Society welcomes FDA approval of UX111 for MPS IIIA,,,
Ea5b7539,ORG:MPS_Society,MONDO:0010526,studies,web,https://mpssociety.org.uk/conditions/mps-conditions/mps-iii-sanfilippo,2026-10-03,0.7,extracted,supports,,UK MPS Society welcomes FDA approval of UX111 for MPS IIIA,,,
E1dfdb85,ORG:MPS_Society,MONDO:0009591,studies,web,https://mpssociety.org.uk/conditions/mps-conditions/mps-iii-sanfilippo,2026-10-03,0.7,extracted,supports,,UK MPS Society welcomes FDA approval of UX111 for MPS IIIA,,,
Ea783cbc,ORG:MPS_Society,MONDO:0009260,studies,web,https://mpssociety.org.uk/conditions/mps-conditions/mps-iii-sanfilippo,2026-10-03,0.7,extracted,supports,,UK MPS Society welcomes FDA approval of UX111 for MPS IIIA,,,
Ef1a1063,ORG:MPS_Society,COUNTRY:GB,based_in,web,https://mpssociety.org.uk/conditions/mps-conditions/mps-iii-sanfilippo,2026-10-03,0.7,extracted,supports,,UK MPS Society welcomes FDA approval of UX111 for MPS IIIA,,,
E2fbfe1f,ORG:Team_Sanfilippo_Foundation,MONDO:0009655,studies,web,https://teamsanfilippo.org/,2026-10-03,0.7,extracted,supports,,Team Sanfilippo is a nonprofit foundation dedicated to funding research and supporting families affected by Sanfilippo Syndrome.,,,
E0ca79ae,ORG:Team_Sanfilippo_Foundation,MONDO:0009656,studies,web,https://teamsanfilippo.org/,2026-10-03,0.7,extracted,supports,,Team Sanfilippo is a nonprofit foundation dedicated to funding research and supporting families affected by Sanfilippo Syndrome.,,,
Ed18299e,ORG:Team_Sanfilippo_Foundation,MONDO:0009657,studies,web,https://teamsanfilippo.org/,2026-10-03,0.7,extracted,supports,,Team Sanfilippo is a nonprofit foundation dedicated to funding research and supporting families affected by Sanfilippo Syndrome.,,,
E0c9c01e,ORG:Team_Sanfilippo_Foundation,MONDO:0009658,studies,web,https://teamsanfilippo.org/,2026-10-03,0.7,extracted,supports,,Team Sanfilippo is a nonprofit foundation dedicated to funding research and supporting families affected by Sanfilippo Syndrome.,,,
E4f8d46d,ORG:Team_Sanfilippo_Foundation,COUNTRY:US,based_in,web,https://teamsanfilippo.org/,2026-10-03,0.7,extracted,supports,,Team Sanfilippo is a nonprofit foundation dedicated to funding research and supporting families affected by Sanfilippo Syndrome.,,,
E211dd58,ORG:Fundación_Stop_Sanfilippo,MONDO:0009655,studies,web,https://www.stopsanfilippo.org/,2026-10-03,0.7,extracted,supports,,Investigamos para encontrar un tratamiento para el síndrome de Sanfilippo,,,
Ef7823d0,ORG:Fundación_Stop_Sanfilippo,MONDO:0009656,studies,web,https://www.stopsanfilippo.org/,2026-10-03,0.7,extracted,supports,,Investigamos para encontrar un tratamiento para el síndrome de Sanfilippo,,,
Ebc651dd,ORG:Fundación_Stop_Sanfilippo,MONDO:0009657,studies,web,https://www.stopsanfilippo.org/,2026-10-03,0.7,extracted,supports,,Investigamos para encontrar un tratamiento para el síndrome de Sanfilippo,,,
E70e86a1,ORG:Fundación_Stop_Sanfilippo,MONDO:0009658,studies,web,https://www.stopsanfilippo.org/,2026-10-03,0.7,extracted,supports,,Investigamos para encontrar un tratamiento para el síndrome de Sanfilippo,,,
Efa89fa7,ORG:Fundación_Stop_Sanfilippo,COUNTRY:ES,based_in,web,https://www.stopsanfilippo.org/,2026-10-03,0.7,extracted,supports,,Investigamos para encontrar un tratamiento para el síndrome de Sanfilippo,,,
E7da35d8,ORG:Fundación_Stop_Sanfilippo,ASSET:Registro_de_pacientes,runs,web,https://www.stopsanfilippo.org/,2026-10-03,0.7,extracted,supports,,Registro de pacientes,,,
E1f2ae8c,ORG:Stichting_Sanfilippo_Fonds,MONDO:0009655,studies,web,https://sanfilippofonds.nl/,2026-10-03,0.7,extracted,supports,,Stichting Sanfilippo Fonds wil daaraan vanuit Nederland zorgvuldig bijdragen.,,,
E7fe60f3,ORG:Stichting_Sanfilippo_Fonds,MONDO:0009656,studies,web,https://sanfilippofonds.nl/,2026-10-03,0.7,extracted,supports,,Stichting Sanfilippo Fonds wil daaraan vanuit Nederland zorgvuldig bijdragen.,,,
Ee99b85b,ORG:Stichting_Sanfilippo_Fonds,MONDO:0009657,studies,web,https://sanfilippofonds.nl/,2026-10-03,0.7,extracted,supports,,Stichting Sanfilippo Fonds wil daaraan vanuit Nederland zorgvuldig bijdragen.,,,
E60d2e90,ORG:Stichting_Sanfilippo_Fonds,MONDO:0009658,studies,web,https://sanfilippofonds.nl/,2026-10-03,0.7,extracted,supports,,Stichting Sanfilippo Fonds wil daaraan vanuit Nederland zorgvuldig bijdragen.,,,
E0441e2a,ORG:Stichting_Sanfilippo_Fonds,COUNTRY:NL,based_in,web,https://sanfilippofonds.nl/,2026-10-03,0.7,extracted,supports,,Stichting Sanfilippo Fonds wil daaraan vanuit Nederland zorgvuldig bijdragen.,,,
E0537b14,ORG:MPS_Deutschland_e_V,MONDO:0011758,studies,web,https://mps-ev.de/,2026-10-03,0.7,extracted,supports,,"Wir träumen von einer Welt,​ in der Betroffene von Mukopolysaccharidosen (MPS) und verwandten Erkrankungen sich nicht mehr erklären müssen.",,,
Ea332121,ORG:MPS_Deutschland_e_V,MONDO:0010674,studies,web,https://mps-ev.de/,2026-10-03,0.7,extracted,supports,,"Wir träumen von einer Welt,​ in der Betroffene von Mukopolysaccharidosen (MPS) und verwandten Erkrankungen sich nicht mehr erklären müssen.",,,
E58a2384,ORG:MPS_Deutschland_e_V,MONDO:0009655,studies,web,https://mps-ev.de/,2026-10-03,0.7,extracted,supports,,"Wir träumen von einer Welt,​ in der Betroffene von Mukopolysaccharidosen (MPS) und verwandten Erkrankungen sich nicht mehr erklären müssen.",,,
Ec4cc41c,ORG:MPS_Deutschland_e_V,COUNTRY:DE,based_in,web,https://mps-ev.de/,2026-10-03,0.7,extracted,supports,,"Wir träumen von einer Welt,​ in der Betroffene von Mukopolysaccharidosen (MPS) und verwandten Erkrankungen sich nicht mehr erklären müssen.",,,
E9d0375e,ORG:Asociación_MPS_LISOSOMALES_España,MONDO:0009655,studies,web,https://mpslisosomales.org/,2026-10-03,0.7,extracted,supports,,"La Asociación MPS-LISOSOMALES España es una entidad sin ánimo de lucro que trabaja día a día para dar a conocer las enfermedades Lisosomales como las Mucopolisacaridosis, la Enfermedad de Fabry y la Enfermedad de Gaucher entre otras.",,,
Eeb45010,ORG:Asociación_MPS_LISOSOMALES_España,MONDO:0009656,studies,web,https://mpslisosomales.org/,2026-10-03,0.7,extracted,supports,,"La Asociación MPS-LISOSOMALES España es una entidad sin ánimo de lucro que trabaja día a día para dar a conocer las enfermedades Lisosomales como las Mucopolisacaridosis, la Enfermedad de Fabry y la Enfermedad de Gaucher entre otras.",,,
Ef06dde0,ORG:Asociación_MPS_LISOSOMALES_España,MONDO:0010526,studies,web,https://mpslisosomales.org/,2026-10-03,0.7,extracted,supports,,"La Asociación MPS-LISOSOMALES España es una entidad sin ánimo de lucro que trabaja día a día para dar a conocer las enfermedades Lisosomales como las Mucopolisacaridosis, la Enfermedad de Fabry y la Enfermedad de Gaucher entre otras.",,,
Ed1d0a38,ORG:Asociación_MPS_LISOSOMALES_España,MONDO:0009265,studies,web,https://mpslisosomales.org/,2026-10-03,0.7,extracted,supports,,"La Asociación MPS-LISOSOMALES España es una entidad sin ánimo de lucro que trabaja día a día para dar a conocer las enfermedades Lisosomales como las Mucopolisacaridosis, la Enfermedad de Fabry y la Enfermedad de Gaucher entre otras.",,,
E629ef34,ORG:Asociación_MPS_LISOSOMALES_España,COUNTRY:ES,based_in,web,https://mpslisosomales.org/,2026-10-03,0.7,extracted,supports,,"La Asociación MPS-LISOSOMALES España es una entidad sin ánimo de lucro que trabaja día a día para dar a conocer las enfermedades Lisosomales como las Mucopolisacaridosis, la Enfermedad de Fabry y la Enfermedad de Gaucher entre otras.",,,
E68fcb3d,ORG:AIMPS_ETS,MONDO:0011758,studies,web,https://www.aimps.it/chi-siamo/,2026-10-03,0.7,extracted,supports,,"AIMPS ETS è nata nel 1991 per supportare i bambini (e pazienti adulti) affetti da queste rare malattie genetiche del metabolismo, che portano a disabilità, spesso grave.",,,
Ebb059e1,ORG:AIMPS_ETS,MONDO:0010674,studies,web,https://www.aimps.it/chi-siamo/,2026-10-03,0.7,extracted,supports,,"AIMPS ETS è nata nel 1991 per supportare i bambini (e pazienti adulti) affetti da queste rare malattie genetiche del metabolismo, che portano a disabilità, spesso grave.",,,
E080e178,ORG:AIMPS_ETS,MONDO:0009655,studies,web,https://www.aimps.it/chi-siamo/,2026-10-03,0.7,extracted,supports,,"AIMPS ETS è nata nel 1991 per supportare i bambini (e pazienti adulti) affetti da queste rare malattie genetiche del metabolismo, che portano a disabilità, spesso grave.",,,
E994105e,ORG:AIMPS_ETS,MONDO:0009656,studies,web,https://www.aimps.it/chi-siamo/,2026-10-03,0.7,extracted,supports,,"AIMPS ETS è nata nel 1991 per supportare i bambini (e pazienti adulti) affetti da queste rare malattie genetiche del metabolismo, che portano a disabilità, spesso grave.",,,
E30302cc,ORG:AIMPS_ETS,MONDO:0009657,studies,web,https://www.aimps.it/chi-siamo/,2026-10-03,0.7,extracted,supports,,"AIMPS ETS è nata nel 1991 per supportare i bambini (e pazienti adulti) affetti da queste rare malattie genetiche del metabolismo, che portano a disabilità, spesso grave.",,,
Ea6b3adc,ORG:AIMPS_ETS,MONDO:0009658,studies,web,https://www.aimps.it/chi-siamo/,2026-10-03,0.7,extracted,supports,,"AIMPS ETS è nata nel 1991 per supportare i bambini (e pazienti adulti) affetti da queste rare malattie genetiche del metabolismo, che portano a disabilità, spesso grave.",,,
E5458386,ORG:AIMPS_ETS,MONDO:0009260,studies,web,https://www.aimps.it/chi-siamo/,2026-10-03,0.7,extracted,supports,,"AIMPS ETS è nata nel 1991 per supportare i bambini (e pazienti adulti) affetti da queste rare malattie genetiche del metabolismo, che portano a disabilità, spesso grave.",,,
E22f5158,ORG:AIMPS_ETS,COUNTRY:IT,based_in,web,https://www.aimps.it/chi-siamo/,2026-10-03,0.7,extracted,supports,,"AIMPS ETS è nata nel 1991 per supportare i bambini (e pazienti adulti) affetti da queste rare malattie genetiche del metabolismo, che portano a disabilità, spesso grave.",,,
Ec9d5c8a,ORG:National_MPS_Society,MONDO:0011758,studies,web,https://mpssociety.org/en/about-mps-society/,2026-10-03,0.7,extracted,supports,,"The National MPS Society exists to cure, support and advocate for MPS and ML.",,,
Ee6a3933,ORG:National_MPS_Society,MONDO:0010674,studies,web,https://mpssociety.org/en/about-mps-society/,2026-10-03,0.7,extracted,supports,,"The National MPS Society exists to cure, support and advocate for MPS and ML.",,,
E0f6cb5e,ORG:National_MPS_Society,MONDO:0009655,studies,web,https://mpssociety.org/en/about-mps-society/,2026-10-03,0.7,extracted,supports,,"The National MPS Society exists to cure, support and advocate for MPS and ML.",,,
E1ba6faf,ORG:National_MPS_Society,MONDO:0009656,studies,web,https://mpssociety.org/en/about-mps-society/,2026-10-03,0.7,extracted,supports,,"The National MPS Society exists to cure, support and advocate for MPS and ML.",,,
E607d9f1,ORG:National_MPS_Society,MONDO:0009657,studies,web,https://mpssociety.org/en/about-mps-society/,2026-10-03,0.7,extracted,supports,,"The National MPS Society exists to cure, support and advocate for MPS and ML.",,,
Eebc0305,ORG:National_MPS_Society,MONDO:0009658,studies,web,https://mpssociety.org/en/about-mps-society/,2026-10-03,0.7,extracted,supports,,"The National MPS Society exists to cure, support and advocate for MPS and ML.",,,
Eebf8604,ORG:National_MPS_Society,COUNTRY:US,based_in,web,https://mpssociety.org/en/about-mps-society/,2026-10-03,0.7,extracted,supports,,"The National MPS Society exists to cure, support and advocate for MPS and ML.",,,
E8f47d8d,ORG:MPS_Society,MONDO:0011758,studies,web,https://mpssociety.org.uk/conditions/mps-conditions/mps-i-hurler,2026-10-03,0.7,extracted,supports,,"MPS Society transforming lives through support, research & awareness",,,
Eb1a8d49,ORG:MPS_Society,MONDO:0009655,studies,web,https://mpssociety.org.uk/conditions/mps-conditions/mps-i-hurler,2026-10-03,0.7,extracted,supports,,"MPS Society transforming lives through support, research & awareness",,,
E6bc9b9e,ORG:MPS_Society,MONDO:0010526,studies,web,https://mpssociety.org.uk/conditions/mps-conditions/mps-i-hurler,2026-10-03,0.7,extracted,supports,,"MPS Society transforming lives through support, research & awareness",,,
E9ff813a,ORG:MPS_Society,MONDO:0009265,studies,web,https://mpssociety.org.uk/conditions/mps-conditions/mps-i-hurler,2026-10-03,0.7,extracted,supports,,"MPS Society transforming lives through support, research & awareness",,,
Ecfa62ac,ORG:MPS_Society,MONDO:0009591,studies,web,https://mpssociety.org.uk/conditions/mps-conditions/mps-i-hurler,2026-10-03,0.7,extracted,supports,,"MPS Society transforming lives through support, research & awareness",,,
E18b167e,ORG:MPS_Society,MONDO:0009260,studies,web,https://mpssociety.org.uk/conditions/mps-conditions/mps-i-hurler,2026-10-03,0.7,extracted,supports,,"MPS Society transforming lives through support, research & awareness",,,
Ef87e10b,ORG:MPS_Society,COUNTRY:GB,based_in,web,https://mpssociety.org.uk/conditions/mps-conditions/mps-i-hurler,2026-10-03,0.7,extracted,supports,,"MPS Society transforming lives through support, research & awareness",,,
Ec766e13,ORG:Canadian_MPS_Society,MONDO:0011758,studies,web,https://www.mpssociety.ca/about-us/,2026-10-03,0.7,extracted,supports,,"The Canadian Society for Mucopolysaccharide and Related Diseases Inc. (The Canadian MPS Society), founded in 1984, serves all Canadians affected by MPS and related diseases through support, education, advocacy and by advancing research.",,,
E261673b,ORG:Canadian_MPS_Society,MONDO:0010674,studies,web,https://www.mpssociety.ca/about-us/,2026-10-03,0.7,extracted,supports,,"The Canadian Society for Mucopolysaccharide and Related Diseases Inc. (The Canadian MPS Society), founded in 1984, serves all Canadians affected by MPS and related diseases through support, education, advocacy and by advancing research.",,,
E4686748,ORG:Canadian_MPS_Society,COUNTRY:CA,based_in,web,https://www.mpssociety.ca/about-us/,2026-10-03,0.7,extracted,supports,,"The Canadian Society for Mucopolysaccharide and Related Diseases Inc. (The Canadian MPS Society), founded in 1984, serves all Canadians affected by MPS and related diseases through support, education, advocacy and by advancing research.",,,
E0aadd6b,ORG:MPS_Austria,MONDO:0011758,studies,web,https://www.mps-austria.at/,2026-10-03,0.7,extracted,supports,,Wir wollen das Leben und den Alltag von MPS-Kindern und deren Familien erleichtern.,,,
Ee2a5683,ORG:MPS_Austria,MONDO:0010674,studies,web,https://www.mps-austria.at/,2026-10-03,0.7,extracted,supports,,Wir wollen das Leben und den Alltag von MPS-Kindern und deren Familien erleichtern.,,,
Eaac7d9a,ORG:MPS_Austria,COUNTRY:AT,based_in,web,https://www.mps-austria.at/,2026-10-03,0.7,extracted,supports,,Wir wollen das Leben und den Alltag von MPS-Kindern und deren Familien erleichtern.,,,
Eb0160a0,ORG:Project_Alive,MONDO:0010674,studies,web,https://projectalive.org/about,2026-10-03,0.7,extracted,supports,,"We exist to find a cure for Hunter syndrome through research and advocacy, and providing education and resources to the Hunter syndrome community.",,,
E2ca85a6,ORG:Project_Alive,COUNTRY:US,based_in,web,https://projectalive.org/about,2026-10-03,0.7,extracted,supports,,"We exist to find a cure for Hunter syndrome through research and advocacy, and providing education and resources to the Hunter syndrome community.",,,
E9d36bfe,ORG:MPS_Society,MONDO:0011758,studies,web,https://mpssociety.org.uk/conditions/mps-conditions/mps-ii-hunter,2026-10-03,0.7,extracted,supports,,"MPS Society transforming lives through support, research & awareness",,,
E7611dca,ORG:MPS_Society,MONDO:0010674,studies,web,https://mpssociety.org.uk/conditions/mps-conditions/mps-ii-hunter,2026-10-03,0.7,extracted,supports,,"MPS Society transforming lives through support, research & awareness",,,
E10c2b00,ORG:MPS_Society,MONDO:0009655,studies,web,https://mpssociety.org.uk/conditions/mps-conditions/mps-ii-hunter,2026-10-03,0.7,extracted,supports,,"MPS Society transforming lives through support, research & awareness",,,
E6aaa2df,ORG:MPS_Society,MONDO:0010526,studies,web,https://mpssociety.org.uk/conditions/mps-conditions/mps-ii-hunter,2026-10-03,0.7,extracted,supports,,"MPS Society transforming lives through support, research & awareness",,,
E6ed20fd,ORG:MPS_Society,MONDO:0009265,studies,web,https://mpssociety.org.uk/conditions/mps-conditions/mps-ii-hunter,2026-10-03,0.7,extracted,supports,,"MPS Society transforming lives through support, research & awareness",,,
E4ac6cf1,ORG:MPS_Society,MONDO:0009591,studies,web,https://mpssociety.org.uk/conditions/mps-conditions/mps-ii-hunter,2026-10-03,0.7,extracted,supports,,"MPS Society transforming lives through support, research & awareness",,,
Efd174b3,ORG:MPS_Society,MONDO:0009260,studies,web,https://mpssociety.org.uk/conditions/mps-conditions/mps-ii-hunter,2026-10-03,0.7,extracted,supports,,"MPS Society transforming lives through support, research & awareness",,,
E198dca9,ORG:MPS_Society,COUNTRY:GB,based_in,web,https://mpssociety.org.uk/conditions/mps-conditions/mps-ii-hunter,2026-10-03,0.7,extracted,supports,,"MPS Society transforming lives through support, research & awareness",,,
Eea9b26d,ORG:The_MPS_II_Research_Fund,MONDO:0010674,studies,web,https://mpsii.theisaacfoundation.com/,2026-10-03,0.7,extracted,supports,,"The MPS II Fund's mission is to fund innovative research projects that aim to find a cure for Hunter Syndrome, a rare, debilitating, and devastating disease.",,,
E2dd807e,ORG:The_MPS_II_Research_Fund,COUNTRY:CA,based_in,web,https://mpsii.theisaacfoundation.com/,2026-10-03,0.7,extracted,supports,,"The MPS II Fund's mission is to fund innovative research projects that aim to find a cure for Hunter Syndrome, a rare, debilitating, and devastating disease.",,,
E6b61693,ORG:Association_Shifa_des_Maladies_NeuroMusc,MONDO:0017694,studies,web,https://worldpompe.org/about-us/ipa-members-a-contacts/,2026-10-03,0.7,extracted,supports,,"Please Contact us if your Pompe patient organization would like to be an IPA member, or if you need to contact us for any other reason.",,,
E2fa421a,ORG:Association_Shifa_des_Maladies_NeuroMusc,COUNTRY:DZ,based_in,web,https://worldpompe.org/about-us/ipa-members-a-contacts/,2026-10-03,0.7,extracted,supports,,"Please Contact us if your Pompe patient organization would like to be an IPA member, or if you need to contact us for any other reason.",,,
Ed4b7ed8,ORG:Asociación_de_Pacientes_de_Enfermedades,MONDO:0017694,studies,web,https://worldpompe.org/about-us/ipa-members-a-contacts/,2026-10-03,0.7,extracted,supports,,"Please Contact us if your Pompe patient organization would like to be an IPA member, or if you need to contact us for any other reason.",,,
E79ee3ac,ORG:Asociación_de_Pacientes_de_Enfermedades,COUNTRY:AR,based_in,web,https://worldpompe.org/about-us/ipa-members-a-contacts/,2026-10-03,0.7,extracted,supports,,"Please Contact us if your Pompe patient organization would like to be an IPA member, or if you need to contact us for any other reason.",,,
E6813c22,ORG:Australian_Pompe_Association_APA,MONDO:0017694,studies,web,https://worldpompe.org/about-us/ipa-members-a-contacts/,2026-10-03,0.7,extracted,supports,,"Please Contact us if your Pompe patient organization would like to be an IPA member, or if you need to contact us for any other reason.",,,
E838d8cb,ORG:Australian_Pompe_Association_APA,COUNTRY:AU,based_in,web,https://worldpompe.org/about-us/ipa-members-a-contacts/,2026-10-03,0.7,extracted,supports,,"Please Contact us if your Pompe patient organization would like to be an IPA member, or if you need to contact us for any other reason.",,,
Eca45cab,ORG:Selbsthilfeorganisation_Morbus_Pompe_Öst,MONDO:0017694,studies,web,https://worldpompe.org/about-us/ipa-members-a-contacts/,2026-10-03,0.7,extracted,supports,,"Please Contact us if your Pompe patient organization would like to be an IPA member, or if you need to contact us for any other reason.",,,
Ec04e27f,ORG:Selbsthilfeorganisation_Morbus_Pompe_Öst,COUNTRY:AT,based_in,web,https://worldpompe.org/about-us/ipa-members-a-contacts/,2026-10-03,0.7,extracted,supports,,"Please Contact us if your Pompe patient organization would like to be an IPA member, or if you need to contact us for any other reason.",,,
E6fe956f,ORG:Belgische_Organisatie_voor_kinderen_en_v,MONDO:0017694,studies,web,https://worldpompe.org/about-us/ipa-members-a-contacts/,2026-10-03,0.7,extracted,supports,,"Please Contact us if your Pompe patient organization would like to be an IPA member, or if you need to contact us for any other reason.",,,
Ecc468ec,ORG:Belgische_Organisatie_voor_kinderen_en_v,COUNTRY:BE,based_in,web,https://worldpompe.org/about-us/ipa-members-a-contacts/,2026-10-03,0.7,extracted,supports,,"Please Contact us if your Pompe patient organization would like to be an IPA member, or if you need to contact us for any other reason.",,,
E6eb3eb3,ORG:Vlaamse_Vereniging_Neuromusculaire_Aando,MONDO:0017694,studies,web,https://worldpompe.org/about-us/ipa-members-a-contacts/,2026-10-03,0.7,extracted,supports,,"Please Contact us if your Pompe patient organization would like to be an IPA member, or if you need to contact us for any other reason.",,,
Ea5ea104,ORG:Vlaamse_Vereniging_Neuromusculaire_Aando,COUNTRY:BE,based_in,web,https://worldpompe.org/about-us/ipa-members-a-contacts/,2026-10-03,0.7,extracted,supports,,"Please Contact us if your Pompe patient organization would like to be an IPA member, or if you need to contact us for any other reason.",,,
E7f91830,ORG:APMPS_Doencas_Raras,MONDO:0017694,studies,web,https://worldpompe.org/about-us/ipa-members-a-contacts/,2026-10-03,0.7,extracted,supports,,"Please Contact us if your Pompe patient organization would like to be an IPA member, or if you need to contact us for any other reason.",,,
Ebb76336,ORG:APMPS_Doencas_Raras,COUNTRY:BR,based_in,web,https://worldpompe.org/about-us/ipa-members-a-contacts/,2026-10-03,0.7,extracted,supports,,"Please Contact us if your Pompe patient organization would like to be an IPA member, or if you need to contact us for any other reason.",,,
E759903e,ORG:National_Alliance_of_People_with_Rare_Di,MONDO:0017694,studies,web,https://worldpompe.org/about-us/ipa-members-a-contacts/,2026-10-03,0.7,extracted,supports,,"Please Contact us if your Pompe patient organization would like to be an IPA member, or if you need to contact us for any other reason.",,,
E397e950,ORG:National_Alliance_of_People_with_Rare_Di,COUNTRY:BG,based_in,web,https://worldpompe.org/about-us/ipa-members-a-contacts/,2026-10-03,0.7,extracted,supports,,"Please Contact us if your Pompe patient organization would like to be an IPA member, or if you need to contact us for any other reason.",,,
E0c2397c,ORG:Canadian_Association_of_Pompe,MONDO:0017694,studies,web,https://worldpompe.org/about-us/ipa-members-a-contacts/,2026-10-03,0.7,extracted,supports,,"Please Contact us if your Pompe patient organization would like to be an IPA member, or if you need to contact us for any other reason.",,,
E0ee901a,ORG:Canadian_Association_of_Pompe,COUNTRY:CA,based_in,web,https://worldpompe.org/about-us/ipa-members-a-contacts/,2026-10-03,0.7,extracted,supports,,"Please Contact us if your Pompe patient organization would like to be an IPA member, or if you need to contact us for any other reason.",,,
Ed7eeb2f,ORG:Fundación_Chilena_de_Pacientes_de_Enferm,MONDO:0017694,studies,web,https://worldpompe.org/about-us/ipa-members-a-contacts/,2026-10-03,0.7,extracted,supports,,"Please Contact us if your Pompe patient organization would like to be an IPA member, or if you need to contact us for any other reason.",,,
E44491e1,ORG:Fundación_Chilena_de_Pacientes_de_Enferm,COUNTRY:CL,based_in,web,https://worldpompe.org/about-us/ipa-members-a-contacts/,2026-10-03,0.7,extracted,supports,,"Please Contact us if your Pompe patient organization would like to be an IPA member, or if you need to contact us for any other reason.",,,
E420eab2,ORG:Asociación_Colombiana_de_Pacientes_con_E,MONDO:0017694,studies,web,https://worldpompe.org/about-us/ipa-members-a-contacts/,2026-10-03,0.7,extracted,supports,,"Please Contact us if your Pompe patient organization would like to be an IPA member, or if you need to contact us for any other reason.",,,
Ea702ed0,ORG:Asociación_Colombiana_de_Pacientes_con_E,COUNTRY:CO,based_in,web,https://worldpompe.org/about-us/ipa-members-a-contacts/,2026-10-03,0.7,extracted,supports,,"Please Contact us if your Pompe patient organization would like to be an IPA member, or if you need to contact us for any other reason.",,,
E5433ad5,ORG:Hrvatski_Savez_za_rijetke_bolesti,MONDO:0017694,studies,web,https://worldpompe.org/about-us/ipa-members-a-contacts/,2026-10-03,0.7,extracted,supports,,"Please Contact us if your Pompe patient organization would like to be an IPA member, or if you need to contact us for any other reason.",,,
Eec5bac0,ORG:Hrvatski_Savez_za_rijetke_bolesti,COUNTRY:HR,based_in,web,https://worldpompe.org/about-us/ipa-members-a-contacts/,2026-10-03,0.7,extracted,supports,,"Please Contact us if your Pompe patient organization would like to be an IPA member, or if you need to contact us for any other reason.",,,
E1dbbd46,ORG:Asociace_muskulárních_dystofikù_v_ÈR,MONDO:0017694,studies,web,https://worldpompe.org/about-us/ipa-members-a-contacts/,2026-10-03,0.7,extracted,supports,,"Please Contact us if your Pompe patient organization would like to be an IPA member, or if you need to contact us for any other reason.",,,
Ebf2b33a,ORG:Asociace_muskulárních_dystofikù_v_ÈR,COUNTRY:CZ,based_in,web,https://worldpompe.org/about-us/ipa-members-a-contacts/,2026-10-03,0.7,extracted,supports,,"Please Contact us if your Pompe patient organization would like to be an IPA member, or if you need to contact us for any other reason.",,,
E643ec08,ORG:Fundación_Ecuatoriana_de_Pacientes_con_E,MONDO:0017694,studies,web,https://worldpompe.org/about-us/ipa-members-a-contacts/,2026-10-03,0.7,extracted,supports,,"Please Contact us if your Pompe patient organization would like to be an IPA member, or if you need to contact us for any other reason.",,,
Efa6e943,ORG:Fundación_Ecuatoriana_de_Pacientes_con_E,COUNTRY:EC,based_in,web,https://worldpompe.org/about-us/ipa-members-a-contacts/,2026-10-03,0.7,extracted,supports,,"Please Contact us if your Pompe patient organization would like to be an IPA member, or if you need to contact us for any other reason.",,,
E1730964,ORG:Association_Francophone_Glycogenose_AFG,MONDO:0017694,studies,web,https://worldpompe.org/about-us/ipa-members-a-contacts/,2026-10-03,0.7,extracted,supports,,"Please Contact us if your Pompe patient organization would like to be an IPA member, or if you need to contact us for any other reason.",,,
Ed7e53af,ORG:Association_Francophone_Glycogenose_AFG,COUNTRY:FR,based_in,web,https://worldpompe.org/about-us/ipa-members-a-contacts/,2026-10-03,0.7,extracted,supports,,"Please Contact us if your Pompe patient organization would like to be an IPA member, or if you need to contact us for any other reason.",,,
E2a24c99,ORG:Selbsthilfegruppe_Glykogenose_Deutschlan,MONDO:0017694,studies,web,https://worldpompe.org/about-us/ipa-members-a-contacts/,2026-10-03,0.7,extracted,supports,,"Please Contact us if your Pompe patient organization would like to be an IPA member, or if you need to contact us for any other reason.",,,
E2a1192f,ORG:Selbsthilfegruppe_Glykogenose_Deutschlan,COUNTRY:DE,based_in,web,https://worldpompe.org/about-us/ipa-members-a-contacts/,2026-10-03,0.7,extracted,supports,,"Please Contact us if your Pompe patient organization would like to be an IPA member, or if you need to contact us for any other reason.",,,
E1d8cf27,ORG:Pompe_Deutschland_e_V,MONDO:0017694,studies,web,https://worldpompe.org/about-us/ipa-members-a-contacts/,2026-10-03,0.7,extracted,supports,,"Please Contact us if your Pompe patient organization would like to be an IPA member, or if you need to contact us for any other reason.",,,
E27659ba,ORG:Pompe_Deutschland_e_V,COUNTRY:DE,based_in,web,https://worldpompe.org/about-us/ipa-members-a-contacts/,2026-10-03,0.7,extracted,supports,,"Please Contact us if your Pompe patient organization would like to be an IPA member, or if you need to contact us for any other reason.",,,
Efa3f43c,ORG:Greek_Lysosomal_Diseases_Association,MONDO:0017694,studies,web,https://worldpompe.org/about-us/ipa-members-a-contacts/,2026-10-03,0.7,extracted,supports,,"Please Contact us if your Pompe patient organization would like to be an IPA member, or if you need to contact us for any other reason.",,,
Ec697d28,ORG:Greek_Lysosomal_Diseases_Association,COUNTRY:GR,based_in,web,https://worldpompe.org/about-us/ipa-members-a-contacts/,2026-10-03,0.7,extracted,supports,,"Please Contact us if your Pompe patient organization would like to be an IPA member, or if you need to contact us for any other reason.",,,
E1a1e32f,ORG:LSD_Support_Society_LSDSS,MONDO:0017694,studies,web,https://worldpompe.org/about-us/ipa-members-a-contacts/,2026-10-03,0.7,extracted,supports,,"Please Contact us if your Pompe patient organization would like to be an IPA member, or if you need to contact us for any other reason.",,,
E74978b2,ORG:LSD_Support_Society_LSDSS,COUNTRY:IN,based_in,web,https://worldpompe.org/about-us/ipa-members-a-contacts/,2026-10-03,0.7,extracted,supports,,"Please Contact us if your Pompe patient organization would like to be an IPA member, or if you need to contact us for any other reason.",,,
E5b0e1c5,ORG:Organisation_for_Rare_Diseases_India_ORD,MONDO:0017694,studies,web,https://worldpompe.org/about-us/ipa-members-a-contacts/,2026-10-03,0.7,extracted,supports,,"Please Contact us if your Pompe patient organization would like to be an IPA member, or if you need to contact us for any other reason.",,,
E8e2a42e,ORG:Organisation_for_Rare_Diseases_India_ORD,COUNTRY:IN,based_in,web,https://worldpompe.org/about-us/ipa-members-a-contacts/,2026-10-03,0.7,extracted,supports,,"Please Contact us if your Pompe patient organization would like to be an IPA member, or if you need to contact us for any other reason.",,,
Ef16b0e0,ORG:Associazione_Italiana_Glicogenosi_AIGlic,MONDO:0017694,studies,web,https://worldpompe.org/about-us/ipa-members-a-contacts/,2026-10-03,0.7,extracted,supports,,"Please Contact us if your Pompe patient organization would like to be an IPA member, or if you need to contact us for any other reason.",,,
Ee8b28d0,ORG:Associazione_Italiana_Glicogenosi_AIGlic,COUNTRY:IT,based_in,web,https://worldpompe.org/about-us/ipa-members-a-contacts/,2026-10-03,0.7,extracted,supports,,"Please Contact us if your Pompe patient organization would like to be an IPA member, or if you need to contact us for any other reason.",,,
E8a2fee5,ORG:Pompe_House,MONDO:0017694,studies,web,https://worldpompe.org/about-us/ipa-members-a-contacts/,2026-10-03,0.7,extracted,supports,,"Please Contact us if your Pompe patient organization would like to be an IPA member, or if you need to contact us for any other reason.",,,
E8ab7a6f,ORG:Pompe_House,COUNTRY:JP,based_in,web,https://worldpompe.org/about-us/ipa-members-a-contacts/,2026-10-03,0.7,extracted,supports,,"Please Contact us if your Pompe patient organization would like to be an IPA member, or if you need to contact us for any other reason.",,,
Ea1bd877,ORG:Association_for_citizens_for_rare_diseas,MONDO:0017694,studies,web,https://worldpompe.org/about-us/ipa-members-a-contacts/,2026-10-03,0.7,extracted,supports,,"Please Contact us if your Pompe patient organization would like to be an IPA member, or if you need to contact us for any other reason.",,,
E1c8e2a6,ORG:Association_for_citizens_for_rare_diseas,COUNTRY:MK,based_in,web,https://worldpompe.org/about-us/ipa-members-a-contacts/,2026-10-03,0.7,extracted,supports,,"Please Contact us if your Pompe patient organization would like to be an IPA member, or if you need to contact us for any other reason.",,,
Ed501bcd,ORG:Malaysia_Lysosomal_Diseases_Association,MONDO:0017694,studies,web,https://worldpompe.org/about-us/ipa-members-a-contacts/,2026-10-03,0.7,extracted,supports,,"Please Contact us if your Pompe patient organization would like to be an IPA member, or if you need to contact us for any other reason.",,,
E85fa57b,ORG:Malaysia_Lysosomal_Diseases_Association,COUNTRY:MY,based_in,web,https://worldpompe.org/about-us/ipa-members-a-contacts/,2026-10-03,0.7,extracted,supports,,"Please Contact us if your Pompe patient organization would like to be an IPA member, or if you need to contact us for any other reason.",,,
E570fda2,ORG:Pide_Un_Deseo,MONDO:0017694,studies,web,https://worldpompe.org/about-us/ipa-members-a-contacts/,2026-10-03,0.7,extracted,supports,,"Please Contact us if your Pompe patient organization would like to be an IPA member, or if you need to contact us for any other reason.",,,
E3f7a18f,ORG:Pide_Un_Deseo,COUNTRY:MX,based_in,web,https://worldpompe.org/about-us/ipa-members-a-contacts/,2026-10-03,0.7,extracted,supports,,"Please Contact us if your Pompe patient organization would like to be an IPA member, or if you need to contact us for any other reason.",,,
E8c9a8fb,ORG:Spierziekten_Nederland,MONDO:0017694,studies,web,https://worldpompe.org/about-us/ipa-members-a-contacts/,2026-10-03,0.7,extracted,supports,,"Please Contact us if your Pompe patient organization would like to be an IPA member, or if you need to contact us for any other reason.",,,
Ea88ad1d,ORG:Spierziekten_Nederland,COUNTRY:NL,based_in,web,https://worldpompe.org/about-us/ipa-members-a-contacts/,2026-10-03,0.7,extracted,supports,,"Please Contact us if your Pompe patient organization would like to be an IPA member, or if you need to contact us for any other reason.",,,
Ed567be5,ORG:New_Zealand_Pompe_Network,MONDO:0017694,studies,web,https://worldpompe.org/about-us/ipa-members-a-contacts/,2026-10-03,0.7,extracted,supports,,"Please Contact us if your Pompe patient organization would like to be an IPA member, or if you need to contact us for any other reason.",,,
E1ed079d,ORG:New_Zealand_Pompe_Network,COUNTRY:NZ,based_in,web,https://worldpompe.org/about-us/ipa-members-a-contacts/,2026-10-03,0.7,extracted,supports,,"Please Contact us if your Pompe patient organization would like to be an IPA member, or if you need to contact us for any other reason.",,,
Eb010df9,ORG:Foreningen_for_Muskelsyke,MONDO:0017694,studies,web,https://worldpompe.org/about-us/ipa-members-a-contacts/,2026-10-03,0.7,extracted,supports,,"Please Contact us if your Pompe patient organization would like to be an IPA member, or if you need to contact us for any other reason.",,,
E8c92611,ORG:Foreningen_for_Muskelsyke,COUNTRY:NO,based_in,web,https://worldpompe.org/about-us/ipa-members-a-contacts/,2026-10-03,0.7,extracted,supports,,"Please Contact us if your Pompe patient organization would like to be an IPA member, or if you need to contact us for any other reason.",,,
E6bae48b,ORG:Philippine_Society_for_Orphan_Disorders,MONDO:0017694,studies,web,https://worldpompe.org/about-us/ipa-members-a-contacts/,2026-10-03,0.7,extracted,supports,,"Please Contact us if your Pompe patient organization would like to be an IPA member, or if you need to contact us for any other reason.",,,
Ed8d41da,ORG:Philippine_Society_for_Orphan_Disorders,COUNTRY:PH,based_in,web,https://worldpompe.org/about-us/ipa-members-a-contacts/,2026-10-03,0.7,extracted,supports,,"Please Contact us if your Pompe patient organization would like to be an IPA member, or if you need to contact us for any other reason.",,,
Ed54f608,ORG:Rare_Disease_Organisation_Poland,MONDO:0017694,studies,web,https://worldpompe.org/about-us/ipa-members-a-contacts/,2026-10-03,0.7,extracted,supports,,"Please Contact us if your Pompe patient organization would like to be an IPA member, or if you need to contact us for any other reason.",,,
Ed516bc6,ORG:Rare_Disease_Organisation_Poland,COUNTRY:PL,based_in,web,https://worldpompe.org/about-us/ipa-members-a-contacts/,2026-10-03,0.7,extracted,supports,,"Please Contact us if your Pompe patient organization would like to be an IPA member, or if you need to contact us for any other reason.",,,
E1a34577,ORG:Raríssimas_Associação_Nacional_de_Defici,MONDO:0017694,studies,web,https://worldpompe.org/about-us/ipa-members-a-contacts/,2026-10-03,0.7,extracted,supports,,"Please Contact us if your Pompe patient organization would like to be an IPA member, or if you need to contact us for any other reason.",,,
Ee308385,ORG:Raríssimas_Associação_Nacional_de_Defici,COUNTRY:PT,based_in,web,https://worldpompe.org/about-us/ipa-members-a-contacts/,2026-10-03,0.7,extracted,supports,,"Please Contact us if your Pompe patient organization would like to be an IPA member, or if you need to contact us for any other reason.",,,
Ecf01c95,ORG:Portuguese_Association_of_Neuromuscular,MONDO:0017694,studies,web,https://worldpompe.org/about-us/ipa-members-a-contacts/,2026-10-03,0.7,extracted,supports,,"Please Contact us if your Pompe patient organization would like to be an IPA member, or if you need to contact us for any other reason.",,,
E5b05986,ORG:Portuguese_Association_of_Neuromuscular,COUNTRY:PT,based_in,web,https://worldpompe.org/about-us/ipa-members-a-contacts/,2026-10-03,0.7,extracted,supports,,"Please Contact us if your Pompe patient organization would like to be an IPA member, or if you need to contact us for any other reason.",,,
E4b2f10e,ORG:Alianța_Națională_pentru_Boli_Rare_din_R,MONDO:0017694,studies,web,https://worldpompe.org/about-us/ipa-members-a-contacts/,2026-10-03,0.7,extracted,supports,,"Please Contact us if your Pompe patient organization would like to be an IPA member, or if you need to contact us for any other reason.",,,
Eca90d5d,ORG:Alianța_Națională_pentru_Boli_Rare_din_R,COUNTRY:RO,based_in,web,https://worldpompe.org/about-us/ipa-members-a-contacts/,2026-10-03,0.7,extracted,supports,,"Please Contact us if your Pompe patient organization would like to be an IPA member, or if you need to contact us for any other reason.",,,
Eb1fa50c,ORG:Interregional_Non_government_charitable,MONDO:0017694,studies,web,https://worldpompe.org/about-us/ipa-members-a-contacts/,2026-10-03,0.7,extracted,supports,,"Please Contact us if your Pompe patient organization would like to be an IPA member, or if you need to contact us for any other reason.",,,
E5fb96de,ORG:Interregional_Non_government_charitable,COUNTRY:RU,based_in,web,https://worldpompe.org/about-us/ipa-members-a-contacts/,2026-10-03,0.7,extracted,supports,,"Please Contact us if your Pompe patient organization would like to be an IPA member, or if you need to contact us for any other reason.",,,
Edda607b,ORG:Russian_Association_for_Rare_Diseases_RA,MONDO:0017694,studies,web,https://worldpompe.org/about-us/ipa-members-a-contacts/,2026-10-03,0.7,extracted,supports,,"Please Contact us if your Pompe patient organization would like to be an IPA member, or if you need to contact us for any other reason.",,,
Ef019fb5,ORG:Russian_Association_for_Rare_Diseases_RA,COUNTRY:RU,based_in,web,https://worldpompe.org/about-us/ipa-members-a-contacts/,2026-10-03,0.7,extracted,supports,,"Please Contact us if your Pompe patient organization would like to be an IPA member, or if you need to contact us for any other reason.",,,
E50c6f2f,ORG:National_Organisation_for_Rare_Diseases,MONDO:0017694,studies,web,https://worldpompe.org/about-us/ipa-members-a-contacts/,2026-10-03,0.7,extracted,supports,,"Please Contact us if your Pompe patient organization would like to be an IPA member, or if you need to contact us for any other reason.",,,
E22c5e1e,ORG:National_Organisation_for_Rare_Diseases,COUNTRY:RS,based_in,web,https://worldpompe.org/about-us/ipa-members-a-contacts/,2026-10-03,0.7,extracted,supports,,"Please Contact us if your Pompe patient organization would like to be an IPA member, or if you need to contact us for any other reason.",,,
E55448b5,ORG:Rare_Disorders_Society_Singapore,MONDO:0017694,studies,web,https://worldpompe.org/about-us/ipa-members-a-contacts/,2026-10-03,0.7,extracted,supports,,"Please Contact us if your Pompe patient organization would like to be an IPA member, or if you need to contact us for any other reason.",,,
E991fe26,ORG:Rare_Disorders_Society_Singapore,COUNTRY:SG,based_in,web,https://worldpompe.org/about-us/ipa-members-a-contacts/,2026-10-03,0.7,extracted,supports,,"Please Contact us if your Pompe patient organization would like to be an IPA member, or if you need to contact us for any other reason.",,,
Ed36c858,ORG:Drustvo_Distrofikov_Slovenije,MONDO:0017694,studies,web,https://worldpompe.org/about-us/ipa-members-a-contacts/,2026-10-03,0.7,extracted,supports,,"Please Contact us if your Pompe patient organization would like to be an IPA member, or if you need to contact us for any other reason.",,,
Ea5ab360,ORG:Drustvo_Distrofikov_Slovenije,COUNTRY:SI,based_in,web,https://worldpompe.org/about-us/ipa-members-a-contacts/,2026-10-03,0.7,extracted,supports,,"Please Contact us if your Pompe patient organization would like to be an IPA member, or if you need to contact us for any other reason.",,,
E66927b7,ORG:Rare_Disease_Society_of_South_Africa,MONDO:0017694,studies,web,https://worldpompe.org/about-us/ipa-members-a-contacts/,2026-10-03,0.7,extracted,supports,,"Please Contact us if your Pompe patient organization would like to be an IPA member, or if you need to contact us for any other reason.",,,
E65ecbbf,ORG:Rare_Disease_Society_of_South_Africa,COUNTRY:ZA,based_in,web,https://worldpompe.org/about-us/ipa-members-a-contacts/,2026-10-03,0.7,extracted,supports,,"Please Contact us if your Pompe patient organization would like to be an IPA member, or if you need to contact us for any other reason.",,,
Eec7391d,ORG:Pompe_South_Africa,MONDO:0017694,studies,web,https://worldpompe.org/about-us/ipa-members-a-contacts/,2026-10-03,0.7,extracted,supports,,"Please Contact us if your Pompe patient organization would like to be an IPA member, or if you need to contact us for any other reason.",,,
Ec7c1619,ORG:Pompe_South_Africa,COUNTRY:ZA,based_in,web,https://worldpompe.org/about-us/ipa-members-a-contacts/,2026-10-03,0.7,extracted,supports,,"Please Contact us if your Pompe patient organization would like to be an IPA member, or if you need to contact us for any other reason.",,,
Ecc1e5bf,ORG:Korea_Pompe_Disease_Society_KPDS,MONDO:0017694,studies,web,https://worldpompe.org/about-us/ipa-members-a-contacts/,2026-10-03,0.7,extracted,supports,,"Please Contact us if your Pompe patient organization would like to be an IPA member, or if you need to contact us for any other reason.",,,
E41fcbda,ORG:Korea_Pompe_Disease_Society_KPDS,COUNTRY:KR,based_in,web,https://worldpompe.org/about-us/ipa-members-a-contacts/,2026-10-03,0.7,extracted,supports,,"Please Contact us if your Pompe patient organization would like to be an IPA member, or if you need to contact us for any other reason.",,,
E7204f47,ORG:Asociacion_Espanola_de_Enfermos_de_Gluco,MONDO:0017694,studies,web,https://worldpompe.org/about-us/ipa-members-a-contacts/,2026-10-03,0.7,extracted,supports,,"Please Contact us if your Pompe patient organization would like to be an IPA member, or if you need to contact us for any other reason.",,,
E3cd4cbb,ORG:Asociacion_Espanola_de_Enfermos_de_Gluco,COUNTRY:ES,based_in,web,https://worldpompe.org/about-us/ipa-members-a-contacts/,2026-10-03,0.7,extracted,supports,,"Please Contact us if your Pompe patient organization would like to be an IPA member, or if you need to contact us for any other reason.",,,
E48afff6,ORG:Asociación_Española_de_Enfermos_de_Pompe,MONDO:0017694,studies,web,https://worldpompe.org/about-us/ipa-members-a-contacts/,2026-10-03,0.7,extracted,supports,,"Please Contact us if your Pompe patient organization would like to be an IPA member, or if you need to contact us for any other reason.",,,
Eda4e1e2,ORG:Asociación_Española_de_Enfermos_de_Pompe,COUNTRY:ES,based_in,web,https://worldpompe.org/about-us/ipa-members-a-contacts/,2026-10-03,0.7,extracted,supports,,"Please Contact us if your Pompe patient organization would like to be an IPA member, or if you need to contact us for any other reason.",,,
E8ba39e0,ORG:Selbsthilfegruppe_M_Pompe_Schweiz,MONDO:0017694,studies,web,https://worldpompe.org/about-us/ipa-members-a-contacts/,2026-10-03,0.7,extracted,supports,,"Please Contact us if your Pompe patient organization would like to be an IPA member, or if you need to contact us for any other reason.",,,
E40a635a,ORG:Selbsthilfegruppe_M_Pompe_Schweiz,COUNTRY:CH,based_in,web,https://worldpompe.org/about-us/ipa-members-a-contacts/,2026-10-03,0.7,extracted,supports,,"Please Contact us if your Pompe patient organization would like to be an IPA member, or if you need to contact us for any other reason.",,,
Eb1fda75,ORG:Taiwan_Foundation_for_Rare_Disorders,MONDO:0017694,studies,web,https://worldpompe.org/about-us/ipa-members-a-contacts/,2026-10-03,0.7,extracted,supports,,"Please Contact us if your Pompe patient organization would like to be an IPA member, or if you need to contact us for any other reason.",,,
E3b3391a,ORG:Taiwan_Foundation_for_Rare_Disorders,COUNTRY:TW,based_in,web,https://worldpompe.org/about-us/ipa-members-a-contacts/,2026-10-03,0.7,extracted,supports,,"Please Contact us if your Pompe patient organization would like to be an IPA member, or if you need to contact us for any other reason.",,,
E6aad595,ORG:Genetic_LSD_Foundation_Thailand,MONDO:0017694,studies,web,https://worldpompe.org/about-us/ipa-members-a-contacts/,2026-10-03,0.7,extracted,supports,,"Please Contact us if your Pompe patient organization would like to be an IPA member, or if you need to contact us for any other reason.",,,
E7d5fa32,ORG:Genetic_LSD_Foundation_Thailand,COUNTRY:TH,based_in,web,https://worldpompe.org/about-us/ipa-members-a-contacts/,2026-10-03,0.7,extracted,supports,,"Please Contact us if your Pompe patient organization would like to be an IPA member, or if you need to contact us for any other reason.",,,
Eaf8d65e,ORG:Association_for_Glycogen_Storage_Disease,MONDO:0017694,studies,web,https://worldpompe.org/about-us/ipa-members-a-contacts/,2026-10-03,0.7,extracted,supports,,"Please Contact us if your Pompe patient organization would like to be an IPA member, or if you need to contact us for any other reason.",,,
E9cdea63,ORG:Association_for_Glycogen_Storage_Disease,COUNTRY:GB,based_in,web,https://worldpompe.org/about-us/ipa-members-a-contacts/,2026-10-03,0.7,extracted,supports,,"Please Contact us if your Pompe patient organization would like to be an IPA member, or if you need to contact us for any other reason.",,,
Edcdc6c6,ORG:Pompe_Support_Network,MONDO:0017694,studies,web,https://worldpompe.org/about-us/ipa-members-a-contacts/,2026-10-03,0.7,extracted,supports,,"Please Contact us if your Pompe patient organization would like to be an IPA member, or if you need to contact us for any other reason.",,,
E56814f6,ORG:Pompe_Support_Network,COUNTRY:GB,based_in,web,https://worldpompe.org/about-us/ipa-members-a-contacts/,2026-10-03,0.7,extracted,supports,,"Please Contact us if your Pompe patient organization would like to be an IPA member, or if you need to contact us for any other reason.",,,
Edb39c55,ORG:Acid_Maltase_Deficiency_Association_AMDA,MONDO:0017694,studies,web,https://worldpompe.org/about-us/ipa-members-a-contacts/,2026-10-03,0.7,extracted,supports,,"Please Contact us if your Pompe patient organization would like to be an IPA member, or if you need to contact us for any other reason.",,,
Ed65406f,ORG:Acid_Maltase_Deficiency_Association_AMDA,COUNTRY:US,based_in,web,https://worldpompe.org/about-us/ipa-members-a-contacts/,2026-10-03,0.7,extracted,supports,,"Please Contact us if your Pompe patient organization would like to be an IPA member, or if you need to contact us for any other reason.",,,
E0859919,ORG:United_Pompe_Foundation_UPF,MONDO:0017694,studies,web,https://worldpompe.org/about-us/ipa-members-a-contacts/,2026-10-03,0.7,extracted,supports,,"Please Contact us if your Pompe patient organization would like to be an IPA member, or if you need to contact us for any other reason.",,,
E29f21ef,ORG:United_Pompe_Foundation_UPF,COUNTRY:US,based_in,web,https://worldpompe.org/about-us/ipa-members-a-contacts/,2026-10-03,0.7,extracted,supports,,"Please Contact us if your Pompe patient organization would like to be an IPA member, or if you need to contact us for any other reason.",,,
E367c486,ORG:Asociacion_Uruguaya_De_Pacientes_Con_Enf,MONDO:0017694,studies,web,https://worldpompe.org/about-us/ipa-members-a-contacts/,2026-10-03,0.7,extracted,supports,,"Please Contact us if your Pompe patient organization would like to be an IPA member, or if you need to contact us for any other reason.",,,
Eaaab7e8,ORG:Asociacion_Uruguaya_De_Pacientes_Con_Enf,COUNTRY:UY,based_in,web,https://worldpompe.org/about-us/ipa-members-a-contacts/,2026-10-03,0.7,extracted,supports,,"Please Contact us if your Pompe patient organization would like to be an IPA member, or if you need to contact us for any other reason.",,,
E516c908,ORG:Acid_Maltase_Deficiency_Association,MONDO:0017694,studies,web,https://amda-pompe.org/about-us/,2026-10-03,0.7,extracted,supports,,"The Acid Maltase Deficiency Association, a 501(c)(3) nonprofit, was established in 1995 to assist in funding research and to promote public awareness of Pompe disease",,,
E5cea223,ORG:Acid_Maltase_Deficiency_Association,COUNTRY:US,based_in,web,https://amda-pompe.org/about-us/,2026-10-03,0.7,extracted,supports,,"The Acid Maltase Deficiency Association, a 501(c)(3) nonprofit, was established in 1995 to assist in funding research and to promote public awareness of Pompe disease",,,
E3fa57b9,ORG:Acid_Maltase_Deficiency_Association,ASSET:Patient_Registry,runs,web,https://amda-pompe.org/about-us/,2026-10-03,0.7,extracted,supports,,Patient Registry,,,
Ec799c2f,ASSET:Patient_Registry,MONDO:0017694,studies,web,https://amda-pompe.org/about-us/,2026-10-03,0.7,extracted,supports,,Patient Registry,,,
E6b38519,ORG:Genzyme,MONDO:0017694,studies,web,https://amda-pompe.org/pompe-registry-a-decade-of-making-a-difference/,2026-10-03,0.7,extracted,supports,,The Pompe Registry is an important program that Genzyme sponsors and administers.,,,
Ebe1bf0b,ORG:Genzyme,COUNTRY:US,based_in,web,https://amda-pompe.org/pompe-registry-a-decade-of-making-a-difference/,2026-10-03,0.7,extracted,supports,,The Pompe Registry is an important program that Genzyme sponsors and administers.,,,
E696335b,ORG:Pompe_Deutschland_e_V,MONDO:0017694,studies,web,https://www.mpompe.de/,2026-10-03,0.7,extracted,supports,,Die nachfolgenden Aussagen sind eine Information von Pompe Deutschland für Patienten und Behandler.,,,
E7be6791,ORG:Pompe_Deutschland_e_V,COUNTRY:DE,based_in,web,https://www.mpompe.de/,2026-10-03,0.7,extracted,supports,,Die nachfolgenden Aussagen sind eine Information von Pompe Deutschland für Patienten und Behandler.,,,
E20bd56e,ORG:National_Gaucher_Foundation,MONDO:0009265,studies,web,https://www.gaucherdisease.org/,2026-10-03,0.7,extracted,supports,,The National Gaucher Foundation (NGF) is an independent nonprofit dedicated to serving U.S. patients with Gaucher disease and their families.,,,
E0af4fdf,ORG:National_Gaucher_Foundation,COUNTRY:US,based_in,web,https://www.gaucherdisease.org/,2026-10-03,0.7,extracted,supports,,The National Gaucher Foundation (NGF) is an independent nonprofit dedicated to serving U.S. patients with Gaucher disease and their families.,,,
E422405d,ORG:Gaucher_Association,MONDO:0009265,studies,web,https://www.gaucher.org.uk/associations_around_the_world,2026-10-03,0.7,extracted,supports,,"Associations around the World Promoting awareness, pioneering research and providing support and information for those affected by Gaucher disease.",,,
Ee72174f,ORG:Gaucher_Association,COUNTRY:GB,based_in,web,https://www.gaucher.org.uk/associations_around_the_world,2026-10-03,0.7,extracted,supports,,"Associations around the World Promoting awareness, pioneering research and providing support and information for those affected by Gaucher disease.",,,
E021d1c3,ORG:ÖGG_Österreichische_Gaucher_Gesellschaft,MONDO:0009265,studies,web,https://www.gaucher.org.uk/associations_around_the_world,2026-10-03,0.7,extracted,supports,,"Associations around the World Promoting awareness, pioneering research and providing support and information for those affected by Gaucher disease.",,,
E0093cdc,ORG:ÖGG_Österreichische_Gaucher_Gesellschaft,COUNTRY:AT,based_in,web,https://www.gaucher.org.uk/associations_around_the_world,2026-10-03,0.7,extracted,supports,,"Associations around the World Promoting awareness, pioneering research and providing support and information for those affected by Gaucher disease.",,,
Ef7cf6a3,ORG:Нациоанална_Асоциация_на_болните_от_Гоше,MONDO:0009265,studies,web,https://www.gaucher.org.uk/associations_around_the_world,2026-10-03,0.7,extracted,supports,,"Associations around the World Promoting awareness, pioneering research and providing support and information for those affected by Gaucher disease.",,,
E20138a7,ORG:Нациоанална_Асоциация_на_болните_от_Гоше,COUNTRY:BG,based_in,web,https://www.gaucher.org.uk/associations_around_the_world,2026-10-03,0.7,extracted,supports,,"Associations around the World Promoting awareness, pioneering research and providing support and information for those affected by Gaucher disease.",,,
E6783954,ORG:Občanské_sdružení_rodičů_dětí_a_dospělýc,MONDO:0009265,studies,web,https://www.gaucher.org.uk/associations_around_the_world,2026-10-03,0.7,extracted,supports,,"Associations around the World Promoting awareness, pioneering research and providing support and information for those affected by Gaucher disease.",,,
Eee7d620,ORG:Občanské_sdružení_rodičů_dětí_a_dospělýc,COUNTRY:CZ,based_in,web,https://www.gaucher.org.uk/associations_around_the_world,2026-10-03,0.7,extracted,supports,,"Associations around the World Promoting awareness, pioneering research and providing support and information for those affected by Gaucher disease.",,,
Eb24e10d,ORG:Gaucher_Association_Estonia,MONDO:0009265,studies,web,https://www.gaucher.org.uk/associations_around_the_world,2026-10-03,0.7,extracted,supports,,"Associations around the World Promoting awareness, pioneering research and providing support and information for those affected by Gaucher disease.",,,
Eda6c10f,ORG:Gaucher_Association_Estonia,COUNTRY:EE,based_in,web,https://www.gaucher.org.uk/associations_around_the_world,2026-10-03,0.7,extracted,supports,,"Associations around the World Promoting awareness, pioneering research and providing support and information for those affected by Gaucher disease.",,,
E7cff99c,ORG:Suomen_Gaucher_Yhdistys,MONDO:0009265,studies,web,https://www.gaucher.org.uk/associations_around_the_world,2026-10-03,0.7,extracted,supports,,"Associations around the World Promoting awareness, pioneering research and providing support and information for those affected by Gaucher disease.",,,
E08241a4,ORG:Suomen_Gaucher_Yhdistys,COUNTRY:FI,based_in,web,https://www.gaucher.org.uk/associations_around_the_world,2026-10-03,0.7,extracted,supports,,"Associations around the World Promoting awareness, pioneering research and providing support and information for those affected by Gaucher disease.",,,
E5ce51ea,ORG:VAINCRE_LES_MALADIES_LYSOSOMALES,MONDO:0009265,studies,web,https://www.gaucher.org.uk/associations_around_the_world,2026-10-03,0.7,extracted,supports,,"Associations around the World Promoting awareness, pioneering research and providing support and information for those affected by Gaucher disease.",,,
E17798bd,ORG:VAINCRE_LES_MALADIES_LYSOSOMALES,COUNTRY:FR,based_in,web,https://www.gaucher.org.uk/associations_around_the_world,2026-10-03,0.7,extracted,supports,,"Associations around the World Promoting awareness, pioneering research and providing support and information for those affected by Gaucher disease.",,,
Eeabd144,ORG:Нациоанална_Асоциация_на_болните_от_Гоше,COUNTRY:IL,based_in,web,https://www.gaucher.org.uk/associations_around_the_world,2026-10-03,0.7,extracted,supports,,"Associations around the World Promoting awareness, pioneering research and providing support and information for those affected by Gaucher disease.",,,
Edf446f8,ORG:AssociazioneItaliana_Gaucher_ONLUS,MONDO:0009265,studies,web,https://www.gaucher.org.uk/associations_around_the_world,2026-10-03,0.7,extracted,supports,,"Associations around the World Promoting awareness, pioneering research and providing support and information for those affected by Gaucher disease.",,,
E5a97359,ORG:AssociazioneItaliana_Gaucher_ONLUS,COUNTRY:IT,based_in,web,https://www.gaucher.org.uk/associations_around_the_world,2026-10-03,0.7,extracted,supports,,"Associations around the World Promoting awareness, pioneering research and providing support and information for those affected by Gaucher disease.",,,
Eea3d5c0,ORG:Нациоанална_Асоциация_на_болните_от_Гоше,COUNTRY:JO,based_in,web,https://www.gaucher.org.uk/associations_around_the_world,2026-10-03,0.7,extracted,supports,,"Associations around the World Promoting awareness, pioneering research and providing support and information for those affected by Gaucher disease.",,,
E3e10be3,ORG:GOÐË_ASOCIACIJA,MONDO:0009265,studies,web,https://www.gaucher.org.uk/associations_around_the_world,2026-10-03,0.7,extracted,supports,,"Associations around the World Promoting awareness, pioneering research and providing support and information for those affected by Gaucher disease.",,,
E0d99d1c,ORG:GOÐË_ASOCIACIJA,COUNTRY:LT,based_in,web,https://www.gaucher.org.uk/associations_around_the_world,2026-10-03,0.7,extracted,supports,,"Associations around the World Promoting awareness, pioneering research and providing support and information for those affected by Gaucher disease.",,,
E1938736,ORG:Gaucherforeningen_Norge,MONDO:0009265,studies,web,https://www.gaucher.org.uk/associations_around_the_world,2026-10-03,0.7,extracted,supports,,"Associations around the World Promoting awareness, pioneering research and providing support and information for those affected by Gaucher disease.",,,
Ee5df25d,ORG:Gaucherforeningen_Norge,COUNTRY:NO,based_in,web,https://www.gaucher.org.uk/associations_around_the_world,2026-10-03,0.7,extracted,supports,,"Associations around the World Promoting awareness, pioneering research and providing support and information for those affected by Gaucher disease.",,,
E4c1936a,ORG:Stowarzyszenie_Rodzin_osób_z_choroba_Gau,MONDO:0009265,studies,web,https://www.gaucher.org.uk/associations_around_the_world,2026-10-03,0.7,extracted,supports,,"Associations around the World Promoting awareness, pioneering research and providing support and information for those affected by Gaucher disease.",,,
Ea61b248,ORG:Stowarzyszenie_Rodzin_osób_z_choroba_Gau,COUNTRY:PL,based_in,web,https://www.gaucher.org.uk/associations_around_the_world,2026-10-03,0.7,extracted,supports,,"Associations around the World Promoting awareness, pioneering research and providing support and information for those affected by Gaucher disease.",,,
E0627392,ORG:Нациоанална_Асоциация_на_болните_от_Гоше,COUNTRY:RU,based_in,web,https://www.gaucher.org.uk/associations_around_the_world,2026-10-03,0.7,extracted,supports,,"Associations around the World Promoting awareness, pioneering research and providing support and information for those affected by Gaucher disease.",,,
Ed3f12ca,ORG:Udruzenje_gradjana_za_pomoc_u_lecenju_ob,MONDO:0009265,studies,web,https://www.gaucher.org.uk/associations_around_the_world,2026-10-03,0.7,extracted,supports,,"Associations around the World Promoting awareness, pioneering research and providing support and information for those affected by Gaucher disease.",,,
E9860e57,ORG:Udruzenje_gradjana_za_pomoc_u_lecenju_ob,COUNTRY:RS,based_in,web,https://www.gaucher.org.uk/associations_around_the_world,2026-10-03,0.7,extracted,supports,,"Associations around the World Promoting awareness, pioneering research and providing support and information for those affected by Gaucher disease.",,,
Eceb308d,ORG:Društvo_bolnikov_z_gaucherjevo_boleznijo,MONDO:0009265,studies,web,https://www.gaucher.org.uk/associations_around_the_world,2026-10-03,0.7,extracted,supports,,"Associations around the World Promoting awareness, pioneering research and providing support and information for those affected by Gaucher disease.",,,
E935006a,ORG:Društvo_bolnikov_z_gaucherjevo_boleznijo,COUNTRY:SI,based_in,web,https://www.gaucher.org.uk/associations_around_the_world,2026-10-03,0.7,extracted,supports,,"Associations around the World Promoting awareness, pioneering research and providing support and information for those affected by Gaucher disease.",,,
E96f8d1e,ORG:Gaucher_Society_of_South_Africa,MONDO:0009265,studies,web,https://www.gaucher.org.uk/associations_around_the_world,2026-10-03,0.7,extracted,supports,,"Associations around the World Promoting awareness, pioneering research and providing support and information for those affected by Gaucher disease.",,,
E7dcc420,ORG:Gaucher_Society_of_South_Africa,COUNTRY:ZA,based_in,web,https://www.gaucher.org.uk/associations_around_the_world,2026-10-03,0.7,extracted,supports,,"Associations around the World Promoting awareness, pioneering research and providing support and information for those affected by Gaucher disease.",,,
E69bcb65,ORG:ASOCIACIÓN_ESPAÑOLA_DE_ENFERMOS_Y_FAMILI,MONDO:0009265,studies,web,https://www.gaucher.org.uk/associations_around_the_world,2026-10-03,0.7,extracted,supports,,"Associations around the World Promoting awareness, pioneering research and providing support and information for those affected by Gaucher disease.",,,
E6e8fd8d,ORG:ASOCIACIÓN_ESPAÑOLA_DE_ENFERMOS_Y_FAMILI,COUNTRY:ES,based_in,web,https://www.gaucher.org.uk/associations_around_the_world,2026-10-03,0.7,extracted,supports,,"Associations around the World Promoting awareness, pioneering research and providing support and information for those affected by Gaucher disease.",,,
E72f2102,ORG:Morbus_Gaucherföreningen_i_Sverige,MONDO:0009265,studies,web,https://www.gaucher.org.uk/associations_around_the_world,2026-10-03,0.7,extracted,supports,,"Associations around the World Promoting awareness, pioneering research and providing support and information for those affected by Gaucher disease.",,,
Eecbcbe9,ORG:Morbus_Gaucherföreningen_i_Sverige,COUNTRY:SE,based_in,web,https://www.gaucher.org.uk/associations_around_the_world,2026-10-03,0.7,extracted,supports,,"Associations around the World Promoting awareness, pioneering research and providing support and information for those affected by Gaucher disease.",,,
E086c924,ORG:National_Gaucher_Foundation_Inc,MONDO:0009265,studies,web,https://www.gaucher.org.uk/associations_around_the_world,2026-10-03,0.7,extracted,supports,,"Associations around the World Promoting awareness, pioneering research and providing support and information for those affected by Gaucher disease.",,,
E5015ee0,ORG:National_Gaucher_Foundation_Inc,COUNTRY:US,based_in,web,https://www.gaucher.org.uk/associations_around_the_world,2026-10-03,0.7,extracted,supports,,"Associations around the World Promoting awareness, pioneering research and providing support and information for those affected by Gaucher disease.",,,
Ede38874,ORG:Gaucher_Gesellschaft_Deutschland_e_V,MONDO:0009265,studies,web,https://www.ggd-ev.de/,2026-10-03,0.7,extracted,supports,,Willkommen auf der Internetseite der bundesweiten Selbsthilfeorganisation für Betroffene und Angehörige mit Morbus Gaucher.,,,
E88b1283,ORG:Gaucher_Gesellschaft_Deutschland_e_V,COUNTRY:DE,based_in,web,https://www.ggd-ev.de/,2026-10-03,0.7,extracted,supports,,Willkommen auf der Internetseite der bundesweiten Selbsthilfeorganisation für Betroffene und Angehörige mit Morbus Gaucher.,,,
E4099fdd,ORG:AEEFE_Gaucher,MONDO:0009265,studies,web,https://aeefegaucher.es/,2026-10-03,0.7,extracted,supports,,AEEFE Gaucher · Zamora · España · Todo el apoyo e información a los pacientes y familiares de la Enfermedad de Gaucher.,,,
E06b82f9,ORG:AEEFE_Gaucher,COUNTRY:ES,based_in,web,https://aeefegaucher.es/,2026-10-03,0.7,extracted,supports,,AEEFE Gaucher · Zamora · España · Todo el apoyo e información a los pacientes y familiares de la Enfermedad de Gaucher.,,,
Ec531416,ORG:The_National_Fabry_Disease_Foundation,MONDO:0010526,studies,web,https://fabryintnetwork.com/members,2026-10-03,0.7,extracted,supports,,These organizations combine to create the Fabry International Network,,,
Efdb71cf,ORG:The_National_Fabry_Disease_Foundation,COUNTRY:US,based_in,web,https://fabryintnetwork.com/members,2026-10-03,0.7,extracted,supports,,These organizations combine to create the Fabry International Network,,,
Edcdc139,ORG:Fabry_Support_Information_Group,MONDO:0010526,studies,web,https://fabryintnetwork.com/members,2026-10-03,0.7,extracted,supports,,These organizations combine to create the Fabry International Network,,,
Eb0adef0,ORG:Fabry_Support_Information_Group,COUNTRY:US,based_in,web,https://fabryintnetwork.com/members,2026-10-03,0.7,extracted,supports,,These organizations combine to create the Fabry International Network,,,
E6e80d7b,ORG:Canadian_Fabry_Association,MONDO:0010526,studies,web,https://fabryintnetwork.com/members,2026-10-03,0.7,extracted,supports,,These organizations combine to create the Fabry International Network,,,
E3bb7845,ORG:Canadian_Fabry_Association,COUNTRY:CA,based_in,web,https://fabryintnetwork.com/members,2026-10-03,0.7,extracted,supports,,These organizations combine to create the Fabry International Network,,,
E9abab66,ORG:ABRAFF,MONDO:0010526,studies,web,https://fabryintnetwork.com/members,2026-10-03,0.7,extracted,supports,,These organizations combine to create the Fabry International Network,,,
E171b846,ORG:ABRAFF,COUNTRY:BR,based_in,web,https://fabryintnetwork.com/members,2026-10-03,0.7,extracted,supports,,These organizations combine to create the Fabry International Network,,,
E2126291,ORG:Fabry_Ireland,MONDO:0010526,studies,web,https://fabryintnetwork.com/members,2026-10-03,0.7,extracted,supports,,These organizations combine to create the Fabry International Network,,,
Ee748d86,ORG:Fabry_Ireland,COUNTRY:IE,based_in,web,https://fabryintnetwork.com/members,2026-10-03,0.7,extracted,supports,,These organizations combine to create the Fabry International Network,,,
E9240d0b,ORG:The_Fabry_Disease_Patients_Association_A,MONDO:0010526,studies,web,https://fabryintnetwork.com/members,2026-10-03,0.7,extracted,supports,,These organizations combine to create the Fabry International Network,,,
E3321e85,ORG:The_Fabry_Disease_Patients_Association_A,COUNTRY:FR,based_in,web,https://fabryintnetwork.com/members,2026-10-03,0.7,extracted,supports,,These organizations combine to create the Fabry International Network,,,
E54229f0,ORG:l_association_Vaincre_les_Maladies_Lysos,MONDO:0010526,studies,web,https://fabryintnetwork.com/members,2026-10-03,0.7,extracted,supports,,These organizations combine to create the Fabry International Network,,,
E432f2f2,ORG:l_association_Vaincre_les_Maladies_Lysos,COUNTRY:FR,based_in,web,https://fabryintnetwork.com/members,2026-10-03,0.7,extracted,supports,,These organizations combine to create the Fabry International Network,,,
Eb4163f5,ORG:Fabry_Support_Informatie_Groep_Nederland,MONDO:0010526,studies,web,https://fabryintnetwork.com/members,2026-10-03,0.7,extracted,supports,,These organizations combine to create the Fabry International Network,,,
E199ff9d,ORG:Fabry_Support_Informatie_Groep_Nederland,COUNTRY:NL,based_in,web,https://fabryintnetwork.com/members,2026-10-03,0.7,extracted,supports,,These organizations combine to create the Fabry International Network,,,
Ef2c9979,ORG:Strona_Stowarzyszenia_Rodzin_z_Chorobą_F,MONDO:0010526,studies,web,https://fabryintnetwork.com/members,2026-10-03,0.7,extracted,supports,,These organizations combine to create the Fabry International Network,,,
E043dd18,ORG:Strona_Stowarzyszenia_Rodzin_z_Chorobą_F,COUNTRY:PL,based_in,web,https://fabryintnetwork.com/members,2026-10-03,0.7,extracted,supports,,These organizations combine to create the Fabry International Network,,,
E6144a12,ORG:FabrySuisse,MONDO:0010526,studies,web,https://fabryintnetwork.com/members,2026-10-03,0.7,extracted,supports,,These organizations combine to create the Fabry International Network,,,
E84eebf8,ORG:FabrySuisse,COUNTRY:CH,based_in,web,https://fabryintnetwork.com/members,2026-10-03,0.7,extracted,supports,,These organizations combine to create the Fabry International Network,,,
Eb3b985b,ORG:The_MPS_Society_Fabry,MONDO:0010526,studies,web,https://fabryintnetwork.com/members,2026-10-03,0.7,extracted,supports,,These organizations combine to create the Fabry International Network,,,
Ec551e77,ORG:The_MPS_Society_Fabry,COUNTRY:GB,based_in,web,https://fabryintnetwork.com/members,2026-10-03,0.7,extracted,supports,,These organizations combine to create the Fabry International Network,,,
E4e11544,ORG:Italian_Association_of_Anderson_Fabry_Pa,MONDO:0010526,studies,web,https://fabryintnetwork.com/members,2026-10-03,0.7,extracted,supports,,These organizations combine to create the Fabry International Network,,,
E273df99,ORG:Italian_Association_of_Anderson_Fabry_Pa,COUNTRY:IT,based_in,web,https://fabryintnetwork.com/members,2026-10-03,0.7,extracted,supports,,These organizations combine to create the Fabry International Network,,,
E1006ce8,ORG:Gruppo_Italiano_Pazienti_Fabry_G_I_P_F_O,MONDO:0010526,studies,web,https://fabryintnetwork.com/members,2026-10-03,0.7,extracted,supports,,These organizations combine to create the Fabry International Network,,,
Ebf335ae,ORG:Gruppo_Italiano_Pazienti_Fabry_G_I_P_F_O,COUNTRY:IT,based_in,web,https://fabryintnetwork.com/members,2026-10-03,0.7,extracted,supports,,These organizations combine to create the Fabry International Network,,,
E15bceaa,ORG:Spanish_Fabry_MSP_Asociation,MONDO:0010526,studies,web,https://fabryintnetwork.com/members,2026-10-03,0.7,extracted,supports,,These organizations combine to create the Fabry International Network,,,
E782356c,ORG:Spanish_Fabry_MSP_Asociation,COUNTRY:ES,based_in,web,https://fabryintnetwork.com/members,2026-10-03,0.7,extracted,supports,,These organizations combine to create the Fabry International Network,,,
Ef8d8b82,ORG:ADAC,MONDO:0010526,studies,web,https://fabryintnetwork.com/members,2026-10-03,0.7,extracted,supports,,These organizations combine to create the Fabry International Network,,,
E1cae7e8,ORG:ADAC,COUNTRY:ES,based_in,web,https://fabryintnetwork.com/members,2026-10-03,0.7,extracted,supports,,These organizations combine to create the Fabry International Network,,,
Eaf89ab7,ORG:Finnish_Fabry_Asociation,MONDO:0010526,studies,web,https://fabryintnetwork.com/members,2026-10-03,0.7,extracted,supports,,These organizations combine to create the Fabry International Network,,,
E3e9cf50,ORG:Finnish_Fabry_Asociation,COUNTRY:FI,based_in,web,https://fabryintnetwork.com/members,2026-10-03,0.7,extracted,supports,,These organizations combine to create the Fabry International Network,,,
E52b7769,ORG:Patientföreningen_för_Fabrysjuka_i_Sveri,MONDO:0010526,studies,web,https://fabryintnetwork.com/members,2026-10-03,0.7,extracted,supports,,These organizations combine to create the Fabry International Network,,,
E03b98b7,ORG:Patientföreningen_för_Fabrysjuka_i_Sveri,COUNTRY:SE,based_in,web,https://fabryintnetwork.com/members,2026-10-03,0.7,extracted,supports,,These organizations combine to create the Fabry International Network,,,
Ebfc4225,ORG:Fabry_Pasient_Foreningen,MONDO:0010526,studies,web,https://fabryintnetwork.com/members,2026-10-03,0.7,extracted,supports,,These organizations combine to create the Fabry International Network,,,
E1f6d781,ORG:Fabry_Pasient_Foreningen,COUNTRY:NO,based_in,web,https://fabryintnetwork.com/members,2026-10-03,0.7,extracted,supports,,These organizations combine to create the Fabry International Network,,,
E0fbe5fb,ORG:Fabry_Patientforeningen_Danmark,MONDO:0010526,studies,web,https://fabryintnetwork.com/members,2026-10-03,0.7,extracted,supports,,These organizations combine to create the Fabry International Network,,,
Eda3ffd0,ORG:Fabry_Patientforeningen_Danmark,COUNTRY:DK,based_in,web,https://fabryintnetwork.com/members,2026-10-03,0.7,extracted,supports,,These organizations combine to create the Fabry International Network,,,
Ebc2557c,ORG:BOKS,MONDO:0010526,studies,web,https://fabryintnetwork.com/members,2026-10-03,0.7,extracted,supports,,These organizations combine to create the Fabry International Network,,,
Eca55ce5,ORG:BOKS,COUNTRY:BE,based_in,web,https://fabryintnetwork.com/members,2026-10-03,0.7,extracted,supports,,These organizations combine to create the Fabry International Network,,,
Ec6d405f,ORG:Associação_Portuguesa_das_Doenças_do_Lis,MONDO:0010526,studies,web,https://fabryintnetwork.com/members,2026-10-03,0.7,extracted,supports,,These organizations combine to create the Fabry International Network,,,
E8b2a9e1,ORG:Associação_Portuguesa_das_Doenças_do_Lis,COUNTRY:PT,based_in,web,https://fabryintnetwork.com/members,2026-10-03,0.7,extracted,supports,,These organizations combine to create the Fabry International Network,,,
Eb06739f,ORG:Lysosomal_Diseases_New_Zealand,MONDO:0010526,studies,web,https://fabryintnetwork.com/members,2026-10-03,0.7,extracted,supports,,These organizations combine to create the Fabry International Network,,,
E1efbd41,ORG:Lysosomal_Diseases_New_Zealand,COUNTRY:NZ,based_in,web,https://fabryintnetwork.com/members,2026-10-03,0.7,extracted,supports,,These organizations combine to create the Fabry International Network,,,
E1f270be,ORG:Fabry_Support_Group_Australia_Inc_FSGA,MONDO:0010526,studies,web,https://fabryintnetwork.com/members,2026-10-03,0.7,extracted,supports,,These organizations combine to create the Fabry International Network,,,
E3a31dc1,ORG:Fabry_Support_Group_Australia_Inc_FSGA,COUNTRY:AU,based_in,web,https://fabryintnetwork.com/members,2026-10-03,0.7,extracted,supports,,These organizations combine to create the Fabry International Network,,,
E14fa71c,ORG:Fabry_International_Network,MONDO:0010526,studies,web,https://www.fabrynetwork.org/about-us/,2026-10-03,0.7,extracted,supports,,"That's where FIN comes in: an independent and vibrant network of Fabry patient associations whose purpose is to collaborate, communicate and promote best practice to support those affected by Fabry disease.",,,
Ea43af60,ORG:Fabry_International_Network,COUNTRY:BE,based_in,web,https://www.fabrynetwork.org/about-us/,2026-10-03,0.7,extracted,supports,,"That's where FIN comes in: an independent and vibrant network of Fabry patient associations whose purpose is to collaborate, communicate and promote best practice to support those affected by Fabry disease.",,,
E245eca1,ORG:Fabry_Support_Information_Group,MONDO:0010526,studies,web,https://www.fabry.org/,2026-10-03,0.7,extracted,supports,,"At Fabry Support & Information Group, we are dedicated to providing essential resources and a compassionate community for individuals affected by Fabry disease.",,,
E38622dd,ORG:Fabry_Support_Information_Group,COUNTRY:US,based_in,web,https://www.fabry.org/,2026-10-03,0.7,extracted,supports,,"At Fabry Support & Information Group, we are dedicated to providing essential resources and a compassionate community for individuals affected by Fabry disease.",,,
Eb8dff79,ORG:Canadian_Fabry_Association,MONDO:0010526,studies,web,https://www.fabrycanada.com/,2026-10-03,0.7,extracted,supports,,The Canadian Fabry Association (CFA) is committed to improving the lives of those who live with and are affected by Fabry disease in Canada.,,,
E81921bb,ORG:Canadian_Fabry_Association,COUNTRY:CA,based_in,web,https://www.fabrycanada.com/,2026-10-03,0.7,extracted,supports,,The Canadian Fabry Association (CFA) is committed to improving the lives of those who live with and are affected by Fabry disease in Canada.,,,
E7aa1953,ORG:KrabbeConnect,MONDO:0009499,studies,web,https://krabbeconnect.org/about-krabbeconnect/,2026-10-03,0.7,extracted,supports,,"Founders, Stacy Pike-Langenfeld and Anne Rugari, formed KrabbeConnect, a 501 (c)(3) in 2017, to bridge the gap between Krabbe disease science and patient knowledge.",,,
E4f2d8ba,ORG:KrabbeConnect,COUNTRY:US,based_in,web,https://krabbeconnect.org/about-krabbeconnect/,2026-10-03,0.7,extracted,supports,,"Founders, Stacy Pike-Langenfeld and Anne Rugari, formed KrabbeConnect, a 501 (c)(3) in 2017, to bridge the gap between Krabbe disease science and patient knowledge.",,,
Ed349bff,ORG:Krabbe_UK,MONDO:0009499,studies,web,https://www.krabbeuk.org/,2026-10-03,0.7,extracted,supports,,"Krabbe UK is a charity registered in the UK, supporting families affected by Krabbe Leukodystrophy.",,,
E15741b2,ORG:Krabbe_UK,COUNTRY:GB,based_in,web,https://www.krabbeuk.org/,2026-10-03,0.7,extracted,supports,,"Krabbe UK is a charity registered in the UK, supporting families affected by Krabbe Leukodystrophy.",,,
Ecbb1cae,ORG:National_Institute_of_Neurological_Disor,MONDO:0009499,studies,web,https://www.ninds.nih.gov/health-information/clinical-trials/krabbe-disease-global-patient-registry,2026-10-03,0.7,extracted,supports,,"The information collected in the registry will be used to improve accuracy of diagnosis, and to prevent children who are not destined to develop Krabbe from being subjected unnecessarily to treatment.",,,
E91d128a,ORG:National_Institute_of_Neurological_Disor,COUNTRY:US,based_in,web,https://www.ninds.nih.gov/health-information/clinical-trials/krabbe-disease-global-patient-registry,2026-10-03,0.7,extracted,supports,,"The information collected in the registry will be used to improve accuracy of diagnosis, and to prevent children who are not destined to develop Krabbe from being subjected unnecessarily to treatment.",,,
E578ad23,ORG:National_Institute_of_Neurological_Disor,ASSET:Krabbe_Disease_Global_Patient_Registry,runs,web,https://www.ninds.nih.gov/health-information/clinical-trials/krabbe-disease-global-patient-registry,2026-10-03,0.7,extracted,supports,,"The information collected in the registry will be used to improve accuracy of diagnosis, and to prevent children who are not destined to develop Krabbe from being subjected unnecessarily to treatment.",,,
E92ff8aa,ASSET:Krabbe_Disease_Global_Patient_Registry,MONDO:0009499,studies,web,https://www.ninds.nih.gov/health-information/clinical-trials/krabbe-disease-global-patient-registry,2026-10-03,0.7,extracted,supports,,"The information collected in the registry will be used to improve accuracy of diagnosis, and to prevent children who are not destined to develop Krabbe from being subjected unnecessarily to treatment.",,,
Ef09b1a9,ORG:MLD_Foundation,MONDO:0009591,studies,web,https://mld.foundation/about-us/,2026-10-03,0.7,extracted,supports,,"MLD Foundation was formed in May 2001 to serve families throughout the world affected by metachromatic leukodystrophy (MLD), an ultra-rare, terminal, neurometabolic, genetic disease.",,,
E17150e2,ORG:MLD_Foundation,COUNTRY:US,based_in,web,https://mld.foundation/about-us/,2026-10-03,0.7,extracted,supports,,"MLD Foundation was formed in May 2001 to serve families throughout the world affected by metachromatic leukodystrophy (MLD), an ultra-rare, terminal, neurometabolic, genetic disease.",,,
E191273d,ORG:MLD_Foundation,MONDO:0009591,studies,web,https://mld.foundation/registry/,2026-10-03,0.7,extracted,supports,,"© 1999 – 2026, MLD Foundation.",,,
E48aecec,ORG:MLD_Foundation,COUNTRY:US,based_in,web,https://mld.foundation/registry/,2026-10-03,0.7,extracted,supports,,"© 1999 – 2026, MLD Foundation.",,,
E7bd4f6c,ORG:MLD_Foundation,ASSET:MLD_Patient_Powered_Registry,runs,web,https://mld.foundation/registry/,2026-10-03,0.7,extracted,supports,,MLD Patient Powered Registry,,,
E5a2235b,ASSET:MLD_Patient_Powered_Registry,MONDO:0009591,studies,web,https://mld.foundation/registry/,2026-10-03,0.7,extracted,supports,,MLD Patient Powered Registry,,,
Ec750679,ORG:MLD_initiative_MLDi,MONDO:0009591,studies,web,https://www.mldinitiative.com/home/about-us/,2026-10-03,0.7,extracted,supports,,The MLD initiative (MLDi) is an international MLD registry and multi-stakeholder collaboration.,,,
E28a2bba,ORG:MLD_initiative_MLDi,COUNTRY:NL,based_in,web,https://www.mldinitiative.com/home/about-us/,2026-10-03,0.7,extracted,supports,,The MLD initiative (MLDi) is an international MLD registry and multi-stakeholder collaboration.,,,
E0dd2ea1,ORG:MLD_initiative_MLDi,ASSET:International_MLD_registry,runs,web,https://www.mldinitiative.com/home/about-us/,2026-10-03,0.7,extracted,supports,,The MLD initiative (MLDi) is an international MLD registry and multi-stakeholder collaboration.,,,
E8156254,ASSET:International_MLD_registry,MONDO:0009591,studies,web,https://www.mldinitiative.com/home/about-us/,2026-10-03,0.7,extracted,supports,,The MLD initiative (MLDi) is an international MLD registry and multi-stakeholder collaboration.,,,
E951b691,ORG:National_Tay_Sachs_Allied_Diseases_Assoc,MONDO:0010100,studies,web,https://ntsad.org/about-ntsad/,2026-10-03,0.7,extracted,supports,,"National Tay-Sachs & Allied Diseases Association (NTSAD) leads the worldwide fight to treat and cure Tay-Sachs, Canavan, GM1, and Sandhoff diseases by driving research, forging collaboration, and fostering community.",,,
E960696e,ORG:National_Tay_Sachs_Allied_Diseases_Assoc,MONDO:0010079,studies,web,https://ntsad.org/about-ntsad/,2026-10-03,0.7,extracted,supports,,"National Tay-Sachs & Allied Diseases Association (NTSAD) leads the worldwide fight to treat and cure Tay-Sachs, Canavan, GM1, and Sandhoff diseases by driving research, forging collaboration, and fostering community.",,,
E3f52bb3,ORG:National_Tay_Sachs_Allied_Diseases_Assoc,MONDO:0009260,studies,web,https://ntsad.org/about-ntsad/,2026-10-03,0.7,extracted,supports,,"National Tay-Sachs & Allied Diseases Association (NTSAD) leads the worldwide fight to treat and cure Tay-Sachs, Canavan, GM1, and Sandhoff diseases by driving research, forging collaboration, and fostering community.",,,
E01216c0,ORG:National_Tay_Sachs_Allied_Diseases_Assoc,MONDO:0010006,studies,web,https://ntsad.org/about-ntsad/,2026-10-03,0.7,extracted,supports,,"National Tay-Sachs & Allied Diseases Association (NTSAD) leads the worldwide fight to treat and cure Tay-Sachs, Canavan, GM1, and Sandhoff diseases by driving research, forging collaboration, and fostering community.",,,
Eb1be1fe,ORG:National_Tay_Sachs_Allied_Diseases_Assoc,COUNTRY:US,based_in,web,https://ntsad.org/about-ntsad/,2026-10-03,0.7,extracted,supports,,"National Tay-Sachs & Allied Diseases Association (NTSAD) leads the worldwide fight to treat and cure Tay-Sachs, Canavan, GM1, and Sandhoff diseases by driving research, forging collaboration, and fostering community.",,,
E50e701a,ORG:National_Tay_Sachs_Allied_Diseases_Assoc,ASSET:Virtual_Biorepository,runs,web,https://ntsad.org/about-ntsad/,2026-10-03,0.7,extracted,supports,,Virtual Biorepository,,,
E5debefc,ORG:National_Tay_Sachs_Allied_Diseases_Assoc,ASSET:Variant_Mutation_Database,runs,web,https://ntsad.org/about-ntsad/,2026-10-03,0.7,extracted,supports,,Variant (Mutation) Database,,,
Ecfc15cf,ORG:National_Tay_Sachs_Allied_Diseases_Assoc,MONDO:0010100,studies,web,https://ntsad.org/ntsad-research/research-for-families-and-individuals/natural-history-studies/,2026-10-03,0.7,extracted,supports,,"National Tay-Sachs & Allied Diseases Association (NTSAD) leads the worldwide fight to treat and cure Tay-Sachs, Canavan, GM1, and Sandhoff diseases by driving research, forging collaboration, and fostering community.",,,
E6ba232b,ORG:National_Tay_Sachs_Allied_Diseases_Assoc,MONDO:0010006,studies,web,https://ntsad.org/ntsad-research/research-for-families-and-individuals/natural-history-studies/,2026-10-03,0.7,extracted,supports,,"National Tay-Sachs & Allied Diseases Association (NTSAD) leads the worldwide fight to treat and cure Tay-Sachs, Canavan, GM1, and Sandhoff diseases by driving research, forging collaboration, and fostering community.",,,
Ea6d6745,ORG:National_Tay_Sachs_Allied_Diseases_Assoc,MONDO:0009260,studies,web,https://ntsad.org/ntsad-research/research-for-families-and-individuals/natural-history-studies/,2026-10-03,0.7,extracted,supports,,"National Tay-Sachs & Allied Diseases Association (NTSAD) leads the worldwide fight to treat and cure Tay-Sachs, Canavan, GM1, and Sandhoff diseases by driving research, forging collaboration, and fostering community.",,,
Ef52c6e0,ORG:National_Tay_Sachs_Allied_Diseases_Assoc,MONDO:0010079,studies,web,https://ntsad.org/ntsad-research/research-for-families-and-individuals/natural-history-studies/,2026-10-03,0.7,extracted,supports,,"National Tay-Sachs & Allied Diseases Association (NTSAD) leads the worldwide fight to treat and cure Tay-Sachs, Canavan, GM1, and Sandhoff diseases by driving research, forging collaboration, and fostering community.",,,
Eac13baa,ORG:National_Tay_Sachs_Allied_Diseases_Assoc,COUNTRY:US,based_in,web,https://ntsad.org/ntsad-research/research-for-families-and-individuals/natural-history-studies/,2026-10-03,0.7,extracted,supports,,"National Tay-Sachs & Allied Diseases Association (NTSAD) leads the worldwide fight to treat and cure Tay-Sachs, Canavan, GM1, and Sandhoff diseases by driving research, forging collaboration, and fostering community.",,,
Ebba29d7,ORG:National_Tay_Sachs_Allied_Diseases_Assoc,ASSET:CanInform,runs,web,https://ntsad.org/ntsad-research/research-for-families-and-individuals/natural-history-studies/,2026-10-03,0.7,extracted,supports,,CanInform A natural history study for Canavan disease sponsored by Aspa Therapeutics.,,,
Ef4a1117,ASSET:CanInform,MONDO:0010079,studies,web,https://ntsad.org/ntsad-research/research-for-families-and-individuals/natural-history-studies/,2026-10-03,0.7,extracted,supports,,CanInform A natural history study for Canavan disease sponsored by Aspa Therapeutics.,,,
Eec45a91,ORG:National_Tay_Sachs_Allied_Diseases_Assoc,ASSET:Construction_and_Validation_of_the_Infan,runs,web,https://ntsad.org/ntsad-research/research-for-families-and-individuals/natural-history-studies/,2026-10-03,0.7,extracted,supports,,Construction and Validation of the Infantile onset GM2 Gangliosidosis Rating Scale The purpose of this study is to develop a virtual clinical assessment tool for infantile onset GM2.,,,
Ed62db40,ORG:National_Tay_Sachs_Allied_Diseases_Assoc,ASSET:Natural_History_of_Glycosphingolipid_Sto,runs,web,https://ntsad.org/ntsad-research/research-for-families-and-individuals/natural-history-studies/,2026-10-03,0.7,extracted,supports,,"Natural History of Glycosphingolipid Storage Disorders and Glycoprotein Disorders (NIH) This is a natural history study that will evaluate any patient with enzyme or DNA confirmed GM1 or GM2 gangliosidosis, sialidosis or galactosialidosis.",,,
E48e5738,ORG:National_Tay_Sachs_Allied_Diseases_Assoc,ASSET:PRONTO_Azafaros,runs,web,https://ntsad.org/ntsad-research/research-for-families-and-individuals/natural-history-studies/,2026-10-03,0.7,extracted,supports,,PRONTO – Azafaros A natural history study of GM1 and GM2 (Sandhoff and Tay-Sachs),,,
Ed1705e4,ASSET:PRONTO_Azafaros,MONDO:0010100,studies,web,https://ntsad.org/ntsad-research/research-for-families-and-individuals/natural-history-studies/,2026-10-03,0.7,extracted,supports,,PRONTO – Azafaros A natural history study of GM1 and GM2 (Sandhoff and Tay-Sachs),,,
E77003ab,ASSET:PRONTO_Azafaros,MONDO:0010006,studies,web,https://ntsad.org/ntsad-research/research-for-families-and-individuals/natural-history-studies/,2026-10-03,0.7,extracted,supports,,PRONTO – Azafaros A natural history study of GM1 and GM2 (Sandhoff and Tay-Sachs),,,
Edc4757e,ORG:National_Tay_Sachs_Allied_Diseases_Assoc,ASSET:UPenn_Natural_History_Study_of_Infantile,runs,web,https://ntsad.org/ntsad-research/research-for-families-and-individuals/natural-history-studies/,2026-10-03,0.7,extracted,supports,,UPenn – Natural History Study of Infantile and Juvenile GM1 Gangliosidosis (GM1) Patients A natural history study of GM1 gangliosidosis sponsored by Passage Bio.,,,
E21eaa22,ASSET:UPenn_Natural_History_Study_of_Infantile,MONDO:0009260,studies,web,https://ntsad.org/ntsad-research/research-for-families-and-individuals/natural-history-studies/,2026-10-03,0.7,extracted,supports,,UPenn – Natural History Study of Infantile and Juvenile GM1 Gangliosidosis (GM1) Patients A natural history study of GM1 gangliosidosis sponsored by Passage Bio.,,,
E99fc35b,ORG:Cure_and_Action_for_Tay_Sachs_CATS_Found,MONDO:0010100,studies,web,https://cats-foundation.org/the-cats-foundation/,2026-10-03,0.7,extracted,supports,,The CATS Foundation supports families affected by Tay-Sachs and Sandhoff disease.,,,
Ec45768c,ORG:Cure_and_Action_for_Tay_Sachs_CATS_Found,MONDO:0010006,studies,web,https://cats-foundation.org/the-cats-foundation/,2026-10-03,0.7,extracted,supports,,The CATS Foundation supports families affected by Tay-Sachs and Sandhoff disease.,,,
Ed8646e8,ORG:Cure_and_Action_for_Tay_Sachs_CATS_Found,COUNTRY:GB,based_in,web,https://cats-foundation.org/the-cats-foundation/,2026-10-03,0.7,extracted,supports,,The CATS Foundation supports families affected by Tay-Sachs and Sandhoff disease.,,,
E624aa7e,ORG:Cure_and_Action_for_Tay_Sachs_CATS_Found,ASSET:Tay_Sachs_and_Sandhoff_Disease_Registry,runs,web,https://cats-foundation.org/the-cats-foundation/,2026-10-03,0.7,extracted,supports,,PATIENT REGISTRY The purpose of the Tay-Sachs and Sandhoff Disease Registry is to facilitate translational and epidemiological research into Tay-Sachs and Sandhoff disease by setting up and maintaining comprehensive clinical databases in partnership with disease-specific research groups.,,,
Eb51957b,ASSET:Tay_Sachs_and_Sandhoff_Disease_Registry,MONDO:0010100,studies,web,https://cats-foundation.org/the-cats-foundation/,2026-10-03,0.7,extracted,supports,,PATIENT REGISTRY The purpose of the Tay-Sachs and Sandhoff Disease Registry is to facilitate translational and epidemiological research into Tay-Sachs and Sandhoff disease by setting up and maintaining comprehensive clinical databases in partnership with disease-specific research groups.,,,
E74b875a,ASSET:Tay_Sachs_and_Sandhoff_Disease_Registry,MONDO:0010006,studies,web,https://cats-foundation.org/the-cats-foundation/,2026-10-03,0.7,extracted,supports,,PATIENT REGISTRY The purpose of the Tay-Sachs and Sandhoff Disease Registry is to facilitate translational and epidemiological research into Tay-Sachs and Sandhoff disease by setting up and maintaining comprehensive clinical databases in partnership with disease-specific research groups.,,,
E3ba045c,ORG:Cure_Tay_Sachs_Foundation,MONDO:0010100,studies,web,https://www.curetay-sachs.org/,2026-10-03,0.7,extracted,supports,,The Cure Tay-Sachs Foundation is dedicated to funding the on-going research needed to find treatments and a cure for Tay-Sachs Disease.,,,
E11dfacb,ORG:Cure_Tay_Sachs_Foundation,COUNTRY:US,based_in,web,https://www.curetay-sachs.org/,2026-10-03,0.7,extracted,supports,,The Cure Tay-Sachs Foundation is dedicated to funding the on-going research needed to find treatments and a cure for Tay-Sachs Disease.,,,
E609f37b,ORG:National_Tay_Sachs_Allied_Diseases_Assoc,MONDO:0010006,studies,web,https://ntsad.org/diseases/sandhoff-disease/,2026-10-03,0.7,extracted,supports,,"National Tay-Sachs & Allied Diseases Association (NTSAD) leads the worldwide fight to treat and cure Tay-Sachs, Canavan, GM1, and Sandhoff diseases by driving research, forging collaboration, and fostering community.",,,
Ed77f470,ORG:National_Tay_Sachs_Allied_Diseases_Assoc,MONDO:0010100,studies,web,https://ntsad.org/diseases/sandhoff-disease/,2026-10-03,0.7,extracted,supports,,"National Tay-Sachs & Allied Diseases Association (NTSAD) leads the worldwide fight to treat and cure Tay-Sachs, Canavan, GM1, and Sandhoff diseases by driving research, forging collaboration, and fostering community.",,,
E08ebf6f,ORG:National_Tay_Sachs_Allied_Diseases_Assoc,MONDO:0010079,studies,web,https://ntsad.org/diseases/sandhoff-disease/,2026-10-03,0.7,extracted,supports,,"National Tay-Sachs & Allied Diseases Association (NTSAD) leads the worldwide fight to treat and cure Tay-Sachs, Canavan, GM1, and Sandhoff diseases by driving research, forging collaboration, and fostering community.",,,
E63a0018,ORG:National_Tay_Sachs_Allied_Diseases_Assoc,MONDO:0009260,studies,web,https://ntsad.org/diseases/sandhoff-disease/,2026-10-03,0.7,extracted,supports,,"National Tay-Sachs & Allied Diseases Association (NTSAD) leads the worldwide fight to treat and cure Tay-Sachs, Canavan, GM1, and Sandhoff diseases by driving research, forging collaboration, and fostering community.",,,
Ed912a71,ORG:National_Tay_Sachs_Allied_Diseases_Assoc,MONDO:0010099,studies,web,https://ntsad.org/diseases/sandhoff-disease/,2026-10-03,0.7,extracted,supports,,"National Tay-Sachs & Allied Diseases Association (NTSAD) leads the worldwide fight to treat and cure Tay-Sachs, Canavan, GM1, and Sandhoff diseases by driving research, forging collaboration, and fostering community.",,,
Ea02f6ef,ORG:National_Tay_Sachs_Allied_Diseases_Assoc,COUNTRY:US,based_in,web,https://ntsad.org/diseases/sandhoff-disease/,2026-10-03,0.7,extracted,supports,,"National Tay-Sachs & Allied Diseases Association (NTSAD) leads the worldwide fight to treat and cure Tay-Sachs, Canavan, GM1, and Sandhoff diseases by driving research, forging collaboration, and fostering community.",,,
E66b4731,ORG:Rare_Find_Foundation,MONDO:0010100,studies,web,https://www.rarefindfoundation.org/,2026-10-03,0.7,extracted,supports,,"Rare Find Foundation exists to support those affected and their families, supporting research and raising awareness of Tay-Sachs and Sandhoff Diseases.",,,
E9ea18ba,ORG:Rare_Find_Foundation,MONDO:0010006,studies,web,https://www.rarefindfoundation.org/,2026-10-03,0.7,extracted,supports,,"Rare Find Foundation exists to support those affected and their families, supporting research and raising awareness of Tay-Sachs and Sandhoff Diseases.",,,
E09ebfe0,ORG:Rare_Find_Foundation,COUNTRY:AU,based_in,web,https://www.rarefindfoundation.org/,2026-10-03,0.7,extracted,supports,,"Rare Find Foundation exists to support those affected and their families, supporting research and raising awareness of Tay-Sachs and Sandhoff Diseases.",,,
E69aaea7,ORG:National_Tay_Sachs_and_Allied_Diseases_A,MONDO:0010100,studies,web,https://globalgenes.org/disorder/sandhoff-disease/,2026-10-03,0.7,extracted,supports,,"National Tay-Sachs & Allied Diseases Association (NTSAD) leads the worldwide fight to treat and cure Tay-Sachs, Canavan, GM1, and Sandhoff diseases by driving research, forging collaboration, and fostering community.",,,
E48a9f4d,ORG:National_Tay_Sachs_and_Allied_Diseases_A,MONDO:0010079,studies,web,https://globalgenes.org/disorder/sandhoff-disease/,2026-10-03,0.7,extracted,supports,,"National Tay-Sachs & Allied Diseases Association (NTSAD) leads the worldwide fight to treat and cure Tay-Sachs, Canavan, GM1, and Sandhoff diseases by driving research, forging collaboration, and fostering community.",,,
E1f78c84,ORG:National_Tay_Sachs_and_Allied_Diseases_A,MONDO:0009260,studies,web,https://globalgenes.org/disorder/sandhoff-disease/,2026-10-03,0.7,extracted,supports,,"National Tay-Sachs & Allied Diseases Association (NTSAD) leads the worldwide fight to treat and cure Tay-Sachs, Canavan, GM1, and Sandhoff diseases by driving research, forging collaboration, and fostering community.",,,
E702d9d1,ORG:National_Tay_Sachs_and_Allied_Diseases_A,MONDO:0010006,studies,web,https://globalgenes.org/disorder/sandhoff-disease/,2026-10-03,0.7,extracted,supports,,"National Tay-Sachs & Allied Diseases Association (NTSAD) leads the worldwide fight to treat and cure Tay-Sachs, Canavan, GM1, and Sandhoff diseases by driving research, forging collaboration, and fostering community.",,,
Ea29e5d8,ORG:National_Tay_Sachs_and_Allied_Diseases_A,COUNTRY:US,based_in,web,https://globalgenes.org/disorder/sandhoff-disease/,2026-10-03,0.7,extracted,supports,,"National Tay-Sachs & Allied Diseases Association (NTSAD) leads the worldwide fight to treat and cure Tay-Sachs, Canavan, GM1, and Sandhoff diseases by driving research, forging collaboration, and fostering community.",,,
E770ad8f,ORG:Canadian_Society_for_Mucopolysaccharide,MONDO:0009655,studies,web,https://globalgenes.org/disorder/sandhoff-disease/,2026-10-03,0.7,extracted,supports,,The Canadian MPS Society is a charitable organization dedicated to supporting individuals and families affected by mucopolysaccharidoses (MPS) and related lysosomal storage disorders.,,,
E6941bc4,ORG:Canadian_Society_for_Mucopolysaccharide,MONDO:0009656,studies,web,https://globalgenes.org/disorder/sandhoff-disease/,2026-10-03,0.7,extracted,supports,,The Canadian MPS Society is a charitable organization dedicated to supporting individuals and families affected by mucopolysaccharidoses (MPS) and related lysosomal storage disorders.,,,
Ed13b8bf,ORG:Canadian_Society_for_Mucopolysaccharide,MONDO:0009657,studies,web,https://globalgenes.org/disorder/sandhoff-disease/,2026-10-03,0.7,extracted,supports,,The Canadian MPS Society is a charitable organization dedicated to supporting individuals and families affected by mucopolysaccharidoses (MPS) and related lysosomal storage disorders.,,,
E9ef6d0f,ORG:Canadian_Society_for_Mucopolysaccharide,MONDO:0009658,studies,web,https://globalgenes.org/disorder/sandhoff-disease/,2026-10-03,0.7,extracted,supports,,The Canadian MPS Society is a charitable organization dedicated to supporting individuals and families affected by mucopolysaccharidoses (MPS) and related lysosomal storage disorders.,,,
E49f99f7,ORG:Canadian_Society_for_Mucopolysaccharide,MONDO:0011758,studies,web,https://globalgenes.org/disorder/sandhoff-disease/,2026-10-03,0.7,extracted,supports,,The Canadian MPS Society is a charitable organization dedicated to supporting individuals and families affected by mucopolysaccharidoses (MPS) and related lysosomal storage disorders.,,,
E1c5986b,ORG:Canadian_Society_for_Mucopolysaccharide,MONDO:0010674,studies,web,https://globalgenes.org/disorder/sandhoff-disease/,2026-10-03,0.7,extracted,supports,,The Canadian MPS Society is a charitable organization dedicated to supporting individuals and families affected by mucopolysaccharidoses (MPS) and related lysosomal storage disorders.,,,
Ee163169,ORG:Canadian_Society_for_Mucopolysaccharide,MONDO:0017694,studies,web,https://globalgenes.org/disorder/sandhoff-disease/,2026-10-03,0.7,extracted,supports,,The Canadian MPS Society is a charitable organization dedicated to supporting individuals and families affected by mucopolysaccharidoses (MPS) and related lysosomal storage disorders.,,,
E886ef8f,ORG:Canadian_Society_for_Mucopolysaccharide,MONDO:0010100,studies,web,https://globalgenes.org/disorder/sandhoff-disease/,2026-10-03,0.7,extracted,supports,,The Canadian MPS Society is a charitable organization dedicated to supporting individuals and families affected by mucopolysaccharidoses (MPS) and related lysosomal storage disorders.,,,
E9bfeeef,ORG:Canadian_Society_for_Mucopolysaccharide,MONDO:0010006,studies,web,https://globalgenes.org/disorder/sandhoff-disease/,2026-10-03,0.7,extracted,supports,,The Canadian MPS Society is a charitable organization dedicated to supporting individuals and families affected by mucopolysaccharidoses (MPS) and related lysosomal storage disorders.,,,
Ee319f22,ORG:Canadian_Society_for_Mucopolysaccharide,MONDO:0009260,studies,web,https://globalgenes.org/disorder/sandhoff-disease/,2026-10-03,0.7,extracted,supports,,The Canadian MPS Society is a charitable organization dedicated to supporting individuals and families affected by mucopolysaccharidoses (MPS) and related lysosomal storage disorders.,,,
E61905c2,ORG:Canadian_Society_for_Mucopolysaccharide,MONDO:0010099,studies,web,https://globalgenes.org/disorder/sandhoff-disease/,2026-10-03,0.7,extracted,supports,,The Canadian MPS Society is a charitable organization dedicated to supporting individuals and families affected by mucopolysaccharidoses (MPS) and related lysosomal storage disorders.,,,
E1c0e15b,ORG:Canadian_Society_for_Mucopolysaccharide,MONDO:0010079,studies,web,https://globalgenes.org/disorder/sandhoff-disease/,2026-10-03,0.7,extracted,supports,,The Canadian MPS Society is a charitable organization dedicated to supporting individuals and families affected by mucopolysaccharidoses (MPS) and related lysosomal storage disorders.,,,
E5b3a9be,ORG:Canadian_Society_for_Mucopolysaccharide,COUNTRY:CA,based_in,web,https://globalgenes.org/disorder/sandhoff-disease/,2026-10-03,0.7,extracted,supports,,The Canadian MPS Society is a charitable organization dedicated to supporting individuals and families affected by mucopolysaccharidoses (MPS) and related lysosomal storage disorders.,,,
E0d1f519,ORG:National_Niemann_Pick_Disease_Foundation,MONDO:0009756,studies,web,https://nnpdf.org/about-us/,2026-10-03,0.7,extracted,supports,,"The National Niemann-Pick Disease Foundation, Inc. (NNPDF) is a non-profit, patient advocacy and family support organization dedicated to supporting and empowering patients and families affected by Niemann-Pick disease, through education, collaboration and research.",,,
E09def7b,ORG:National_Niemann_Pick_Disease_Foundation,MONDO:0009757,studies,web,https://nnpdf.org/about-us/,2026-10-03,0.7,extracted,supports,,"The National Niemann-Pick Disease Foundation, Inc. (NNPDF) is a non-profit, patient advocacy and family support organization dedicated to supporting and empowering patients and families affected by Niemann-Pick disease, through education, collaboration and research.",,,
E5eb7b64,ORG:National_Niemann_Pick_Disease_Foundation,COUNTRY:US,based_in,web,https://nnpdf.org/about-us/,2026-10-03,0.7,extracted,supports,,"The National Niemann-Pick Disease Foundation, Inc. (NNPDF) is a non-profit, patient advocacy and family support organization dedicated to supporting and empowering patients and families affected by Niemann-Pick disease, through education, collaboration and research.",,,
E3197d42,ORG:National_Niemann_Pick_Disease_Foundation,ASSET:International_Niemann_Pick_Disease_Regis,runs,web,https://nnpdf.org/about-us/,2026-10-03,0.7,extracted,supports,,International Niemann-Pick Disease Registry,,,
Ea90e420,ORG:Niemann_Pick_UK_NPUK,MONDO:0009756,studies,web,https://www.npuk.org/,2026-10-03,0.7,extracted,supports,,"At NPUK we are dedicated to supporting the individuals, families and friends affected by Niemann-Pick diseases.",,,
E8f89460,ORG:Niemann_Pick_UK_NPUK,MONDO:0009757,studies,web,https://www.npuk.org/,2026-10-03,0.7,extracted,supports,,"At NPUK we are dedicated to supporting the individuals, families and friends affected by Niemann-Pick diseases.",,,
Efc10354,ORG:Niemann_Pick_UK_NPUK,COUNTRY:GB,based_in,web,https://www.npuk.org/,2026-10-03,0.7,extracted,supports,,"At NPUK we are dedicated to supporting the individuals, families and friends affected by Niemann-Pick diseases.",,,
E794c61a,ORG:Australian_NPC_Disease_Foundation_Inc,MONDO:0009757,studies,web,https://www.npcd.org.au/,2026-10-03,0.7,extracted,supports,,"The Australian NPC Disease Foundation (ANPDF) aims to give hope, support and connection to those affected by Niemann-Pick disease type C (NPC) and Acid Sphingomyelinase Deficiency (ASMD) in Australia.",,,
E01947e2,ORG:Australian_NPC_Disease_Foundation_Inc,COUNTRY:AU,based_in,web,https://www.npcd.org.au/,2026-10-03,0.7,extracted,supports,,"The Australian NPC Disease Foundation (ANPDF) aims to give hope, support and connection to those affected by Niemann-Pick disease type C (NPC) and Acid Sphingomyelinase Deficiency (ASMD) in Australia.",,,
E8e670ee,ORG:Taylor_s_Tale,MONDO:0008769,studies,web,https://www.taylorstale.org/rare-disease/about-batten-disease/,2026-10-03,0.7,extracted,supports,,"Taylor's Tale catalyzed this project and funded the early research at UNC Chapel Hill along with The Saoirse Foundation , Hayden's Batten Disease Foundation and the Batten Disease Support and Research Association (BDSRA).",,,
Ecb5ae81,ORG:Taylor_s_Tale,COUNTRY:US,based_in,web,https://www.taylorstale.org/rare-disease/about-batten-disease/,2026-10-03,0.7,extracted,supports,,"Taylor's Tale catalyzed this project and funded the early research at UNC Chapel Hill along with The Saoirse Foundation , Hayden's Batten Disease Foundation and the Batten Disease Support and Research Association (BDSRA).",,,
E613fcb3,ORG:The_Batten_Disease_Support_Research_Asso,MONDO:0008769,studies,web,https://www.taylorstale.org/rare-disease/about-batten-disease/,2026-10-03,0.7,extracted,supports,,The Batten Disease Support & Research Association (BDSRA) maintains up-to-date information on every known form of Batten disease .,,,
E0294533,ORG:The_Batten_Disease_Support_Research_Asso,MONDO:0008767,studies,web,https://www.taylorstale.org/rare-disease/about-batten-disease/,2026-10-03,0.7,extracted,supports,,The Batten Disease Support & Research Association (BDSRA) maintains up-to-date information on every known form of Batten disease .,,,
E636b1c3,ORG:The_Batten_Disease_Support_Research_Asso,COUNTRY:US,based_in,web,https://www.taylorstale.org/rare-disease/about-batten-disease/,2026-10-03,0.7,extracted,supports,,The Batten Disease Support & Research Association (BDSRA) maintains up-to-date information on every known form of Batten disease .,,,
Eec7643a,ORG:The_Batten_Disease_Support_Research_Asso,ASSET:Batten_Disease_Registry,runs,web,https://www.taylorstale.org/rare-disease/about-batten-disease/,2026-10-03,0.7,extracted,supports,,The Batten Disease Support & Research Association (BDSRA) maintains up-to-date information on every known form of Batten disease .,,,
Eda2ebc2,ORG:Beyond_Batten_Disease_Foundation,MONDO:0008767,studies,web,https://beyondbatten.org/about/,2026-10-03,0.7,extracted,supports,,Beyond Batten Disease Foundation was established to eradicate juvenile Batten disease by raising awareness and funds to accelerate research for a treatment or cure.,,,
Ed7a6741,ORG:Beyond_Batten_Disease_Foundation,COUNTRY:US,based_in,web,https://beyondbatten.org/about/,2026-10-03,0.7,extracted,supports,,Beyond Batten Disease Foundation was established to eradicate juvenile Batten disease by raising awareness and funds to accelerate research for a treatment or cure.,,,
Ebb89110,ORG:Danon_Foundation,MONDO:0010281,studies,web,https://www.danonfoundation.org/about-us/,2026-10-03,0.7,extracted,supports,,We are a community of people living with or affected by Danon disease,,,
Ed995d8a,ORG:Danon_Foundation,COUNTRY:US,based_in,web,https://www.danonfoundation.org/about-us/,2026-10-03,0.7,extracted,supports,,We are a community of people living with or affected by Danon disease,,,
E5453000,ORG:Danon_Foundation,MONDO:0010281,studies,web,https://www.danonfoundation.org/about-us/partners/,2026-10-03,0.7,extracted,supports,,"Our partnerships support our mission to serve the Danon community — we are a U.S. based organization, but we are committed to supporting people all over the world that live with Danon disease.",,,
Ebe017ac,ORG:Danon_Foundation,COUNTRY:US,based_in,web,https://www.danonfoundation.org/about-us/partners/,2026-10-03,0.7,extracted,supports,,"Our partnerships support our mission to serve the Danon community — we are a U.S. based organization, but we are committed to supporting people all over the world that live with Danon disease.",,,
E5eaeabc,ORG:DanonDisease_org,MONDO:0010281,studies,web,https://rarediseases.org/organizations/danondisease-org/,2026-10-03,0.7,extracted,supports,,The DanonDisease.org is a website developed primarily to provide patients and families with information about Danon disease.,,,
Edc1f492,ORG:DanonDisease_org,COUNTRY:US,based_in,web,https://rarediseases.org/organizations/danondisease-org/,2026-10-03,0.7,extracted,supports,,The DanonDisease.org is a website developed primarily to provide patients and families with information about Danon disease.,,,
Ea66a030,ORG:DanonDisease_org,ASSET:Registry,runs,web,https://rarediseases.org/organizations/danondisease-org/,2026-10-03,0.7,extracted,supports,,A registry has been developed that patients can join to learn more about this rare condition.,,,
E0d1acb7,ASSET:Registry,MONDO:0010281,studies,web,https://rarediseases.org/organizations/danondisease-org/,2026-10-03,0.7,extracted,supports,,A registry has been developed that patients can join to learn more about this rare condition.,,,
Ea3b320e,ORG:Silverstein_Foundation_for_Parkinson_s_w,MONDO:0008199,studies,web,https://silversteinfoundation.org/,2026-10-03,0.7,extracted,supports,,"The Silverstein Foundation for Parkinson's with GBA began with the goal of aggressively seeking out new, cutting-edge therapeutic approaches to treating and preventing Parkinson's in GBA mutation carriers; we are now focusing our efforts on the fellowship program which aims to find and foster the ne",,,
Ee19b8f3,ORG:Silverstein_Foundation_for_Parkinson_s_w,COUNTRY:US,based_in,web,https://silversteinfoundation.org/,2026-10-03,0.7,extracted,supports,,"The Silverstein Foundation for Parkinson's with GBA began with the goal of aggressively seeking out new, cutting-edge therapeutic approaches to treating and preventing Parkinson's in GBA mutation carriers; we are now focusing our efforts on the fellowship program which aims to find and foster the ne",,,
E8a6bc91,ORG:Rett_Syndrome_Research_Trust,MONDO:0010726,studies,web,https://reverserett.org/about-rsrt/,2026-10-03,0.7,extracted,supports,,Our singular goal is to find cures for Rett syndrome as efficiently and quickly as possible .,,,
Ee655234,ORG:Rett_Syndrome_Research_Trust,COUNTRY:US,based_in,web,https://reverserett.org/about-rsrt/,2026-10-03,0.7,extracted,supports,,Our singular goal is to find cures for Rett syndrome as efficiently and quickly as possible .,,,
E9c4aa9b,ORG:Rett_Syndrome_Research_Trust,ASSET:Rett_Syndrome_Global_Registry,runs,web,https://reverserett.org/about-rsrt/,2026-10-03,0.7,extracted,supports,,Tracking Rett Syndrome Global Registry,,,
Ee240eaa,ASSET:Rett_Syndrome_Global_Registry,MONDO:0010726,studies,web,https://reverserett.org/about-rsrt/,2026-10-03,0.7,extracted,supports,,Tracking Rett Syndrome Global Registry,,,
E6c11442,ORG:International_Rett_Syndrome_Foundation,MONDO:0010726,studies,web,https://www.rettsyndrome.org/researchers/rett-syndrome-natural-history-study/,2026-10-03,0.7,extracted,supports,,"IRSF stewards the largest, most extensive Rett Syndrome Natural History database in the world.",,,
Ea69bed0,ORG:International_Rett_Syndrome_Foundation,COUNTRY:US,based_in,web,https://www.rettsyndrome.org/researchers/rett-syndrome-natural-history-study/,2026-10-03,0.7,extracted,supports,,"IRSF stewards the largest, most extensive Rett Syndrome Natural History database in the world.",,,
Ec739889,ORG:International_Rett_Syndrome_Foundation,ASSET:Rett_Syndrome_Natural_History_Study,runs,web,https://www.rettsyndrome.org/researchers/rett-syndrome-natural-history-study/,2026-10-03,0.7,extracted,supports,,The Rett Syndrome NHS Database is the most comprehensive in the world.,,,
Ef49c2ad,ASSET:Rett_Syndrome_Natural_History_Study,MONDO:0010726,studies,web,https://www.rettsyndrome.org/researchers/rett-syndrome-natural-history-study/,2026-10-03,0.7,extracted,supports,,The Rett Syndrome NHS Database is the most comprehensive in the world.,,,
E2dc1013,ORG:International_Rett_Syndrome_Foundation,ASSET:Rett_Syndrome_Registry,runs,web,https://www.rettsyndrome.org/researchers/rett-syndrome-natural-history-study/,2026-10-03,0.7,extracted,supports,,"Additionally, with the support of our Centers of Excellence and physicians throughout the United States, we will continue to collect this critical data through our Rett Syndrome Registry for years to come.",,,
Eb3ee9ce,ASSET:Rett_Syndrome_Registry,MONDO:0010726,studies,web,https://www.rettsyndrome.org/researchers/rett-syndrome-natural-history-study/,2026-10-03,0.7,extracted,supports,,"Additionally, with the support of our Centers of Excellence and physicians throughout the United States, we will continue to collect this critical data through our Rett Syndrome Registry for years to come.",,,
Eb84116b,ORG:Rett_UK,MONDO:0010726,studies,web,https://www.rettuk.org/about-us/,2026-10-03,0.7,extracted,supports,,Rett UK is the only UK charity that provides professional support to people living with Rett syndrome across the UK.,,,
E87da8ce,ORG:Rett_UK,COUNTRY:GB,based_in,web,https://www.rettuk.org/about-us/,2026-10-03,0.7,extracted,supports,,Rett UK is the only UK charity that provides professional support to people living with Rett syndrome across the UK.,,,
E8cc8bb0,ORG:Rett_UK,ASSET:British_Isles_Rett_Syndrome_Survey_BIRSS,runs,web,https://www.rettuk.org/about-us/,2026-10-03,0.7,extracted,supports,,British Isles Rett Syndrome Survey (BIRSS),,,
Ea7da948,ASSET:British_Isles_Rett_Syndrome_Survey_BIRSS,MONDO:0010726,studies,web,https://www.rettuk.org/about-us/,2026-10-03,0.7,extracted,supports,,British Isles Rett Syndrome Survey (BIRSS),,,
Ecc0302d,ORG:Abre_te_Associação_Brasileira_de_Sindrom,MONDO:0010726,studies,web,https://abrete.org.br/,2026-10-03,0.7,extracted,supports,,"Ser referência na promoção da saúde, aprendizagem e exercício de cidadania para indivíduos com a Síndrome de Rett em todo o território nacional, para que possam ser incluídos na sociedade com o respeito que suas diferenças merecem, subsidiando suas famílias com acolhimento e divulgação de conhecimen",,,
E3f9b4d8,ORG:Abre_te_Associação_Brasileira_de_Sindrom,COUNTRY:BR,based_in,web,https://abrete.org.br/,2026-10-03,0.7,extracted,supports,,"Ser referência na promoção da saúde, aprendizagem e exercício de cidadania para indivíduos com a Síndrome de Rett em todo o território nacional, para que possam ser incluídos na sociedade com o respeito que suas diferenças merecem, subsidiando suas famílias com acolhimento e divulgação de conhecimen",,,
E452ae10,ORG:Abre_te_Associação_Brasileira_de_Sindrom,ASSET:Rett_Patient_Registry,runs,web,https://abrete.org.br/,2026-10-03,0.7,extracted,supports,,Ajude a Abre-te representar a comunidade Rett realizando e mantendo o seu cadastro atualizado,,,
Efdddf4b,ASSET:Rett_Patient_Registry,MONDO:0010726,studies,web,https://abrete.org.br/,2026-10-03,0.7,extracted,supports,,Ajude a Abre-te representar a comunidade Rett realizando e mantendo o seu cadastro atualizado,,,
E4616ce3,ORG:Ontario_Rett_Syndrome_Association_of_Can,MONDO:0010726,studies,web,https://rett.ca/,2026-10-03,0.7,extracted,supports,,ORSA Canada provides essential resources and advocacy for individuals with Rett syndrome and their families across Canada.,,,
E4a42244,ORG:Ontario_Rett_Syndrome_Association_of_Can,COUNTRY:CA,based_in,web,https://rett.ca/,2026-10-03,0.7,extracted,supports,,ORSA Canada provides essential resources and advocacy for individuals with Rett syndrome and their families across Canada.,,,
E16f9f2f,ORG:Ontario_Rett_Syndrome_Association_of_Can,ASSET:BIO_BANK_REPOSITORY,runs,web,https://rett.ca/,2026-10-03,0.7,extracted,supports,,BIO-BANK REPOSITORY,,,
Ea4743f8,ASSET:BIO_BANK_REPOSITORY,MONDO:0010726,studies,web,https://rett.ca/,2026-10-03,0.7,extracted,supports,,BIO-BANK REPOSITORY,,,
E26b2604,ORG:Parent_Project_Muscular_Dystrophy,MONDO:0010679,studies,web,https://www.parentprojectmd.org/about-ppmd/,2026-10-03,0.7,extracted,supports,,Parent Project Muscular Dystrophy fights every single battle necessary to end Duchenne and Becker.,,,
Eabff709,ORG:Parent_Project_Muscular_Dystrophy,COUNTRY:US,based_in,web,https://www.parentprojectmd.org/about-ppmd/,2026-10-03,0.7,extracted,supports,,Parent Project Muscular Dystrophy fights every single battle necessary to end Duchenne and Becker.,,,
E912fe22,ORG:Parent_Project_Muscular_Dystrophy,ASSET:Duchenne_Registry,runs,web,https://www.parentprojectmd.org/about-ppmd/,2026-10-03,0.7,extracted,supports,,The Duchenne Registry,,,
Eda8f932,ASSET:Duchenne_Registry,MONDO:0010679,studies,web,https://www.parentprojectmd.org/about-ppmd/,2026-10-03,0.7,extracted,supports,,The Duchenne Registry,,,
Eb1dd624,ORG:Parent_Project_Muscular_Dystrophy_PPMD,MONDO:0010679,studies,web,https://www.parentprojectmd.org/clinical-trial/the-duchenne-registry/,2026-10-03,0.7,extracted,supports,,"The Duchenne Registry (previously DuchenneConnect) was created in 2007 by Parent Project Muscular Dystrophy (PPMD), with assistance from the NIH, the CDC, and Emory Genetics.",,,
Eef553d3,ORG:Parent_Project_Muscular_Dystrophy_PPMD,COUNTRY:US,based_in,web,https://www.parentprojectmd.org/clinical-trial/the-duchenne-registry/,2026-10-03,0.7,extracted,supports,,"The Duchenne Registry (previously DuchenneConnect) was created in 2007 by Parent Project Muscular Dystrophy (PPMD), with assistance from the NIH, the CDC, and Emory Genetics.",,,
E0d1fb96,ORG:Parent_Project_Muscular_Dystrophy_PPMD,ASSET:The_Duchenne_Registry,runs,web,https://www.parentprojectmd.org/clinical-trial/the-duchenne-registry/,2026-10-03,0.7,extracted,supports,,"The Duchenne Registry (previously DuchenneConnect) was created in 2007 by Parent Project Muscular Dystrophy (PPMD), with assistance from the NIH, the CDC, and Emory Genetics.",,,
E4cf1692,ASSET:The_Duchenne_Registry,MONDO:0010679,studies,web,https://www.parentprojectmd.org/clinical-trial/the-duchenne-registry/,2026-10-03,0.7,extracted,supports,,"The Duchenne Registry (previously DuchenneConnect) was created in 2007 by Parent Project Muscular Dystrophy (PPMD), with assistance from the NIH, the CDC, and Emory Genetics.",,,
E3cfa85b,ORG:Duchenne_UK,MONDO:0010679,studies,web,https://www.duchenneuk.org/about,2026-10-03,0.7,extracted,supports,,"Duchenne UK works to create a future without Duchenne, while supporting those affected today.",,,
E5d6224f,ORG:Duchenne_UK,COUNTRY:GB,based_in,web,https://www.duchenneuk.org/about,2026-10-03,0.7,extracted,supports,,"Duchenne UK works to create a future without Duchenne, while supporting those affected today.",,,
E978dac6,ORG:Duchenne_UK,ASSET:Duchenne_Hub_UK,runs,web,https://www.duchenneuk.org/about,2026-10-03,0.7,extracted,supports,,"Create the Duchenne Hub UK, a Duchenne clinical research network of 11 hospital sites across the country which, since its launch in 2016, has led to more clinical trials of Duchenne treatments coming to the UK than ever before, giving more than 574 children living with Duchenne access to new treatme",,,
E09a3600,ASSET:Duchenne_Hub_UK,MONDO:0010679,studies,web,https://www.duchenneuk.org/about,2026-10-03,0.7,extracted,supports,,"Create the Duchenne Hub UK, a Duchenne clinical research network of 11 hospital sites across the country which, since its launch in 2016, has led to more clinical trials of Duchenne treatments coming to the UK than ever before, giving more than 574 children living with Duchenne access to new treatme",,,
Eba2d0fe,ORG:Duchenne_Parent_Project_España,MONDO:0010679,studies,web,https://www.duchenne-spain.org/,2026-10-03,0.7,extracted,supports,,Duchenne Parent Project España es una asociación sin ánimo de lucro creada y dirigida por padres y madres de niños afectados que lucha incansable por encontrar una cura o tratamiento y mejorar la calidad de vida de los afectados y sus familias.,,,
Ebe70ccf,ORG:Duchenne_Parent_Project_España,COUNTRY:ES,based_in,web,https://www.duchenne-spain.org/,2026-10-03,0.7,extracted,supports,,Duchenne Parent Project España es una asociación sin ánimo de lucro creada y dirigida por padres y madres de niños afectados que lucha incansable por encontrar una cura o tratamiento y mejorar la calidad de vida de los afectados y sus familias.,,,
Eefe936f,ORG:Duchenne_Parent_Project_España,ASSET:SARA,runs,web,https://www.duchenne-spain.org/,2026-10-03,0.7,extracted,supports,,Registro de Pacientes SARA,,,
E7090ec1,ASSET:SARA,MONDO:0010679,studies,web,https://www.duchenne-spain.org/,2026-10-03,0.7,extracted,supports,,Registro de Pacientes SARA,,,
E966542f,ORG:Parent_Project_aps,MONDO:0010679,studies,web,https://www.parentproject.it/chi-siamo/,2026-10-03,0.7,extracted,supports,,Il supporto alla ricerca scientifica sulla distrofia muscolare di Duchenne e Becker è un obiettivo fondamentale per Parent Project.,,,
Ef5fd10c,ORG:Parent_Project_aps,COUNTRY:IT,based_in,web,https://www.parentproject.it/chi-siamo/,2026-10-03,0.7,extracted,supports,,Il supporto alla ricerca scientifica sulla distrofia muscolare di Duchenne e Becker è un obiettivo fondamentale per Parent Project.,,,
Eb426000,ORG:Cardiomyopathy_UK,MONDO:0008647,studies,web,https://www.cardiomyopathy.org/about-us,2026-10-03,0.7,extracted,supports,,"We are the specialist national charity for people affected by cardiomyopathy, a condition that affects the heart muscle.",,,
Ec258118,ORG:Cardiomyopathy_UK,COUNTRY:GB,based_in,web,https://www.cardiomyopathy.org/about-us,2026-10-03,0.7,extracted,supports,,"We are the specialist national charity for people affected by cardiomyopathy, a condition that affects the heart muscle.",,,
E5a3bbe2,ORG:Cardiomyopathy_Patient_Council,MONDO:0008647,studies,web,https://globalhearthub.org/patient-councils/cardiomyopathy-patient-council/,2026-10-03,0.7,extracted,supports,,The Cardiomyopathy Patient Council was formed in November 2021 and brings together patient organisations across the world to increase awareness and understanding of cardiomyopathy.,,,
E37872ac,ORG:Cardiomyopathy_Patient_Council,COUNTRY:IE,based_in,web,https://globalhearthub.org/patient-councils/cardiomyopathy-patient-council/,2026-10-03,0.7,extracted,supports,,The Cardiomyopathy Patient Council was formed in November 2021 and brings together patient organisations across the world to increase awareness and understanding of cardiomyopathy.,,,
E0516da3,ORG:Cure_GM1_Foundation,MONDO:0009260,studies,web,https://www.curegm1.org/the-foundation-and-its-members/,2026-10-03,0.7,extracted,supports,,Cure GM1 is the only 501(c)(3) nonprofit organization entirely dedicated to GM1 gangliosidosis research and drug development.,,,
E5f6ba1f,ORG:Cure_GM1_Foundation,COUNTRY:US,based_in,web,https://www.curegm1.org/the-foundation-and-its-members/,2026-10-03,0.7,extracted,supports,,Cure GM1 is the only 501(c)(3) nonprofit organization entirely dedicated to GM1 gangliosidosis research and drug development.,,,
E0405d11,ORG:Cure_GM1_Foundation,ASSET:GM1_Matrix,runs,web,https://www.curegm1.org/the-foundation-and-its-members/,2026-10-03,0.7,extracted,supports,,Join the GM1 Matrix (Patient Portal),,,
Ea9bb267,ASSET:GM1_Matrix,MONDO:0009260,studies,web,https://www.curegm1.org/the-foundation-and-its-members/,2026-10-03,0.7,extracted,supports,,Join the GM1 Matrix (Patient Portal),,,
E189d69d,ORG:Cure_GM1_Foundation,ASSET:GLB1_Variant_Catalog,runs,web,https://www.curegm1.org/the-foundation-and-its-members/,2026-10-03,0.7,extracted,supports,,GLB1 Variant Catalog (Gene Mutation Database),,,
E6888fce,ASSET:GLB1_Variant_Catalog,MONDO:0009260,studies,web,https://www.curegm1.org/the-foundation-and-its-members/,2026-10-03,0.7,extracted,supports,,GLB1 Variant Catalog (Gene Mutation Database),,,
E624b916,ORG:National_Tay_Sachs_Allied_Diseases_Assoc,MONDO:0010100,studies,web,https://ntsad.org/diseases/gm1-gangliosidosis-disease/,2026-10-03,0.7,extracted,supports,,"National Tay-Sachs & Allied Diseases Association (NTSAD) leads the worldwide fight to treat and cure Tay-Sachs, Canavan, GM1, and Sandhoff diseases by driving research, forging collaboration, and fostering community.",,,
Efd1c057,ORG:National_Tay_Sachs_Allied_Diseases_Assoc,MONDO:0010079,studies,web,https://ntsad.org/diseases/gm1-gangliosidosis-disease/,2026-10-03,0.7,extracted,supports,,"National Tay-Sachs & Allied Diseases Association (NTSAD) leads the worldwide fight to treat and cure Tay-Sachs, Canavan, GM1, and Sandhoff diseases by driving research, forging collaboration, and fostering community.",,,
Ee3dcddd,ORG:National_Tay_Sachs_Allied_Diseases_Assoc,MONDO:0009260,studies,web,https://ntsad.org/diseases/gm1-gangliosidosis-disease/,2026-10-03,0.7,extracted,supports,,"National Tay-Sachs & Allied Diseases Association (NTSAD) leads the worldwide fight to treat and cure Tay-Sachs, Canavan, GM1, and Sandhoff diseases by driving research, forging collaboration, and fostering community.",,,
E33c2e91,ORG:National_Tay_Sachs_Allied_Diseases_Assoc,MONDO:0010006,studies,web,https://ntsad.org/diseases/gm1-gangliosidosis-disease/,2026-10-03,0.7,extracted,supports,,"National Tay-Sachs & Allied Diseases Association (NTSAD) leads the worldwide fight to treat and cure Tay-Sachs, Canavan, GM1, and Sandhoff diseases by driving research, forging collaboration, and fostering community.",,,
E5b97dcd,ORG:National_Tay_Sachs_Allied_Diseases_Assoc,COUNTRY:US,based_in,web,https://ntsad.org/diseases/gm1-gangliosidosis-disease/,2026-10-03,0.7,extracted,supports,,"National Tay-Sachs & Allied Diseases Association (NTSAD) leads the worldwide fight to treat and cure Tay-Sachs, Canavan, GM1, and Sandhoff diseases by driving research, forging collaboration, and fostering community.",,,
E1ff78d2,ORG:National_Tay_Sachs_Allied_Diseases_Assoc,ASSET:Virtual_Biorepository,runs,web,https://ntsad.org/diseases/gm1-gangliosidosis-disease/,2026-10-03,0.7,extracted,supports,,Virtual Biorepository,,,
E6aa78fe,ORG:National_Tay_Sachs_Allied_Diseases_Assoc,ASSET:Variant_Mutation_Database,runs,web,https://ntsad.org/diseases/gm1-gangliosidosis-disease/,2026-10-03,0.7,extracted,supports,,Variant (Mutation) Database,,,
E3e59d08,ORG:Canadian_Society_for_Mucopolysaccharide,MONDO:0009655,studies,web,https://globalgenes.org/disorder/gm2-gangliosidosis-ab-variant/,2026-10-03,0.7,extracted,supports,,The Canadian MPS Society is a charitable organization dedicated to supporting individuals and families affected by mucopolysaccharidoses (MPS) and related lysosomal storage disorders.,,,
E2ba12cd,ORG:Canadian_Society_for_Mucopolysaccharide,MONDO:0009656,studies,web,https://globalgenes.org/disorder/gm2-gangliosidosis-ab-variant/,2026-10-03,0.7,extracted,supports,,The Canadian MPS Society is a charitable organization dedicated to supporting individuals and families affected by mucopolysaccharidoses (MPS) and related lysosomal storage disorders.,,,
E82a04b9,ORG:Canadian_Society_for_Mucopolysaccharide,MONDO:0009657,studies,web,https://globalgenes.org/disorder/gm2-gangliosidosis-ab-variant/,2026-10-03,0.7,extracted,supports,,The Canadian MPS Society is a charitable organization dedicated to supporting individuals and families affected by mucopolysaccharidoses (MPS) and related lysosomal storage disorders.,,,
E07331f8,ORG:Canadian_Society_for_Mucopolysaccharide,MONDO:0009658,studies,web,https://globalgenes.org/disorder/gm2-gangliosidosis-ab-variant/,2026-10-03,0.7,extracted,supports,,The Canadian MPS Society is a charitable organization dedicated to supporting individuals and families affected by mucopolysaccharidoses (MPS) and related lysosomal storage disorders.,,,
E44322d5,ORG:Canadian_Society_for_Mucopolysaccharide,MONDO:0011758,studies,web,https://globalgenes.org/disorder/gm2-gangliosidosis-ab-variant/,2026-10-03,0.7,extracted,supports,,The Canadian MPS Society is a charitable organization dedicated to supporting individuals and families affected by mucopolysaccharidoses (MPS) and related lysosomal storage disorders.,,,
E6dc244d,ORG:Canadian_Society_for_Mucopolysaccharide,MONDO:0010674,studies,web,https://globalgenes.org/disorder/gm2-gangliosidosis-ab-variant/,2026-10-03,0.7,extracted,supports,,The Canadian MPS Society is a charitable organization dedicated to supporting individuals and families affected by mucopolysaccharidoses (MPS) and related lysosomal storage disorders.,,,
Efa67033,ORG:Canadian_Society_for_Mucopolysaccharide,COUNTRY:CA,based_in,web,https://globalgenes.org/disorder/gm2-gangliosidosis-ab-variant/,2026-10-03,0.7,extracted,supports,,The Canadian MPS Society is a charitable organization dedicated to supporting individuals and families affected by mucopolysaccharidoses (MPS) and related lysosomal storage disorders.,,,
E80bb332,ORG:National_Tay_Sachs_and_Allied_Diseases_A,MONDO:0010100,studies,web,https://globalgenes.org/disorder/gm2-gangliosidosis-ab-variant/,2026-10-03,0.7,extracted,supports,,"National Tay-Sachs & Allied Diseases Association (NTSAD) leads the worldwide fight to treat and cure Tay-Sachs, Canavan, GM1, and Sandhoff diseases by driving research, forging collaboration, and fostering community.",,,
E41fb999,ORG:National_Tay_Sachs_and_Allied_Diseases_A,MONDO:0010079,studies,web,https://globalgenes.org/disorder/gm2-gangliosidosis-ab-variant/,2026-10-03,0.7,extracted,supports,,"National Tay-Sachs & Allied Diseases Association (NTSAD) leads the worldwide fight to treat and cure Tay-Sachs, Canavan, GM1, and Sandhoff diseases by driving research, forging collaboration, and fostering community.",,,
Ed462a93,ORG:National_Tay_Sachs_and_Allied_Diseases_A,MONDO:0009260,studies,web,https://globalgenes.org/disorder/gm2-gangliosidosis-ab-variant/,2026-10-03,0.7,extracted,supports,,"National Tay-Sachs & Allied Diseases Association (NTSAD) leads the worldwide fight to treat and cure Tay-Sachs, Canavan, GM1, and Sandhoff diseases by driving research, forging collaboration, and fostering community.",,,
E36eba23,ORG:National_Tay_Sachs_and_Allied_Diseases_A,MONDO:0010006,studies,web,https://globalgenes.org/disorder/gm2-gangliosidosis-ab-variant/,2026-10-03,0.7,extracted,supports,,"National Tay-Sachs & Allied Diseases Association (NTSAD) leads the worldwide fight to treat and cure Tay-Sachs, Canavan, GM1, and Sandhoff diseases by driving research, forging collaboration, and fostering community.",,,
E0f01da8,ORG:National_Tay_Sachs_and_Allied_Diseases_A,COUNTRY:US,based_in,web,https://globalgenes.org/disorder/gm2-gangliosidosis-ab-variant/,2026-10-03,0.7,extracted,supports,,"National Tay-Sachs & Allied Diseases Association (NTSAD) leads the worldwide fight to treat and cure Tay-Sachs, Canavan, GM1, and Sandhoff diseases by driving research, forging collaboration, and fostering community.",,,
E7494a06,ORG:National_Tay_Sachs_Allied_Diseases_Assoc,MONDO:0010100,studies,web,https://ntsad.org/diseases/,2026-10-03,0.7,extracted,supports,,"National Tay-Sachs & Allied Diseases Association (NTSAD) leads the worldwide fight to treat and cure Tay-Sachs, Canavan, GM1, and Sandhoff diseases by driving research, forging collaboration, and fostering community.",,,
E4b9f5af,ORG:National_Tay_Sachs_Allied_Diseases_Assoc,MONDO:0010079,studies,web,https://ntsad.org/diseases/,2026-10-03,0.7,extracted,supports,,"National Tay-Sachs & Allied Diseases Association (NTSAD) leads the worldwide fight to treat and cure Tay-Sachs, Canavan, GM1, and Sandhoff diseases by driving research, forging collaboration, and fostering community.",,,
E2028dc2,ORG:National_Tay_Sachs_Allied_Diseases_Assoc,MONDO:0009260,studies,web,https://ntsad.org/diseases/,2026-10-03,0.7,extracted,supports,,"National Tay-Sachs & Allied Diseases Association (NTSAD) leads the worldwide fight to treat and cure Tay-Sachs, Canavan, GM1, and Sandhoff diseases by driving research, forging collaboration, and fostering community.",,,
E778a78b,ORG:National_Tay_Sachs_Allied_Diseases_Assoc,MONDO:0010006,studies,web,https://ntsad.org/diseases/,2026-10-03,0.7,extracted,supports,,"National Tay-Sachs & Allied Diseases Association (NTSAD) leads the worldwide fight to treat and cure Tay-Sachs, Canavan, GM1, and Sandhoff diseases by driving research, forging collaboration, and fostering community.",,,
Ef3a7302,ORG:National_Tay_Sachs_Allied_Diseases_Assoc,COUNTRY:US,based_in,web,https://ntsad.org/diseases/,2026-10-03,0.7,extracted,supports,,"National Tay-Sachs & Allied Diseases Association (NTSAD) leads the worldwide fight to treat and cure Tay-Sachs, Canavan, GM1, and Sandhoff diseases by driving research, forging collaboration, and fostering community.",,,
E17b73e8,ORG:National_Tay_Sachs_Allied_Diseases_Assoc,ASSET:Variant_Mutation_Database,runs,web,https://ntsad.org/diseases/,2026-10-03,0.7,extracted,supports,,"NTSAD's Variant (Mutation) Database is a resource that can be used to learn more about Tay-Sachs, Canavan, GM1 gangliosidosis, and Sandhoff diseases and many of their associated pathogenic variants.",,,
E2adc91d,ASSET:Variant_Mutation_Database,MONDO:0010100,studies,web,https://ntsad.org/diseases/,2026-10-03,0.7,extracted,supports,,"NTSAD's Variant (Mutation) Database is a resource that can be used to learn more about Tay-Sachs, Canavan, GM1 gangliosidosis, and Sandhoff diseases and many of their associated pathogenic variants.",,,
E29c82f7,ASSET:Variant_Mutation_Database,MONDO:0010079,studies,web,https://ntsad.org/diseases/,2026-10-03,0.7,extracted,supports,,"NTSAD's Variant (Mutation) Database is a resource that can be used to learn more about Tay-Sachs, Canavan, GM1 gangliosidosis, and Sandhoff diseases and many of their associated pathogenic variants.",,,
Ec75a3f2,ASSET:Variant_Mutation_Database,MONDO:0009260,studies,web,https://ntsad.org/diseases/,2026-10-03,0.7,extracted,supports,,"NTSAD's Variant (Mutation) Database is a resource that can be used to learn more about Tay-Sachs, Canavan, GM1 gangliosidosis, and Sandhoff diseases and many of their associated pathogenic variants.",,,
E57903f1,ASSET:Variant_Mutation_Database,MONDO:0010006,studies,web,https://ntsad.org/diseases/,2026-10-03,0.7,extracted,supports,,"NTSAD's Variant (Mutation) Database is a resource that can be used to learn more about Tay-Sachs, Canavan, GM1 gangliosidosis, and Sandhoff diseases and many of their associated pathogenic variants.",,,
Ee76e501,ORG:National_Organization_for_Rare_Disorders,MONDO:0009756,studies,web,https://rarediseases.org/rare-diseases/acid-sphingomyelinase-deficiency/,2026-10-03,0.7,extracted,supports,,"NORD gratefully acknowledges Gioconda Alyea, MD (FMG), MS, National Organization for Rare Disorders, Andrew Lieberman, MD, PhD, Abrams Collegiate Professor of Pathology, Director of Neuropathology, University of Michigan Medical School, and Melissa Wasserstein, MD, Chief, Division of Pediatric Genet",,,
E440b647,ORG:National_Organization_for_Rare_Disorders,COUNTRY:US,based_in,web,https://rarediseases.org/rare-diseases/acid-sphingomyelinase-deficiency/,2026-10-03,0.7,extracted,supports,,"NORD gratefully acknowledges Gioconda Alyea, MD (FMG), MS, National Organization for Rare Disorders, Andrew Lieberman, MD, PhD, Abrams Collegiate Professor of Pathology, Director of Neuropathology, University of Michigan Medical School, and Melissa Wasserstein, MD, Chief, Division of Pediatric Genet",,,
E5dc3703,ORG:National_Niemann_Pick_disease_Foundation,MONDO:0009756,studies,web,https://nnpdf.org/,2026-10-03,0.7,extracted,supports,,"The National Niemann-Pick disease Foundation, Inc. (NNPDF) is a non-profit, patient advocacy and family support organization dedicated to supporting and empowering patients and families affected by Niemann-Pick disease, through education, collaboration and research.",,,
Ebbaa3ef,ORG:National_Niemann_Pick_disease_Foundation,MONDO:0009757,studies,web,https://nnpdf.org/,2026-10-03,0.7,extracted,supports,,"The National Niemann-Pick disease Foundation, Inc. (NNPDF) is a non-profit, patient advocacy and family support organization dedicated to supporting and empowering patients and families affected by Niemann-Pick disease, through education, collaboration and research.",,,
Ed20507e,ORG:National_Niemann_Pick_disease_Foundation,COUNTRY:US,based_in,web,https://nnpdf.org/,2026-10-03,0.7,extracted,supports,,"The National Niemann-Pick disease Foundation, Inc. (NNPDF) is a non-profit, patient advocacy and family support organization dedicated to supporting and empowering patients and families affected by Niemann-Pick disease, through education, collaboration and research.",,,
Edd6eb79,ORG:National_Niemann_Pick_disease_Foundation,ASSET:International_Niemann_Pick_Disease_Regis,runs,web,https://nnpdf.org/,2026-10-03,0.7,extracted,supports,,International Niemann-Pick Disease Registry,,,
Eaff0524,ORG:International_Niemann_Pick_Disease_Allia,MONDO:0009757,studies,web,https://www.inpda.org/about-us/,2026-10-03,0.7,extracted,supports,,"The International Niemann Pick Disease Alliance (INPDA) is a global network of non-profit organisations , supporting persons affected by Niemann Pick diseases (NPD).",,,
Ef2a2426,ORG:International_Niemann_Pick_Disease_Allia,MONDO:0009756,studies,web,https://www.inpda.org/about-us/,2026-10-03,0.7,extracted,supports,,"The International Niemann Pick Disease Alliance (INPDA) is a global network of non-profit organisations , supporting persons affected by Niemann Pick diseases (NPD).",,,
E79c8c4a,ORG:International_Niemann_Pick_Disease_Allia,COUNTRY:GB,based_in,web,https://www.inpda.org/about-us/,2026-10-03,0.7,extracted,supports,,"The International Niemann Pick Disease Alliance (INPDA) is a global network of non-profit organisations , supporting persons affected by Niemann Pick diseases (NPD).",,,
E7f03be6,ORG:Canavan_Foundation,MONDO:0010079,studies,web,https://www.canavanfoundation.org/about,2026-10-03,0.7,extracted,supports,,The Canavan Foundation is a 501c3 not-for-profit organization dedicated to educating at-risk populations about Canavan disease and other genetic diseases and the reproductive options available to carrier couples.,,,
Ef1aad49,ORG:Canavan_Foundation,COUNTRY:US,based_in,web,https://www.canavanfoundation.org/about,2026-10-03,0.7,extracted,supports,,The Canavan Foundation is a 501c3 not-for-profit organization dedicated to educating at-risk populations about Canavan disease and other genetic diseases and the reproductive options available to carrier couples.,,,
Ea9d0f3b,ORG:Canavan_Foundation,ASSET:CAN_Inform,runs,web,https://www.canavanfoundation.org/about,2026-10-03,0.7,extracted,supports,,"CF begins work with Aspa Therapeutics to promote CAN-Inform , a national history study of Canavan disease, enrolling families affected by the disease.",,,
E700fa03,ASSET:CAN_Inform,MONDO:0010079,studies,web,https://www.canavanfoundation.org/about,2026-10-03,0.7,extracted,supports,,"CF begins work with Aspa Therapeutics to promote CAN-Inform , a national history study of Canavan disease, enrolling families affected by the disease.",,,
E5d9f328,ORG:The_Canavan_Research_Foundation,MONDO:0010079,studies,web,https://www.canavan.org/what-we-do,2026-10-03,0.7,extracted,supports,,"After spearheading the world's first gene therapy trial for genetic brain diseases in 1996, the Canavan Research Foundation has supported innovative research to discover therapies for Canavan Disease and related genetic brain conditions.",,,
Ea8a1713,ORG:The_Canavan_Research_Foundation,COUNTRY:US,based_in,web,https://www.canavan.org/what-we-do,2026-10-03,0.7,extracted,supports,,"After spearheading the world's first gene therapy trial for genetic brain diseases in 1996, the Canavan Research Foundation has supported innovative research to discover therapies for Canavan Disease and related genetic brain conditions.",,,
E6a703de,ORG:Canavan_Disease_Research,MONDO:0010079,studies,web,https://canavandisease.org/,2026-10-03,0.7,extracted,supports,,The mission of Canavan Disease Research is to direct funding towards research aimed at developing therapies to treat and cure Canavan disease while networking families to form an educated community poised to reach the clinic.,,,
E573cac3,ORG:Canavan_Disease_Research,COUNTRY:US,based_in,web,https://canavandisease.org/,2026-10-03,0.7,extracted,supports,,The mission of Canavan Disease Research is to direct funding towards research aimed at developing therapies to treat and cure Canavan disease while networking families to form an educated community poised to reach the clinic.,,,
E2cfdd5c,ORG:Canavan_Disease_Research,ASSET:Canavan_Patient_Insight_Network,runs,web,https://canavandisease.org/,2026-10-03,0.7,extracted,supports,,"Ilyce Randell, through Canavan Disease Research, has successfully launched the world's first patient registry (the Canavan PIN).",,,
E51da5ed,ASSET:Canavan_Patient_Insight_Network,MONDO:0010079,studies,web,https://canavandisease.org/,2026-10-03,0.7,extracted,supports,,"Ilyce Randell, through Canavan Disease Research, has successfully launched the world's first patient registry (the Canavan PIN).",,,
