id,type,name,synonyms,attrs
NCBIGene:6448,gene,SGSH,N-sulfoglucosamine sulfohydrolase,"{""hgnc"": ""HGNC:10818"", ""uniprot"": ""P51688""}"
MONDO:0009655,disease,Mucopolysaccharidosis type IIIA,"MPS III A|MPS IIIA|MPS3A|MPSIIIA|Sanfilippo A|Sanfilippo syndrome a|Sanfilippo syndrome type A|heparan sulfamidase deficiency|heparan sulphate sulfatase deficiency|heparane sulfamidase deficiency|mucopoly-saccharidosis type 3A|mucopolysaccharidosis type 3A|mucopolysaccharidosis type IIIA|mucopolysaccharidosis, type IIIA","{""omim"": ""OMIM:252900"", ""role"": ""hero"", ""short"": ""MPS IIIA"", ""group"": ""Mucopolysaccharidoses"", ""description"": ""A rare autosomal recessive lysosomal storage disease caused by deficiency of the enzyme heparan sulfate sulfatase. It is characterized by behavioral changes, sleep disturbances, mental developmental delays and seizures."", ""mondo_label"": ""mucopolysaccharidosis type 3A""}"
HP:0002360,phenotype,Sleep disturbance,,{}
HP:0001263,phenotype,Global developmental delay,,{}
HP:0001250,phenotype,Seizure,,{}
HP:0001249,phenotype,Intellectual disability,,{}
HP:0000752,phenotype,Hyperactivity,,{}
HP:0001507,phenotype,Growth abnormality,,{}
HP:0001744,phenotype,Splenomegaly,,{}
HP:0001670,phenotype,Asymmetric septal hypertrophy,,{}
HP:0000007,phenotype,Autosomal recessive inheritance,,{}
HP:0002208,phenotype,Coarse hair,,{}
HP:0001007,phenotype,Hirsutism,,{}
HP:0000023,phenotype,Inguinal hernia,,{}
HP:0001537,phenotype,Umbilical hernia,,{}
HP:0011463,phenotype,Childhood onset,,{}
HP:4000193,phenotype,Reduced leukocyte N-sulfoglucosamine sulfohydrolase activity,,{}
HP:0002159,phenotype,Heparan sulfate excretion in urine,,{}
HP:0000365,phenotype,Hearing impairment,,{}
HP:0002014,phenotype,Diarrhea,,{}
HP:0002240,phenotype,Hepatomegaly,,{}
HP:0000250,phenotype,Dense calvaria,,{}
HP:0000664,phenotype,Synophrys,,{}
HP:0000280,phenotype,Coarse facial features,,{}
HP:0002788,phenotype,Recurrent upper respiratory tract infections,,{}
HP:0002650,phenotype,Scoliosis,,{}
HP:0000900,phenotype,Thickened ribs,,{}
HP:0003309,phenotype,Ovoid thoracolumbar vertebrae,,{}
HP:0000943,phenotype,Dysostosis multiplex,,{}
HP:0001387,phenotype,Joint stiffness,,{}
NCBIGene:4669,gene,NAGLU,N-acetyl-alpha-glucosaminidase,"{""hgnc"": ""HGNC:7632"", ""uniprot"": ""P54802""}"
MONDO:0009656,disease,Mucopolysaccharidosis type IIIB,"MPS III B|MPS IIIB|MPS3B|MPSIIIB|Mucopoly-saccharidosis type 3B|N-acetyl-alpha-glucosaminidase deficiency|Sanfilippo B|Sanfilippo syndrome B|Sanfilippo syndrome type B|mucopolysaccharidosis type 3B|mucopolysaccharidosis type IIIB|mucopolysaccharidosis, type IIIB","{""omim"": ""OMIM:252920"", ""role"": ""hero"", ""short"": ""MPS IIIB"", ""group"": ""Mucopolysaccharidoses"", ""description"": ""A rare autosomal recessive lysosomal storage disease caused by deficiency of the enzyme N-acetyl-alpha-D-glucosaminidase. It is characterized by behavioral changes, sleep disturbances, and mental developmental delays."", ""mondo_label"": ""mucopolysaccharidosis type 3B""}"
HP:0003621,phenotype,Juvenile onset,,{}
HP:6000360,phenotype,Reduced tissue alpha-N-acetylglucosaminidase activity,,{}
HP:0002344,phenotype,Progressive neurologic deterioration,,{}
HP:0000718,phenotype,Aggressive behavior,,{}
HP:0001640,phenotype,Cardiomegaly,,{}
NCBIGene:138050,gene,HGSNAT,heparan-alpha-glucosaminide N-acetyltransferase,"{""hgnc"": ""HGNC:26527"", ""uniprot"": ""Q68CP4""}"
MONDO:0009657,disease,Mucopolysaccharidosis type IIIC,"Acetyl-CoA alpha-glucosaminide n-acetyltransferase deficiency|HGSNAT deficiency|MPS III C|MPS IIIC|MPS3C|MPSIIIC|Mucopoly-saccharidosis type 3C|Sanfilippo C|Sanfilippo syndrome type C|heparan-alpha-glucosaminide N-acetyltransferase deficiency|mucopolysaccharidosis type 3C|mucopolysaccharidosis type IIIC|mucopolysaccharidosis, type IIIC","{""omim"": ""OMIM:252930"", ""role"": ""hero"", ""short"": ""MPS IIIC"", ""group"": ""Mucopolysaccharidoses"", ""description"": ""A rare autosomal recessive lysosomal storage disease caused by deficiency of the enzyme acetyl-CoA:alpha-glucosaminide acetyltransferase. It is characterized by behavioral changes, sleep disturbances, and mental developmental delays."", ""mondo_label"": ""mucopolysaccharidosis type 3C""}"
HP:0001270,phenotype,Motor delay,,{}
HP:0002333,phenotype,Motor deterioration,,{}
HP:0002371,phenotype,Loss of speech,,{}
HP:0000998,phenotype,Hypertrichosis,,{}
HP:0000510,phenotype,Rod-cone dystrophy,,{}
HP:0100790,phenotype,Hernia,,{}
HP:0002015,phenotype,Dysphagia,,{}
HP:0000268,phenotype,Dolichocephaly,,{}
HP:0000232,phenotype,Everted lower lip vermilion,,{}
HP:0004568,phenotype,Beaking of vertebral bodies,,{}
HP:0002751,phenotype,Kyphoscoliosis,,{}
HP:0003653,phenotype,Cellular metachromasia,,{}
NCBIGene:2799,gene,GNS,glucosamine (N-acetyl)-6-sulfatase,"{""hgnc"": ""HGNC:4422"", ""uniprot"": ""P15586""}"
MONDO:0009658,disease,"Mucopolysaccharidosis, type IIID","GNS deficiency|MPS III D|MPS IIID|MPS3D|MPSIIID|Mucopoly-saccharidosis type 3D|N-acetylglucosamine-6-sulfate sulfatase deficiency|Sanfilippo D|Sanfilippo syndrome D|Sanfilippo syndrome type D|glucosamine N-acetyl-6-sulfatase deficiency|mucopolysaccharidosis type 3D|mucopolysaccharidosis type IIID|mucopolysaccharidosis, type IIID","{""omim"": ""OMIM:252940"", ""role"": ""hero"", ""short"": ""MPS IIID"", ""group"": ""Mucopolysaccharidoses"", ""description"": ""A rare autosomal recessive lysosomal storage disease caused by deficiency of the enzyme N-acetylglucosamine-6-sulfatase. It is characterized by behavioral changes, sleep disturbances and mental developmental delays."", ""mondo_label"": ""mucopolysaccharidosis type 3D""}"
HP:0001169,phenotype,Broad palm,,{}
HP:0001761,phenotype,Pes cavus,,{}
HP:0000750,phenotype,Delayed speech and language development,,{}
HP:0001288,phenotype,Gait disturbance,,{}
HP:0001348,phenotype,Brisk reflexes,,{}
HP:0010865,phenotype,Age-inappropriate oppositional behavior,,{}
HP:0001344,phenotype,Absent speech,,{}
HP:0031849,phenotype,Sleep-wake inversion,,{}
HP:0000711,phenotype,Restlessness,,{}
HP:0001272,phenotype,Cerebellar atrophy,,{}
HP:0031354,phenotype,Sleep onset insomnia,,{}
HP:0000713,phenotype,Agitation,,{}
HP:0001260,phenotype,Dysarthria,,{}
HP:0001653,phenotype,Mitral regurgitation,,{}
HP:0004322,phenotype,Short stature,,{}
HP:0009937,phenotype,Facial hirsutism,,{}
HP:0000662,phenotype,Nyctalopia,,{}
HP:0000505,phenotype,Visual impairment,,{}
HP:0000490,phenotype,Deeply set eye,,{}
HP:0000316,phenotype,Hypertelorism,,{}
HP:0001771,phenotype,Achilles tendon contracture,,{}
HP:0002987,phenotype,Elbow flexion contracture,,{}
HP:0003676,phenotype,Progressive,,{}
HP:0003593,phenotype,Infantile onset,,{}
HP:4000198,phenotype,Reduced acetylglucosamine-6-sulfatase activity in cultured fibroblasts,,{}
HP:0000369,phenotype,Low-set ears,,{}
HP:0000403,phenotype,Recurrent otitis media,,{}
HP:0033454,phenotype,Tube feeding,,{}
HP:0000463,phenotype,Anteverted nares,,{}
HP:0002307,phenotype,Drooling,,{}
HP:0011220,phenotype,Prominent forehead,,{}
HP:0000179,phenotype,Thick lower lip vermilion,,{}
HP:0002007,phenotype,Frontal bossing,,{}
HP:0000470,phenotype,Short neck,,{}
HP:0000158,phenotype,Macroglossia,,{}
HP:0000187,phenotype,Broad alveolar ridges,,{}
HP:0000154,phenotype,Wide mouth,,{}
HP:0005280,phenotype,Depressed nasal bridge,,{}
HP:0012471,phenotype,Thick vermilion border,,{}
HP:0000256,phenotype,Macrocephaly,,{}
HP:0000574,phenotype,Thick eyebrow,,{}
HP:0002943,phenotype,Thoracic scoliosis,,{}
HP:0001385,phenotype,Hip dysplasia,,{}
HP:0008479,phenotype,Hypoplastic vertebral bodies,,{}
HP:0002656,phenotype,Epiphyseal dysplasia,,{}
HP:0010769,phenotype,Pilonidal sinus,,{}
NCBIGene:3425,gene,IDUA,alpha-L-iduronidase,"{""hgnc"": ""HGNC:5391"", ""uniprot"": ""P35475""}"
MONDO:0011758,disease,Hurler syndrome,Hurler disease|Hurler syndrome|MPS I (Hurler)|MPS I H|MPS1-H|MPS1H|MPSIH|mucopolysaccharidosis IH|mucopolysaccharidosis type 1H|mucopolysaccharidosis type IH,"{""omim"": ""OMIM:607014"", ""role"": ""lysosomal"", ""short"": ""MPS I (Hurler)"", ""group"": ""Mucopolysaccharidoses"", ""description"": ""Hurler syndrome is the most severe form of mucopolysaccharidosis type 1 (MPS1), a rare lysosomal storage disease, characterized by skeletal abnormalities, cognitive impairment, heart disease, respiratory problems, enlarged liver and spleen, characteristic facies and reduced life expectancy."", ""mondo_label"": ""Hurler syndrome""}"
HP:0005019,phenotype,Diaphyseal undertubulation,,{}
HP:0003016,phenotype,Metaphyseal widening,,{}
HP:0008802,phenotype,Hypoplasia of the femoral head,,{}
HP:0002673,phenotype,Coxa valga,,{}
HP:0012185,phenotype,Constrictive median neuropathy,,{}
HP:0002180,phenotype,Neurodegeneration,,{}
HP:0011400,phenotype,Abnormal CNS myelination,,{}
HP:0000238,phenotype,Hydrocephalus,,{}
HP:0001638,phenotype,Cardiomyopathy,,{}
HP:0001433,phenotype,Hepatosplenomegaly,,{}
HP:0030812,phenotype,Enlarged tonsils,,{}
HP:0001706,phenotype,Endocardial fibroelastosis,,{}
HP:0001659,phenotype,Aortic regurgitation,,{}
HP:0000546,phenotype,Retinal degeneration,,{}
HP:0000501,phenotype,Glaucoma,,{}
HP:0007957,phenotype,Corneal opacity,,{}
HP:0007759,phenotype,Opacification of the corneal stroma,,{}
HP:0001488,phenotype,Bilateral ptosis,,{}
HP:0001371,phenotype,Flexion contracture,,{}
HP:0002205,phenotype,Recurrent respiratory infections,,{}
HP:6000910,phenotype,Diminished tissue alpha-L-iduronidase activity,,{}
HP:0008301,phenotype,Dermatan sulfate excretion in urine,,{}
HP:0003541,phenotype,Urinary glycosaminoglycan excretion,,{}
HP:0001538,phenotype,Protuberant abdomen,,{}
HP:0000431,phenotype,Wide nasal bridge,,{}
HP:0000293,phenotype,Full cheeks,,{}
HP:0002680,phenotype,J-shaped sella turcica,,{}
HP:0004490,phenotype,Calvarial hyperostosis,,{}
HP:0004437,phenotype,Cranial hyperostosis,,{}
HP:0000691,phenotype,Microdontia,,{}
HP:0000212,phenotype,Gingival overgrowth,,{}
HP:0000455,phenotype,Broad nasal tip,,{}
HP:0003320,phenotype,C1-C2 subluxation,,{}
HP:0003311,phenotype,Hypoplasia of the odontoid process,,{}
HP:0004586,phenotype,Biconcave vertebral bodies,,{}
HP:0002808,phenotype,Kyphosis,,{}
HP:0000894,phenotype,Short clavicles,,{}
HP:0002869,phenotype,Flared iliac wing,,{}
NCBIGene:3423,gene,IDS,iduronate 2-sulfatase,"{""hgnc"": ""HGNC:5389"", ""uniprot"": ""P22304""}"
MONDO:0010674,disease,"Mucopolysaccharidosis, type II","Hunter syndrome|Hunter's syndrome|I2S deficiency|IDS deficiency|MPS 2|MPS II|MPS II (Hunter)|MPS with skin involvement|MPS2|MPSII|Mucopolysaccharidosis Type II|SIDS deficiency|attenuated MPS (subtype; formerly known as mild MPS II)|iduronate 2-sulfatase deficiency|mucopolysaccharidosis II, X-linked recessive|mucopolysaccharidosis type 2|mucopolysaccharidosis type II|mucopolysaccharidosis with skin involvement|mucopolysaccharidosis, type 2|mucopolysaccharidosis, type II|severe MPS II|sulfoiduronate sulfatase deficiency","{""omim"": ""OMIM:309900"", ""role"": ""lysosomal"", ""short"": ""MPS II (Hunter)"", ""group"": ""Mucopolysaccharidoses"", ""description"": ""A lysosomal storage disease leading to a massive accumulation of glycosaminoglycans and a wide variety of symptoms including distinctive coarse facial features, short stature, cardio-respiratory involvement and skeletal abnormalities. It manifests as a continuum varying from a severe to an attenuated form without neuronal involvement."", ""mondo_label"": ""mucopolysaccharidosis type 2""}"
HP:0001171,phenotype,Split hand,,{}
HP:0002870,phenotype,Obstructive sleep apnea,,{}
HP:0002187,phenotype,Profound intellectual disability,,{}
HP:0002341,phenotype,Cervical cord compression,,{}
HP:0010535,phenotype,Sleep apnea,,{}
HP:0001635,phenotype,Congestive heart failure,,{}
HP:0001654,phenotype,Abnormal heart valve morphology,,{}
HP:0003502,phenotype,Mild short stature,,{}
HP:0003510,phenotype,Severe short stature,,{}
HP:0001419,phenotype,X-linked recessive inheritance,,{}
HP:0002786,phenotype,Tracheobronchomalacia,,{}
HP:0006536,phenotype,Airway obstruction,,{}
HP:0001085,phenotype,Papilledema,,{}
HP:0000508,phenotype,Ptosis,,{}
HP:0007703,phenotype,Abnormal retinal pigmentation,,{}
HP:0011462,phenotype,Young adult onset,,{}
HP:0034203,phenotype,Decreased iduronate sulfatase level,,{}
HP:0006532,phenotype,Recurrent pneumonia,,{}
HP:0002099,phenotype,Asthma,,{}
HP:0004389,phenotype,Intestinal pseudo-obstruction,,{}
HP:0000687,phenotype,Widely spaced teeth,,{}
HP:0030799,phenotype,Scaphocephaly,,{}
HP:0000684,phenotype,Delayed eruption of teeth,,{}
HP:0001609,phenotype,Hoarse voice,,{}
NCBIGene:2548,gene,GAA,alpha glucosidase,"{""hgnc"": ""HGNC:4065"", ""uniprot"": ""P10253""}"
MONDO:0017694,disease,Glycogen storage disease II,"GSD due to acid maltase deficiency, infantile onset|GSD type 2, infantile onset|GSD type II, infantile onset|Pompe|Pompe disease, infantile onset|alpha-1,4-glucosidase acid deficiency, infantile onset|glycogen storage disease type 2, infantile onset|glycogen storage disease type II, infantile onset|glycogenosis due to acid maltase deficiency, infantile onset|glycogenosis type 2, infantile onset|glycogenosis type II, infantile onset","{""omim"": ""OMIM:232300"", ""role"": ""lysosomal"", ""short"": ""Pompe"", ""group"": ""Glycogen & autophagy (Pompe, Danon)"", ""description"": ""Glycogen storage disease due to acid maltase deficiency, infantile onset is the most severe form of glycogen storage disease due to acid maltase deficiency, characterized by cardiomegaly with respiratory distress, muscle weakness and feeding difficulties. It is often fatal."", ""mondo_label"": ""glycogen storage disease due to acid maltase deficiency, infantile onset""}"
HP:0003690,phenotype,Limb muscle weakness,,{}
HP:0001284,phenotype,Areflexia,,{}
HP:0001265,phenotype,Hyporeflexia,,{}
HP:0033567,phenotype,Right axis deviation,,{}
HP:0001716,phenotype,Wolff-Parkinson-White syndrome,,{}
HP:0011703,phenotype,Sinus tachycardia,,{}
HP:0004944,phenotype,Dilatation of the cerebral artery,,{}
HP:0005165,phenotype,Shortened PR interval,,{}
HP:0002094,phenotype,Dyspnea,,{}
HP:0002093,phenotype,Respiratory insufficiency,,{}
HP:0002138,phenotype,Subarachnoid hemorrhage,,{}
HP:0003546,phenotype,Exercise intolerance,,{}
HP:0001790,phenotype,Nonimmune hydrops fetalis,,{}
HP:0025435,phenotype,Increased circulating lactate dehydrogenase concentration,,{}
HP:0031185,phenotype,Elevated circulating NT-proBNP concentration,,{}
HP:0001945,phenotype,Fever,,{}
HP:6001008,phenotype,Elevated urine glucose tetrasaccharide level,,{}
HP:0009051,phenotype,Increased muscle glycogen content,,{}
HP:0032232,phenotype,Elevated circulating CK-MB concentration,,{}
HP:0003236,phenotype,Elevated circulating creatine kinase activity,,{}
HP:6000088,phenotype,"Reduced muscle alpha-1,4-glucosidase activity",,{}
HP:0002202,phenotype,Pleural effusion,,{}
HP:0000020,phenotype,Urinary incontinence,,{}
HP:0001324,phenotype,Muscle weakness,,{}
HP:0003551,phenotype,Difficulty climbing stairs,,{}
HP:0003701,phenotype,Proximal muscle weakness,,{}
HP:0001252,phenotype,Hypotonia,,{}
HP:0003725,phenotype,Firm muscles,,{}
HP:0033235,phenotype,Difficulty descending stairs,,{}
HP:0006597,phenotype,Diaphragmatic paralysis,,{}
HP:0002747,phenotype,Respiratory insufficiency due to muscle weakness,,{}
NCBIGene:2629,gene,GBA1,glucosylceramidase beta 1,"{""hgnc"": ""HGNC:4177"", ""uniprot"": ""P04062""}"
MONDO:0009265,disease,"Gaucher disease, type I","Gaucher|Gaucher disease type I|Gaucher disease, noncerebral juvenile|Gaucher's disease type I|Gba deficiency|acid Beta-glucosidase deficiency|non-cerebral juvenile Gaucher disease","{""omim"": ""OMIM:230800"", ""role"": ""lysosomal"", ""short"": ""Gaucher"", ""group"": ""Sphingolipidoses"", ""description"": ""Gaucher disease type 1 is the chronic non-neurological form of Gaucher disease (GD) characterized by organomegaly, bone involvement and cytopenia."", ""mondo_label"": ""Gaucher disease type I""}"
HP:0004975,phenotype,Erlenmeyer flask deformity of the femurs,,{}
HP:0000822,phenotype,Hypertension,,{}
HP:0002092,phenotype,Pulmonary arterial hypertension,,{}
HP:0001650,phenotype,Aortic valve stenosis,,{}
HP:0001971,phenotype,Hypersplenism,,{}
HP:0002113,phenotype,Pulmonary infiltrates,,{}
HP:0006530,phenotype,Abnormal pulmonary interstitial morphology,,{}
HP:0001903,phenotype,Anemia,,{}
HP:0001876,phenotype,Pancytopenia,,{}
HP:0001873,phenotype,Thrombocytopenia,,{}
HP:0000421,phenotype,Epistaxis,,{}
HP:0002653,phenotype,Bone pain,,{}
HP:0000953,phenotype,Hyperpigmentation of the skin,,{}
HP:0006775,phenotype,Multiple myeloma,,{}
HP:0000478,phenotype,Abnormality of the eye,,{}
HP:0007401,phenotype,Macular atrophy,,{}
HP:6001185,phenotype,Elevated circulating glucosylsphingosine concentration,,{}
HP:0002953,phenotype,Vertebral compression fracture,,{}
HP:0002756,phenotype,Pathologic fracture,,{}
HP:0010885,phenotype,Avascular necrosis,,{}
NCBIGene:2717,gene,GLA,galactosidase alpha,"{""hgnc"": ""HGNC:4296"", ""uniprot"": ""P06280""}"
MONDO:0010526,disease,Fabry disease,"Alpha-galactosidase A deficiency|Anderson-Fabry disease|FD|Fabry|Fabry disease|Fabry's disease|Fd|angiokeratoma corporis diffusum|angiokeratoma, diffuse|diffuse angiokeratoma","{""omim"": ""OMIM:301500"", ""role"": ""lysosomal"", ""short"": ""Fabry"", ""group"": ""Sphingolipidoses"", ""description"": ""Fabry disease (FD) is a progressive, inherited, multisystemic lysosomal storage disease characterized by specific neurological, cutaneous, renal, cardiovascular, cochleo-vestibular and cerebrovascular manifestations."", ""mondo_label"": ""Fabry disease""}"
HP:0001155,phenotype,Abnormality of the hand,,{}
HP:0002380,phenotype,Fasciculations,,{}
HP:0003401,phenotype,Paresthesia,,{}
HP:0012332,phenotype,Abnormal autonomic nervous system physiology,,{}
HP:0001014,phenotype,Angiokeratoma,,{}
HP:0001658,phenotype,Myocardial infarction,,{}
HP:0005144,phenotype,Ventricular septal hypertrophy,,{}
HP:0011675,phenotype,Arrhythmia,,{}
HP:0001681,phenotype,Angina pectoris,,{}
HP:0001071,phenotype,Angiokeratoma corporis diffusum,,{}
HP:0001712,phenotype,Left ventricular hypertrophy,,{}
HP:0002326,phenotype,Transient ischemic attack,,{}
HP:0000823,phenotype,Delayed puberty,,{}
HP:0000966,phenotype,Hypohidrosis,,{}
HP:0001131,phenotype,Corneal dystrophy,,{}
HP:0034864,phenotype,Decreased alpha-galactosidase A activity,,{}
HP:0032567,phenotype,Lipiduria,,{}
HP:0001004,phenotype,Lymphedema,,{}
HP:0032568,phenotype,Urinary mulberry cells,,{}
HP:0033595,phenotype,Elevated circulating globotriaosylceramide concentration,,{}
HP:0000093,phenotype,Proteinuria,,{}
HP:0000083,phenotype,Renal insufficiency,,{}
HP:0003394,phenotype,Muscle spasm,,{}
HP:0002027,phenotype,Abdominal pain,,{}
HP:0002013,phenotype,Vomiting,,{}
HP:0012702,phenotype,Tenesmus,,{}
HP:0002018,phenotype,Nausea,,{}
NCBIGene:2581,gene,GALC,galactosylceramidase,"{""hgnc"": ""HGNC:4115"", ""uniprot"": ""P54803""}"
MONDO:0009499,disease,Krabbe disease,"GALC deficiency|GALC enzyme deficiency|GLD|Krabbe|Krabbe disease|Krabbe leukodystrophy|Krabbe's leukodystrophy|Leukodystrophy, Krabbe's|diffuse globoid body sclerosis|galactocerebrosidase deficiency|galactosylceramidase deficiency|galactosylceramide lipidosis|globoid cell leukodystrophy|globoid cell leukoencephalopathy|later onset Krabbe disease|later-onset Krabbe disease","{""omim"": ""OMIM:245200"", ""role"": ""lysosomal"", ""short"": ""Krabbe"", ""group"": ""Sphingolipidoses"", ""description"": ""A lysosomal disorder that affects the white matter of the central and peripheral nervous systems. It includes infantile, late-infantile/juvenile and adult forms."", ""mondo_label"": ""Krabbe disease""}"
HP:0007928,phenotype,Abnormal flash visual evoked potentials,,{}
HP:0000618,phenotype,Blindness,,{}
HP:0000639,phenotype,Nystagmus,,{}
HP:0000648,phenotype,Optic atrophy,,{}
HP:0002922,phenotype,Increased CSF protein concentration,,{}
HP:0034322,phenotype,Reduced tissue galactocerebrosidase activity,,{}
HP:0001954,phenotype,Recurrent fever,,{}
HP:0011096,phenotype,Peripheral demyelination,,{}
HP:0002353,phenotype,EEG abnormality,,{}
HP:0002506,phenotype,Diffuse cerebral atrophy,,{}
HP:0000762,phenotype,Decreased nerve conduction velocity,,{}
HP:0007141,phenotype,Sensorimotor neuropathy,,{}
HP:0002376,phenotype,Developmental regression,,{}
HP:0006801,phenotype,Hyperactive deep tendon reflexes,,{}
HP:0007305,phenotype,CNS demyelination,,{}
HP:0001508,phenotype,Failure to thrive,,{}
HP:0025013,phenotype,Decerebrate rigidity,,{}
HP:0001276,phenotype,Hypertonia,,{}
HP:0008936,phenotype,Axial hypotonia,,{}
HP:0002191,phenotype,Progressive spasticity,,{}
HP:0001973,phenotype,Autoimmune thrombocytopenia,,{}
NCBIGene:410,gene,ARSA,arylsulfatase A,"{""hgnc"": ""HGNC:713"", ""uniprot"": ""P15289""}"
MONDO:0009591,disease,Metachromatic leukodystrophy,"ARSA deficiency|MLD|MLD, juvenile form|arylsulfatase A deficiency|arylsulfatase A deficiency, juvenile form|cerebral sclerosis diffuse metachromatic form|cerebroside sulfatase deficiency|leukodystrophy metachromatic|metachromatic leukodystrophy, juvenile form|metachromatic leukoencephalopathy|sulfatide lipidosis","{""omim"": ""OMIM:250100"", ""role"": ""lysosomal"", ""short"": ""MLD"", ""group"": ""Sphingolipidoses"", ""description"": ""Metachromatic leukodystrophy is an inherited condition characterized by the accumulation of fats called sulfatides in cells, especially cells of the nervous system. This accumulation results in progressive destruction of white matter of the brain, which consists of nerve fibers covered by myelin.Affected individuals experience progressive deterioration of intellectual functions and motor skills, such as the ability to walk. They also develop loss of sensation in the extremities, incontinence, seizures, paralysis, inability to speak, blindness, and hearing loss. Eventually they lose awareness of their surroundings and become unresponsive. This condition is inherited in an autosomal recessive pattern and is caused by mutations in the ARSA and PSAP genes."", ""mondo_label"": ""metachromatic leukodystrophy, juvenile form""}"
HP:0034863,phenotype,Reduced leukocyte arylsulfatase A activity,,{}
HP:0001251,phenotype,Ataxia,,{}
HP:0001268,phenotype,Mental deterioration,,{}
HP:0000712,phenotype,Emotional lability,,{}
HP:0001347,phenotype,Hyperreflexia,,{}
HP:0002072,phenotype,Chorea,,{}
HP:0002445,phenotype,Tetraplegia,,{}
HP:0000746,phenotype,Delusion,,{}
HP:0007133,phenotype,Progressive peripheral neuropathy,,{}
HP:0000738,phenotype,Hallucinations,,{}
HP:0002500,phenotype,Abnormal cerebral white matter morphology,,{}
HP:0001332,phenotype,Dystonia,,{}
HP:0003487,phenotype,Babinski sign,,{}
HP:0005609,phenotype,Gallbladder dysfunction,,{}
HP:0001082,phenotype,Cholecystitis,,{}
HP:0001283,phenotype,Bulbar palsy,,{}
HP:0001290,phenotype,Generalized hypotonia,,{}
HP:0003445,phenotype,EMG: neuropathic changes,,{}
HP:0002510,phenotype,Spastic tetraplegia,,{}
HP:0034687,phenotype,Impaired cerebroside sulfate hydrolysis,,{}
NCBIGene:3073,gene,HEXA,hexosaminidase subunit alpha,"{""hgnc"": ""HGNC:4878"", ""uniprot"": ""P06865""}"
MONDO:0010100,disease,Tay-Sachs disease,"B variant GM2 gangliosidosis|GM2 gangliosidosis, B, B1 variant|GM2 gangliosidosis, type 1|GM2-gangliosidosis, several forms|Hex A pseudodeficiency|TSD|Tay Sachs Disease|Tay-Sachs|Tay-Sachs disease|disease, Tay-Sachs|gangliosidosis GM2, type 1|hexosaminidase A deficiency|hexosaminidase alpha-subunit deficiency (variant B)|sphingolipidosis, Tay-Sachs","{""omim"": ""OMIM:272800"", ""role"": ""lysosomal"", ""short"": ""Tay-Sachs"", ""group"": ""GM2 & GM1 gangliosidoses"", ""description"": ""GM2 gangliosidosis, variant B or Tay-Sachs disease is marked by accumulation of G2 gangliosides due to hexosaminidase A deficiency."", ""mondo_label"": ""Tay-Sachs disease""}"
HP:0003495,phenotype,GM2-ganglioside accumulation,,{}
HP:0000741,phenotype,Apathy,,{}
HP:0000726,phenotype,Dementia,,{}
HP:0002361,phenotype,Psychomotor deterioration,,{}
HP:0002267,phenotype,Exaggerated startle response,,{}
HP:0010729,phenotype,Cherry red spot of the macula,,{}
HP:0002835,phenotype,Aspiration,,{}
HP:0002421,phenotype,Poor head control,,{}
HP:0000980,phenotype,Pallor,,{}
NCBIGene:3074,gene,HEXB,hexosaminidase subunit beta,"{""hgnc"": ""HGNC:4879"", ""uniprot"": ""P07686""}"
MONDO:0010006,disease,Sandhoff disease,"GM2 gangliosidosis 0 variant|GM2 gangliosidosis, 0 variant|Hexosaminidases A and B deficiency|Sandhoff|Sandhoff Jatzkewitz disease|Sandhoff disease","{""omim"": ""OMIM:268800"", ""role"": ""lysosomal"", ""short"": ""Sandhoff"", ""group"": ""GM2 & GM1 gangliosidoses"", ""description"": ""A lysosomal disorder from the GM2 gangliosidosis family, caused by biallelic pathogenic variants in the HEXB gene, characterized by GM2 ganglioside accumulation in the nervous system and progressive central nervous system degeneration."", ""mondo_label"": ""Sandhoff disease""}"
HP:0004343,phenotype,Abnormal glycosphingolipid metabolism,,{}
HP:0033978,phenotype,Reduced beta-hexosaminidase B activity,,{}
HP:6000122,phenotype,Increased urinary N-acetylglucosamine-rich oligosaccharide level,,{}
HP:0003819,phenotype,Death in childhood,,{}
HP:0002493,phenotype,Upper motor neuron dysfunction,,{}
HP:0002069,phenotype,Bilateral tonic-clonic seizure,,{}
HP:0010829,phenotype,Impaired temperature sensation,,{}
HP:0032794,phenotype,Myoclonic seizure,,{}
HP:0007272,phenotype,Progressive psychomotor deterioration,,{}
HP:0003429,phenotype,CNS hypomyelination,,{}
HP:0000802,phenotype,Impotence,,{}
HP:0001278,phenotype,Orthostatic hypotension,,{}
HP:0003202,phenotype,Skeletal muscle atrophy,,{}
HP:0001257,phenotype,Spasticity,,{}
HP:0002028,phenotype,Chronic diarrhea,,{}
HP:0002574,phenotype,Episodic abdominal pain,,{}
HP:0000975,phenotype,Hyperhidrosis,,{}
NCBIGene:4864,gene,NPC1,NPC intracellular cholesterol transporter 1,"{""hgnc"": ""HGNC:7897"", ""uniprot"": ""O15118""}"
MONDO:0009757,disease,"Niemann-pick disease, type C1","NPC1|Niemann-Pick C|Niemann-Pick disease type C1|Niemann-Pick disease, type C1|type C1 Niemann-Pick disease","{""omim"": ""OMIM:257220"", ""role"": ""lysosomal"", ""short"": ""Niemann-Pick C"", ""group"": ""Niemann-Pick"", ""description"": ""Type C Niemann-Pick disease associated with a mutation in the gene NPC1, encoding Niemann-Pick C1 protein."", ""mondo_label"": ""Niemann-Pick disease, type C1""}"
HP:0000511,phenotype,Vertical supranuclear gaze palsy,,{}
HP:0001791,phenotype,Fetal ascites,,{}
HP:0003349,phenotype,Low cholesterol esterification rate,,{}
HP:6001353,phenotype,Elevated circulating C-triol concentration,,{}
HP:0002185,phenotype,Neurofibrillary tangles,,{}
HP:0000709,phenotype,Psychosis,,{}
HP:0002529,phenotype,Neuronal loss in central nervous system,,{}
HP:0002524,phenotype,Cataplexy,,{}
HP:0002066,phenotype,Gait ataxia,,{}
HP:0003640,phenotype,CNS foam cells,,{}
HP:0003651,phenotype,Foam cells,,{}
HP:0006579,phenotype,Prolonged neonatal jaundice,,{}
HP:0006583,phenotype,Fatal liver failure in infancy,,{}
HP:0001982,phenotype,Sea-blue histiocytosis,,{}
HP:0004333,phenotype,Bone-marrow foam cells,,{}
HP:6000158,phenotype,Unesterified cholesterol accumulation in cultured fibroblasts,,{}
NCBIGene:1200,gene,TPP1,tripeptidyl peptidase 1,"{""hgnc"": ""HGNC:2073"", ""uniprot"": ""O14773""}"
MONDO:0008769,disease,"Ceroid lipofuscinosis, neuronal, 2","CLN2|CLN2 disease, juvenile (subtype)|CLN2 disease, late infantile (subtype)|TPP1 neuronal ceroid lipofuscinosis|ceroid lipofuscinosis, neuronal, 2|ceroid lipofuscinosis, neuronal, type 2|late infantile neuronal ceroid lipofuscinosis|neuronal ceroid lipofuscinosis caused by mutation in TPP1|neuronal ceroid lipofuscinosis type 2","{""omim"": ""OMIM:204500"", ""role"": ""lysosomal"", ""short"": ""CLN2"", ""group"": ""Neuronal ceroid lipofuscinoses"", ""description"": ""A condition associated with mutation(s) in the TPP1 gene, encoding tripeptidyl-peptidase- 1. The condition is one of a group of genetically heterogeneous neurodegenerative disorders, characterized by accumulation of intracellular lipopigments."", ""mondo_label"": ""neuronal ceroid lipofuscinosis 2""}"
HP:0000550,phenotype,Undetectable electroretinogram,,{}
HP:0000529,phenotype,Progressive visual loss,,{}
HP:6000571,phenotype,Reduced tissue tripeptidyl peptidase 1 activity,,{}
HP:0001311,phenotype,Abnormal nervous system electrophysiology,,{}
HP:0002074,phenotype,Increased neuronal autofluorescent lipopigment,,{}
HP:0001336,phenotype,Myoclonus,,{}
HP:0003463,phenotype,Increased extraneuronal autofluorescent lipopigment,,{}
HP:0002059,phenotype,Cerebral atrophy,,{}
HP:0003205,phenotype,Curvilinear intracellular accumulation of autofluorescent lipopigment storage material,,{}
NCBIGene:1201,gene,CLN3,"CLN3 lysosomal/endosomal transmembrane protein, battenin","{""hgnc"": ""HGNC:2074"", ""uniprot"": ""Q13286""}"
MONDO:0008767,disease,"Ceroid lipofuscinosis, neuronal, 3","CLN3|CLN3 disease, juvenile|CLN3 neuronal ceroid lipofuscinosis|Juvenile CLN3 Disease|Spielmeyer Sjogren disease|Vogt Spielmeyer disease|ceroid lipofuscinosis, neuronal, 3|ceroid lipofuscinosis, neuronal, type 3|neuronal ceroid lipofuscinosis 3|neuronal ceroid lipofuscinosis caused by mutation in CLN3|neuronal ceroid lipofuscinosis type 3","{""omim"": ""OMIM:204200"", ""role"": ""lysosomal"", ""short"": ""CLN3"", ""group"": ""Neuronal ceroid lipofuscinoses"", ""description"": ""A condition associated with mutation(s) in the CLN3 gene, encoding battenin. The condition is one of a group of genetically heterogeneous neurodegenerative disorders, characterized by accumulation of intracellular lipopigments."", ""mondo_label"": ""neuronal ceroid lipofuscinosis 3""}"
HP:0000518,phenotype,Cataract,,{}
HP:0000608,phenotype,Macular degeneration,,{}
HP:0007663,phenotype,Reduced visual acuity,,{}
HP:0002505,phenotype,Loss of ambulation,,{}
HP:0002071,phenotype,Abnormality of extrapyramidal motor function,,{}
HP:0000739,phenotype,Anxiety,,{}
HP:0001317,phenotype,Abnormal cerebellum morphology,,{}
HP:0001300,phenotype,Parkinsonism,,{}
HP:0005157,phenotype,Concentric hypertrophic cardiomyopathy,,{}
HP:0001922,phenotype,Vacuolated lymphocytes,,{}
HP:0003208,phenotype,Fingerprint intracellular accumulation of autofluorescent lipopigment storage material,,{}
NCBIGene:2720,gene,GLB1,galactosidase beta 1,"{""hgnc"": ""HGNC:4298"", ""uniprot"": ""P16278""}"
MONDO:0009260,disease,"GM1-gangliosidosis, type I","Beta galactosidase deficiency type 1|GLB deficiency type 1|GM1 (infantile)|Norman-Landing disease|gangliosidosis generalised GM1 infantile form|gangliosidosis generalised GM1 type 1|gangliosidosis generalized GM1 infantile form|gangliosidosis generalized GM1 type 1|gangliosidosis, generalised GM1, infantile form|gangliosidosis, generalised GM1, type 1|gangliosidosis, generalised GM1, type I, with Cardiac involvement|infantile GM1 gangliosidosis","{""omim"": ""OMIM:230500"", ""role"": ""lysosomal"", ""short"": ""GM1 (infantile)"", ""group"": ""GM2 & GM1 gangliosidoses"", ""description"": ""GM1 gangliosidosis type 1 is the severe infantile form of GM1 gangliosidosis with variable neurological and systemic manifestations."", ""mondo_label"": ""GM1 gangliosidosis type 1""}"
HP:0007313,phenotype,Cerebral degeneration,,{}
HP:0001511,phenotype,Intrauterine growth retardation,,{}
HP:0001639,phenotype,Hypertrophic cardiomyopathy,,{}
HP:0001644,phenotype,Dilated cardiomyopathy,,{}
HP:0001522,phenotype,Death in infancy,,{}
HP:0001789,phenotype,Hydrops fetalis,,{}
HP:0008166,phenotype,Decreased beta-galactosidase activity,,{}
HP:0000079,phenotype,Abnormality of the urinary system,,{}
HP:0000457,phenotype,Depressed nasal ridge,,{}
NCBIGene:2760,gene,GM2A,ganglioside GM2 activator,"{""hgnc"": ""HGNC:4367"", ""uniprot"": ""P17900""}"
MONDO:0010099,disease,"GM2-gangliosidosis, AB variant",GM2 AB variant|hexosaminidase activator deficiency,"{""omim"": ""OMIM:272750"", ""role"": ""lysosomal"", ""short"": ""GM2 AB variant"", ""group"": ""GM2 & GM1 gangliosidoses"", ""description"": ""GM2 gangliosidosis, AB variant is an extremely rare, severe genetic disorder characterized by progressive neurological decline due to ganglioside activator deficiency."", ""mondo_label"": ""Tay-Sachs disease AB variant""}"
HP:0003470,phenotype,Paralysis,,{}
HP:0002476,phenotype,Primitive reflex,,{}
HP:0007256,phenotype,Abnormal pyramidal sign,,{}
HP:0010780,phenotype,Hyperacusis,,{}
HP:0001285,phenotype,Spastic tetraparesis,,{}
NCBIGene:6609,gene,SMPD1,sphingomyelin phosphodiesterase 1,"{""hgnc"": ""HGNC:11120"", ""uniprot"": ""P17405""}"
MONDO:0009756,disease,"Niemann-Pick disease, type A",Niemann-Pick A,"{""omim"": ""OMIM:257200"", ""role"": ""lysosomal"", ""short"": ""Niemann-Pick A"", ""group"": ""Niemann-Pick"", ""description"": ""Niemann-Pick disease type A is a very severe subtype of Niemann-Pick disease, an autosomal recessive lysosomal disease, and is characterized clinically by onset in infancy or early childhood with failure to thrive, hepatosplenomegaly, and rapidly progressive neurodegenerative disorders."", ""mondo_label"": ""Niemann-Pick disease type A""}"
HP:0002305,phenotype,Athetosis,,{}
HP:0002540,phenotype,Inability to walk,,{}
HP:0000737,phenotype,Irritability,,{}
HP:0002188,phenotype,Delayed CNS myelination,,{}
HP:0003609,phenotype,Foam cells with lamellar inclusion bodies,,{}
HP:0002716,phenotype,Lymphadenopathy,,{}
HP:0002207,phenotype,Diffuse reticular or finely nodular infiltrations,,{}
HP:0001935,phenotype,Microcytic anemia,,{}
HP:0000991,phenotype,Xanthomatosis,,{}
HP:0031964,phenotype,Elevated circulating alanine aminotransferase concentration,,{}
HP:0031956,phenotype,Elevated circulating aspartate aminotransferase concentration,,{}
HP:6001380,phenotype,Elevated circulating lysosphingomyelin concentration,,{}
HP:0002019,phenotype,Constipation,,{}
HP:0008872,phenotype,Feeding difficulties in infancy,,{}
HP:0001541,phenotype,Ascites,,{}
HP:0002063,phenotype,Rigidity,,{}
HP:0000939,phenotype,Osteoporosis,,{}
NCBIGene:3920,gene,LAMP2,lysosome associated membrane protein 2,"{""hgnc"": ""HGNC:6501"", ""uniprot"": ""P13473""}"
MONDO:0010281,disease,Danon disease,"ANTOPOL disease|Danon|Danon disease|Danon disease, X-linked dominant|GSD IIb|GSD due to LAMP-2 deficiency|GSD2B (formerly)|LAMP2 lysosomal glycogen storage disease|X-linked vacuolar cardiomyopathy and myopathy|glycogen storage cardiomyopathy|glycogen storage disease limited to the heart|glycogen storage disease type 2b (formerly)|glycogen storage disease type IIb|glycogenosis due to LAMP-2 deficiency|lysosomal glycogen storage disease caused by mutation in LAMP2|lysosomal glycogen storage disease with normal acid maltase activity|lysosomal glycogen storage disease without acid maltase deficiency|lysosomal glycogen storage disease without acid maltase deficiency (formerly)|vacuolar cardiomyopathy and myopathy X-linked","{""omim"": ""OMIM:300257"", ""role"": ""bridge"", ""short"": ""Danon"", ""group"": ""Glycogen & autophagy (Pompe, Danon)"", ""description"": ""A lysosomal glycogen storage disease characterized by severe cardiomyopathy and variable degrees of muscle weakness, frequently associated with intellectual deficit."", ""mondo_label"": ""Danon disease""}"
HP:0002375,phenotype,Hypokinesia,,{}
HP:0100543,phenotype,Cognitive impairment,,{}
HP:0001692,phenotype,Atrial arrhythmia,,{}
HP:0011706,phenotype,Second degree atrioventricular block,,{}
HP:0025075,phenotype,Increased QRS voltage,,{}
HP:0001700,phenotype,Myocardial necrosis,,{}
HP:0001685,phenotype,Myocardial fibrosis,,{}
HP:0001678,phenotype,Atrioventricular block,,{}
HP:0012666,phenotype,Severely reduced left ventricular ejection fraction,,{}
HP:0004756,phenotype,Ventricular tachycardia,,{}
HP:0001279,phenotype,Syncope,,{}
HP:0001423,phenotype,X-linked dominant inheritance,,{}
HP:0003710,phenotype,Exercise-induced muscle cramps,,{}
HP:0003458,phenotype,EMG: myopathic abnormalities,,{}
HP:0025717,phenotype,Skeletal muscle autophagosome accumulation,,{}
HP:0002460,phenotype,Distal muscle weakness,,{}
HP:0003700,phenotype,Generalized amyotrophy,,{}
HP:0007210,phenotype,Lower limb amyotrophy,,{}
MONDO:0008199,disease,"Parkinson disease, late-onset","LOPD|PARK|PD|Parkinson (late-onset)|Parkinson disease, age of onset, modifier, Multifactorial|Parkinson disease, late-onset|Parkinson disease, late-onset, susceptibility to, Multifactorial|Parkinson disease, susceptibility to, Multifactorial|autosomal dominant late-onset Parkinson disease|hereditary late onset Parkinson disease|hereditary late-onset Parkinson disease|late-onset Parkinson disease","{""omim"": ""OMIM:168600"", ""role"": ""bridge"", ""short"": ""Parkinson (late-onset)"", ""group"": ""Bridge"", ""description"": ""A Parkinson disease that begins after around the age of 50."", ""mondo_label"": ""late-onset Parkinson disease""}"
HP:0003587,phenotype,Insidious onset,,{}
HP:0003584,phenotype,Late onset,,{}
HP:0003581,phenotype,Adult onset,,{}
HP:0100315,phenotype,Lewy bodies,,{}
HP:0000751,phenotype,Personality changes,,{}
HP:0011960,phenotype,Substantia nigra gliosis,,{}
HP:0001337,phenotype,Tremor,,{}
HP:0031908,phenotype,Micrographia,,{}
HP:0002172,phenotype,Postural instability,,{}
HP:0000716,phenotype,Depression,,{}
HP:0002067,phenotype,Bradykinesia,,{}
HP:0007311,phenotype,Short stepped shuffling gait,,{}
HP:0002322,phenotype,Resting tremor,,{}
HP:0000012,phenotype,Urinary urgency,,{}
HP:0000006,phenotype,Autosomal dominant inheritance,,{}
HP:0003745,phenotype,Sporadic,,{}
HP:0000298,phenotype,Mask-like facies,,{}
HP:0001621,phenotype,Weak voice,,{}
NCBIGene:4204,gene,MECP2,methyl-CpG binding protein 2,"{""hgnc"": ""HGNC:6990"", ""uniprot"": ""P51608""}"
MONDO:0010726,disease,Rett syndrome,"RTS|RTT|Rett|Rett syndrome|Rett syndrome, X-linked dominant|Rett syndrome, atypical, X-linked dominant|Rett syndrome, preserved speech variant, X-linked dominant|Rett’s disease","{""omim"": ""OMIM:312750"", ""role"": ""lookalike"", ""short"": ""Rett"", ""group"": ""Lookalike control"", ""description"": ""A severe neurodevelopmental disorder affecting the central nervous system."", ""mondo_label"": ""Rett syndrome""}"
HP:0001773,phenotype,Short foot,,{}
HP:0002078,phenotype,Truncal ataxia,,{}
HP:0012171,phenotype,Stereotypical hand wringing,,{}
HP:0010521,phenotype,Gait apraxia,,{}
HP:6001483,phenotype,Loss of acquired spoken language,,{}
HP:0003763,phenotype,Bruxism,,{}
HP:0000729,phenotype,Autistic behavior,,{}
HP:6001482,phenotype,Loss of acquired purposeful hand skills,,{}
HP:0100023,phenotype,Recurrent hand flapping,,{}
HP:0002120,phenotype,Cerebral cortical atrophy,,{}
HP:0004326,phenotype,Cachexia,,{}
HP:0005135,phenotype,Abnormal T-wave,,{}
HP:0005184,phenotype,Prolonged QTc interval,,{}
HP:0004879,phenotype,Intermittent hyperventilation,,{}
HP:0002104,phenotype,Apnea,,{}
HP:0011968,phenotype,Feeding difficulties,,{}
HP:0002020,phenotype,Gastroesophageal reflux,,{}
HP:0000164,phenotype,Abnormality of the dentition,,{}
HP:0005484,phenotype,Secondary microcephaly,,{}
NCBIGene:1756,gene,DMD,dystrophin,"{""hgnc"": ""HGNC:2928"", ""uniprot"": ""P11532""}"
MONDO:0010679,disease,Duchenne muscular dystrophy,"DMD|Duchenne|Duchenne muscular dystrophy|Duchenne muscular dystrophy, X-linked recessive|muscular dystrophy, Duchenne type|severe dystrophinopathy, Duchenne type","{""omim"": ""OMIM:310200"", ""role"": ""lookalike"", ""short"": ""Duchenne"", ""group"": ""Lookalike control"", ""description"": ""Duchenne muscular dystrophy (DMD) is a neuromuscular disease characterized by rapidly progressive muscle weakness and wasting due to degeneration of skeletal, smooth and cardiac muscle."", ""mondo_label"": ""Duchenne muscular dystrophy""}"
HP:0003089,phenotype,Hamstring contractures,,{}
HP:0006380,phenotype,Knee flexion contracture,,{}
HP:0008981,phenotype,Calf muscle hypertrophy,,{}
HP:0003707,phenotype,Calf muscle pseudohypertrophy,,{}
HP:0002194,phenotype,Delayed gross motor development,,{}
HP:0030051,phenotype,Tip-toe gait,,{}
HP:0002515,phenotype,Waddling gait,,{}
HP:0001256,phenotype,Mild intellectual disability,,{}
HP:0003115,phenotype,Abnormal EKG,,{}
HP:0002878,phenotype,Respiratory failure,,{}
HP:0002791,phenotype,Hypoventilation,,{}
HP:0002091,phenotype,Restrictive ventilatory defect,,{}
HP:0003560,phenotype,Muscular dystrophy,,{}
HP:0003391,phenotype,Gowers sign,,{}
HP:0003307,phenotype,Hyperlordosis,,{}
NCBIGene:4625,gene,MYH7,myosin heavy chain 7,"{""hgnc"": ""HGNC:7577"", ""uniprot"": ""P12883""}"
MONDO:0008647,disease,"Cardiomyopathy, familial hypertrophic 1","CMH1|HCM (MYH7)|MYH7 hypertrophic cardiomyopathy|cardiomyopathy, familial hypertrophic, 1|cardiomyopathy, familial hypertrophic, Autosomal dominant, Digenic dominant|cardiomyopathy, familial hypertrophic, type 1|cardiomyopathy, hypertrophic, 1, Autosomal dominant, Digenic dominant|cardiomyopathy, hypertrophic, 1, digenic, Autosomal dominant, Digenic dominant|hypertrophic cardiomyopathy 1|hypertrophic cardiomyopathy caused by mutation in MYH7|hypertrophic cardiomyopathy type 1","{""omim"": ""OMIM:192600"", ""role"": ""lookalike"", ""short"": ""HCM (MYH7)"", ""group"": ""Lookalike control"", ""description"": ""Any hypertrophic cardiomyopathy in which the cause of the disease is a mutation in the MYH7 gene."", ""mondo_label"": ""hypertrophic cardiomyopathy 1""}"
HP:0001682,phenotype,Subvalvular aortic stenosis,,{}
HP:0001699,phenotype,Sudden death,,{}
NCBIGene:443,gene,ASPA,aspartoacylase,"{""hgnc"": ""HGNC:756"", ""uniprot"": ""P45381""}"
MONDO:0010079,disease,Canavan disease,ACY2 deficiency|Canavan|Canavan disease|Canavan-VAN Bogaert-Bertrand disease|Von Bogaert-Bertrand disease|aminoacylase 2 deficiency|aspartoacylase deficiency|spongy degeneration of central nervous system|spongy degeneration of the brain|spongy degeneration of the central nervous system,"{""omim"": ""OMIM:271900"", ""role"": ""lookalike"", ""short"": ""Canavan"", ""group"": ""Lookalike control"", ""description"": ""A neurodegenerative disorder; its spectrum varies between severe forms with leukodystrophy, macrocephaly and severe developmental delay, and a very rare mild/juvenile form characterized by mild developmental delay."", ""mondo_label"": ""Canavan disease""}"
HP:0032273,phenotype,Increased circulating N-acetylaspartic acid concentration,,{}
HP:6000354,phenotype,Reduced aspartoacylase activity in cultured fibroblasts,,{}
HP:0034649,phenotype,Elevated urine N-acetylaspartic acid level,,{}
HP:0032274,phenotype,Increased CSF N-acetylaspartic acid concentration,,{}
HP:0010841,phenotype,Multifocal epileptiform discharges,,{}
HP:0025053,phenotype,Elevated brain N-acetyl aspartate level by MRS,,{}
HP:0012444,phenotype,Brain atrophy,,{}
HP:0011097,phenotype,Epileptic spasm,,{}
HP:0002521,phenotype,Hypsarrhythmia,,{}
HP:0002179,phenotype,Opisthotonus,,{}
HP:0000252,phenotype,Microcephaly,,{}
HP:0001476,phenotype,Delayed closure of the anterior fontanelle,,{}
R-HSA-2024096,pathway,HS-GAG degradation,,{}
R-HSA-1638091,pathway,Heparan sulfate/heparin (HS-GAG) metabolism,,{}
R-HSA-2206307,pathway,MPS IIIA - Sanfilippo syndrome A,,{}
R-HSA-2206281,pathway,Mucopolysaccharidoses,,{}
ClinVar:4854399,variant,NM_000199.5(SGSH):c.672C>A (p.Tyr224Ter),,"{""significance"": ""Pathogenic"", ""consequence"": ""nonsense, non-coding transcript variant""}"
ClinVar:4817912,variant,NM_000199.5(SGSH):c.97G>T (p.Gly33Ter),,"{""significance"": ""Pathogenic"", ""consequence"": ""nonsense, non-coding transcript variant""}"
ClinVar:4765375,variant,NM_000199.5(SGSH):c.1A>T (p.Met1Leu),,"{""significance"": ""Pathogenic"", ""consequence"": ""missense variant, initiator_codon_variant, non-coding transcript variant""}"
R-HSA-2206282,pathway,MPS IIIB - Sanfilippo syndrome B,,{}
ClinVar:4886977,variant,NM_000263.4(NAGLU):c.764+1G>C,,"{""significance"": ""Pathogenic"", ""consequence"": ""splice donor variant""}"
ClinVar:4818043,variant,NM_000263.4(NAGLU):c.679-5_679-1del,,"{""significance"": ""Pathogenic"", ""consequence"": ""splice acceptor variant""}"
ClinVar:4783876,variant,NM_000263.4(NAGLU):c.531+1G>T,,"{""significance"": ""Pathogenic"", ""consequence"": ""splice donor variant""}"
R-HSA-2206291,pathway,MPS IIIC - Sanfilippo syndrome C,,{}
R-HSA-6798695,pathway,Neutrophil degranulation,,{}
ClinVar:4900190,variant,NM_152419.3(HGSNAT):c.234+3A>T,,"{""significance"": ""Pathogenic"", ""consequence"": ""intron variant""}"
ClinVar:4888407,variant,GRCh38/hg38 8p12-q11.1(chr8:35340961-46330497)x3,,"{""significance"": ""Pathogenic"", ""consequence"": """"}"
ClinVar:4851250,variant,GRCh37/hg19 8p12-11.1(chr8:35119535-43837099)x1,,"{""significance"": ""Pathogenic"", ""consequence"": """"}"
R-HSA-2022857,pathway,Keratan sulfate degradation,,{}
R-HSA-1638074,pathway,Keratan sulfate/keratin metabolism,,{}
R-HSA-2206305,pathway,MPS IIID - Sanfilippo syndrome D,,{}
R-HSA-432720,pathway,Lysosome Vesicle Biogenesis,,{}
R-HSA-199992,pathway,trans-Golgi Network Vesicle Budding,,{}
ClinVar:4814997,variant,NM_002076.4(GNS):c.876-1G>C,,"{""significance"": ""Pathogenic"", ""consequence"": ""splice acceptor variant""}"
ClinVar:4724139,variant,NM_002076.4(GNS):c.276C>A (p.Cys92Ter),,"{""significance"": ""Pathogenic"", ""consequence"": ""nonsense""}"
ClinVar:3723231,variant,NM_002076.4(GNS):c.1277dup (p.Thr427fs),,"{""significance"": ""Pathogenic"", ""consequence"": ""frameshift variant""}"
R-HSA-2024101,pathway,CS/DS degradation,,{}
R-HSA-1793185,pathway,Chondroitin sulfate/dermatan sulfate metabolism,,{}
R-HSA-2206302,pathway,MPS I - Hurler syndrome (HS-GAG degradation),,{}
R-HSA-9953038,pathway,MPS I - Hurler syndrome (CS/DS degradation),,{}
ClinVar:4976804,variant,NM_000203.5(IDUA):c.1190_*113del886 (p.Asp397fs),,"{""significance"": ""Pathogenic"", ""consequence"": ""frameshift variant, splice acceptor variant, splice donor variant, non-coding transcript variant""}"
ClinVar:4974685,variant,GRCh38/hg38 4p16.3-16.1(chr4:49556-6834935)x1,,"{""significance"": ""Pathogenic"", ""consequence"": """"}"
ClinVar:4890970,variant,GRCh38/hg38 4p16.3-16.2(chr4:520412-5095230)x1,,"{""significance"": ""Pathogenic"", ""consequence"": """"}"
R-HSA-2206296,pathway,MPS II - Hunter syndrome (HS-GAG degradation),,{}
R-HSA-9953078,pathway,MPS II - Hunter syndrome (CS/DS degradation),,{}
ClinVar:4884744,variant,GRCh37/hg19 Xq26.2-28(chrX:130813232-155208244)x1,,"{""significance"": ""Pathogenic"", ""consequence"": """"}"
ClinVar:4880506,variant,GRCh38/hg38 Xq23-28(chrX:112876224-156004066)x1,,"{""significance"": ""Pathogenic"", ""consequence"": """"}"
ClinVar:4852056,variant,GRCh38/hg38 Xq21.31-28(chrX:89027698-156040895)x1,,"{""significance"": ""Pathogenic"", ""consequence"": """"}"
R-HSA-5357609,pathway,Glycogen storage disease type II (GAA),,{}
R-HSA-3229121,pathway,Glycogen storage diseases,,{}
R-HSA-70221,pathway,Glycogen breakdown (glycogenolysis),,{}
R-HSA-8982491,pathway,Glycogen metabolism,,{}
ClinVar:4876681,variant,NM_000152.5(GAA):c.1047del (p.Ser349fs),,"{""significance"": ""Pathogenic"", ""consequence"": ""frameshift variant""}"
ClinVar:4876679,variant,NM_000152.5(GAA):c.982del (p.Ser329fs),,"{""significance"": ""Pathogenic"", ""consequence"": ""frameshift variant""}"
ClinVar:4876678,variant,NM_000152.5(GAA):c.794del (p.Ser265fs),,"{""significance"": ""Pathogenic"", ""consequence"": ""frameshift variant""}"
R-HSA-390471,pathway,Association of TriC/CCT with target proteins during biosynthesis,,{}
R-HSA-390466,pathway,Chaperonin-mediated protein folding,,{}
R-HSA-9840310,pathway,Glycosphingolipid catabolism,,{}
R-HSA-1660662,pathway,Glycosphingolipid metabolism,,{}
ClinVar:4852057,variant,GRCh38/hg38 1q21.1-25.3(chr1:143550435-185515177)x3,,"{""significance"": ""Pathogenic"", ""consequence"": """"}"
ClinVar:4817830,variant,NM_000157.4(GBA1):c.999+1G>T,,"{""significance"": ""Pathogenic"", ""consequence"": ""splice donor variant""}"
ClinVar:4817829,variant,NM_000157.4(GBA1):c.999+1G>A,,"{""significance"": ""Pathogenic"", ""consequence"": ""splice donor variant""}"
ClinVar:4974927,variant,NM_000169.3(GLA):c.823del (p.Leu275fs),,"{""significance"": ""Pathogenic"", ""consequence"": ""frameshift variant, non-coding transcript variant, intron variant""}"
ClinVar:4974926,variant,NM_000169.3(GLA):c.101dup (p.Asn34fs),,"{""significance"": ""Pathogenic"", ""consequence"": ""frameshift variant, non-coding transcript variant, intron variant""}"
ClinVar:4974924,variant,NM_000169.3(GLA):c.786G>A (p.Trp262Ter),,"{""significance"": ""Pathogenic"", ""consequence"": ""nonsense, non-coding transcript variant, intron variant""}"
ClinVar:4887765,variant,NC_000014.8:g.(?_88399357)_(88414223_88416188)del,,"{""significance"": ""Pathogenic"", ""consequence"": """"}"
ClinVar:4884754,variant,GRCh37/hg19 14q24.3-32.33(chr14:75754230-107287505)x3,,"{""significance"": ""Pathogenic"", ""consequence"": """"}"
ClinVar:4855581,variant,NM_000153.4(GALC):c.1670+2T>G,,"{""significance"": ""Pathogenic"", ""consequence"": ""splice donor variant""}"
R-HSA-1663150,pathway,The activation of arylsulfatases,,{}
R-HSA-163841,pathway,"Gamma carboxylation, hypusinylation, hydroxylation, and arylsulfatase activation",,{}
ClinVar:4886803,variant,GRCh38/hg38 22q13.31-13.33(chr22:45900000-50806001)x1,,"{""significance"": ""Pathogenic"", ""consequence"": """"}"
ClinVar:4850932,variant,NM_000487.6(ARSA):c.585G>A (p.Trp195Ter),,"{""significance"": ""Pathogenic"", ""consequence"": ""nonsense""}"
ClinVar:4847585,variant,NM_000487.6(ARSA):c.434del (p.Arg145fs),,"{""significance"": ""Pathogenic"", ""consequence"": ""frameshift variant""}"
R-HSA-2160916,pathway,Hyaluronan degradation,,{}
R-HSA-2142845,pathway,Hyaluronan metabolism,,{}
R-HSA-3656234,pathway,Defective HEXA causes GM2G1 (Hyaluronan metabolism),,{}
R-HSA-3560782,pathway,Diseases associated with glycosaminoglycan metabolism,,{}
ClinVar:4891001,variant,Single allele,,"{""significance"": ""Pathogenic"", ""consequence"": """"}"
ClinVar:4884842,variant,NM_000520.6(HEXA):c.634C>A (p.Pro212Thr),,"{""significance"": ""Pathogenic"", ""consequence"": ""missense variant, non-coding transcript variant""}"
ClinVar:4818721,variant,NM_000520.6(HEXA):c.1422-1G>A,,"{""significance"": ""Pathogenic"", ""consequence"": ""splice acceptor variant""}"
R-HSA-3656248,pathway,Defective HEXB causes GM2G2 (Hyaluronan metabolism),,{}
ClinVar:4851249,variant,GRCh37/hg19 5q13.3(chr5:73979022-73993252)x1,,"{""significance"": ""Pathogenic"", ""consequence"": """"}"
ClinVar:4809202,variant,NM_000521.4(HEXB):c.1539_1540del (p.Trp514fs),,"{""significance"": ""Pathogenic"", ""consequence"": ""frameshift variant""}"
ClinVar:4753741,variant,NM_000521.4(HEXB):c.745dup (p.Ile249fs),,"{""significance"": ""Pathogenic"", ""consequence"": ""frameshift variant""}"
R-HSA-8964038,pathway,LDL clearance,,{}
R-HSA-8964043,pathway,Plasma lipoprotein clearance,,{}
ClinVar:4820056,variant,Multiple alleles,,"{""significance"": ""Pathogenic"", ""consequence"": """"}"
ClinVar:4818063,variant,NM_000271.5(NPC1):c.3003_3041+24del,,"{""significance"": ""Pathogenic"", ""consequence"": ""splice donor variant""}"
ClinVar:4818058,variant,NM_000271.5(NPC1):c.2795+1G>C,,"{""significance"": ""Pathogenic"", ""consequence"": ""splice donor variant""}"
R-HSA-381038,pathway,XBP1(S) activates chaperone genes,,{}
R-HSA-381070,pathway,IRE1alpha activates chaperones,,{}
ClinVar:4974749,variant,GRCh38/hg38 11p15.4(chr11:4793595-7562692)x1,,"{""significance"": ""Pathogenic"", ""consequence"": """"}"
ClinVar:4850112,variant,NM_000391.4(TPP1):c.54del (p.Lys18fs),,"{""significance"": ""Pathogenic"", ""consequence"": ""frameshift variant""}"
ClinVar:4818300,variant,NM_000391.4(TPP1):c.509-2A>T,,"{""significance"": ""Pathogenic"", ""consequence"": ""splice acceptor variant""}"
R-HSA-9845576,pathway,Glycosphingolipid transport,,{}
ClinVar:4819251,variant,NM_001042432.2(CLN3):c.375-3C>G,,"{""significance"": ""Pathogenic"", ""consequence"": ""intron variant""}"
ClinVar:4771297,variant,NM_001042432.2(CLN3):c.824G>A (p.Trp275Ter),,"{""significance"": ""Pathogenic"", ""consequence"": ""nonsense""}"
ClinVar:4738196,variant,NM_001042432.2(CLN3):c.83del (p.Leu28fs),,"{""significance"": ""Pathogenic"", ""consequence"": ""frameshift variant, intron variant""}"
R-HSA-2206308,pathway,MPS IV - Morquio syndrome B (Keratin metabolism),,{}
R-HSA-4085001,pathway,Sialic acid metabolism,,{}
R-HSA-446219,pathway,Synthesis of substrates in N-glycan biosythesis,,{}
R-HSA-4341670,pathway,Defective NEU1 causes sialidosis,,{}
R-HSA-3781860,pathway,Diseases associated with N-glycosylation of proteins,,{}
R-HSA-9953111,pathway,MPS IV - Morquio syndrome B (CS/DS degradation),,{}
ClinVar:4974693,variant,GRCh38/hg38 3p24.1-22.2(chr3:30383793-38216688)x1,,"{""significance"": ""Pathogenic"", ""consequence"": """"}"
ClinVar:4961629,variant,NM_000404.4(GLB1):c.817T>C (p.Trp273Arg),,"{""significance"": ""Pathogenic"", ""consequence"": ""missense variant""}"
ClinVar:4961626,variant,NM_000404.4(GLB1):c.956-2A>G,,"{""significance"": ""Pathogenic"", ""consequence"": ""splice acceptor variant""}"
ClinVar:4884781,variant,NM_000405.5(GM2A):c.188del (p.Asn63fs),,"{""significance"": ""Pathogenic"", ""consequence"": ""frameshift variant""}"
ClinVar:3340369,variant,NM_000405.5(GM2A):c.259G>T (p.Glu87Ter),,"{""significance"": ""Pathogenic"", ""consequence"": ""nonsense""}"
ClinVar:1808662,variant,GRCh37/hg19 5q33.1-35.2(chr5:150535183-172906793)x3,,"{""significance"": ""Pathogenic"", ""consequence"": """"}"
R-HSA-9769739,pathway,Regulation of clotting cascade,,{}
ClinVar:4814345,variant,NM_000543.5(SMPD1):c.1165del (p.Arg389fs),,"{""significance"": ""Pathogenic"", ""consequence"": ""frameshift variant, non-coding transcript variant, intron variant""}"
ClinVar:4689346,variant,NM_000543.5(SMPD1):c.1302del (p.Lys435fs),,"{""significance"": ""Pathogenic"", ""consequence"": ""frameshift variant, non-coding transcript variant""}"
R-HSA-114608,pathway,Platelet degranulation ,,{}
R-HSA-76005,pathway,Response to elevated platelet cytosolic Ca2+,,{}
R-HSA-9613829,pathway,Chaperone Mediated Autophagy,,{}
ClinVar:4851184,variant,GRCh37/hg19 Xq11.1-28(chrX:61882086-155233731)x3,,"{""significance"": ""Pathogenic"", ""consequence"": """"}"
R-HSA-8986944,pathway,Transcriptional Regulation by MECP2,,{}
R-HSA-212436,pathway,Generic Transcription Pathway,,{}
R-HSA-9022534,pathway,Loss of MECP2 binding ability to 5hmC-DNA,,{}
R-HSA-9005891,pathway,Loss of function of MECP2 in Rett syndrome,,{}
R-HSA-9022535,pathway,Loss of phosphorylation of MECP2 at T308,,{}
R-HSA-9022537,pathway,Loss of MECP2 binding ability to the NCoR/SMRT complex,,{}
R-HSA-9022538,pathway,Loss of MECP2 binding ability to 5mC-DNA,,{}
R-HSA-9022692,pathway,Regulation of MECP2 expression and activity,,{}
R-HSA-9022699,pathway,MECP2 regulates neuronal receptors and channels,,{}
R-HSA-9022702,pathway,MECP2 regulates transcription of neuronal ligands,,{}
R-HSA-9022707,pathway,MECP2 regulates transcription factors,,{}
R-HSA-9022927,pathway,MECP2 regulates transcription of genes involved in GABA signaling,,{}
R-HSA-9725371,pathway,Nuclear events stimulated by ALK signaling in cancer,,{}
R-HSA-9725370,pathway,Signaling by ALK fusions and activated point mutants,,{}
ClinVar:4953508,variant,NM_001110792.2(MECP2):c.1041del (p.Gly347_Leu348insTer),,"{""significance"": ""Pathogenic"", ""consequence"": ""frameshift variant""}"
ClinVar:4953497,variant,NM_001110792.2(MECP2):c.1122_1307delinsTCTGAGTGGTCCTCTGCAAAGA (p.Lys375fs),,"{""significance"": ""Pathogenic"", ""consequence"": ""frameshift variant""}"
ClinVar:4886822,variant,GRCh38/hg38 Xq28(chrX:154079702-154144432)x1,,"{""significance"": ""Pathogenic"", ""consequence"": """"}"
R-HSA-3000171,pathway,Non-integrin membrane-ECM interactions,,{}
R-HSA-390522,pathway,Striated Muscle Contraction,,{}
R-HSA-9913351,pathway,Formation of the dystrophin-glycoprotein complex (DGC),,{}
ClinVar:4949632,variant,NM_004006.3(DMD):c.264_264+4del,,"{""significance"": ""Pathogenic"", ""consequence"": ""splice donor variant""}"
ClinVar:4949630,variant,NM_004006.3(DMD):c.428G>A (p.Trp143Ter),,"{""significance"": ""Pathogenic"", ""consequence"": ""nonsense""}"
ClinVar:4949598,variant,NM_004006.3(DMD):c.2280del (p.Glu761fs),,"{""significance"": ""Pathogenic"", ""consequence"": ""frameshift variant""}"
ClinVar:4884318,variant,NM_000257.4(MYH7):c.1543A>G (p.Met515Val),,"{""significance"": ""Pathogenic"", ""consequence"": ""missense variant""}"
ClinVar:3901153,variant,NM_000257.4(MYH7):c.2185G>C (p.Ala729Pro),,"{""significance"": ""Pathogenic"", ""consequence"": ""missense variant""}"
ClinVar:3775810,variant,NM_000257.4(MYH7):c.1833G>C (p.Lys611Asn),,"{""significance"": ""Pathogenic"", ""consequence"": ""missense variant""}"
R-HSA-8963693,pathway,Aspartate and asparagine metabolism,,{}
ClinVar:4888418,variant,GRCh38/hg38 17p13.3-11.2(chr17:1-16490399)x3,,"{""significance"": ""Pathogenic"", ""consequence"": """"}"
ClinVar:4888390,variant,GRCh38/hg38 17p13.3-13.2(chr17:1-4452566)x3,,"{""significance"": ""Pathogenic"", ""consequence"": """"}"
ClinVar:4854098,variant,NM_000049.4(ASPA):c.634+5_634+8del,,"{""significance"": ""Pathogenic"", ""consequence"": ""intron variant, splice donor variant""}"
NCT07855562,trial,MPS IIIA Disease Monitoring Program,,"{""status"": ""NOT_YET_RECRUITING"", ""phase"": """"}"
ORG:Ultragenyx_Pharmaceutical_Inc,organization,Ultragenyx Pharmaceutical Inc,,"{""kind"": ""industry""}"
NCT02716246,trial,Phase I/II/III Gene Transfer Clinical Trial of scAAV9.U1a.hSGSH,,"{""status"": ""RECRUITING"", ""phase"": ""PHASE2,PHASE3"", ""countries"": [""AU"", ""ES"", ""US""]}"
COUNTRY:US,country,United States,,{}
COUNTRY:AU,country,Australia,,{}
COUNTRY:ES,country,Spain,,{}
INTERVENTION:UX111,intervention,UX111,,"{""kind"": ""biological""}"
INTERVENTION:Prophylactic_Immunomodulatory_IM_Therapy,intervention,Prophylactic Immunomodulatory (IM) Therapy,,"{""kind"": ""drug""}"
INTERVENTION:Optimized_Prophylactic_IM_Therapy,intervention,Optimized Prophylactic IM Therapy,,"{""kind"": ""drug""}"
INTERVENTION:Adjuvant_IM_Therapy,intervention,Adjuvant IM Therapy,,"{""kind"": ""drug""}"
NCT07579910,trial,Intracerebroventricular Tralesinidase Alfa in Participants With MPS IIIB (Sanfilippo Syndrome Type B),,"{""status"": ""NOT_YET_RECRUITING"", ""phase"": ""PHASE3""}"
ORG:Spruce_Biosciences,organization,Spruce Biosciences,,"{""kind"": ""industry""}"
INTERVENTION:Tralesinidase_alfa_TA,intervention,Tralesinidase alfa (TA),,"{""kind"": ""drug""}"
NCT07818759,trial,Single Injection of rAAV9-CMV-hNAGLUop Gene for Patients With Mucopolysaccharidosis (MPS) IIIB,,"{""status"": ""NOT_YET_RECRUITING"", ""phase"": ""PHASE1,PHASE2"", ""countries"": [""US""]}"
ORG:NeuroGT,organization,NeuroGT,,"{""kind"": ""industry""}"
INTERVENTION:rAAV9_CMV_hNAGLUop,intervention,rAAV9-CMV-hNAGLUop,,"{""kind"": ""biological""}"
NCT06567769,trial,Phase 1 Study of GC1130A in Patients With Sanfilippo Syndrome Type A (MPS IIIA),,"{""status"": ""ACTIVE_NOT_RECRUITING"", ""phase"": ""PHASE1"", ""countries"": [""KR"", ""US""]}"
COUNTRY:KR,country,South Korea,,{}
ORG:GC_Biopharma_Corp,organization,GC Biopharma Corp,,"{""kind"": ""industry""}"
INTERVENTION:GC1130A,intervention,GC1130A,,"{""kind"": ""drug""}"
RePORTER:R21NS135412,grant,Characterizing and treating peripheral nervous system dysfunction in Sanfilippo Syndrome,,"{""fiscal_year"": 2025, ""org"": ""UNIVERSITY OF GEORGIA""}"
PERSON:12619406,person,Ryan Joseph Weiss,,"{""last"": ""Weiss"", ""first"": ""Ryan""}"
PERSON:10510547,person,Nadja Zeltner,,"{""last"": ""Zeltner"", ""first"": ""Nadja""}"
ORG:NIH_NINDS,organization,NIH NINDS,,"{""kind"": ""funder""}"
RePORTER:R01NS131151,grant,Developing a Synthetic Adeno-Associated Virus (AAV) for Engineering Safer Gene Therapies,,"{""fiscal_year"": 2024, ""org"": ""UNIVERSITY OF CALIFORNIA, SAN DIEGO""}"
PERSON:10761216,person,Matthew Shtrahman,,"{""last"": ""Shtrahman"", ""first"": ""Matthew""}"
PMID:42798182,paper,Clinical and biochemical correction of a patient with neurodegenerative Mucopolysaccharidosis IIIA using hematopoietic stem cell gene therapy.,,"{""journal"": ""Mol Ther"", ""pubdate"": ""2026 Sep 25"", ""authors"": [""Kinsella JL"", ""Jones SA"", ""Buckland KF"", ""Holley RJ"", ""Lee H"", ""Ogden W"", ""Potter J"", ""Church HJ"", ""Brammeier KL"", ""Tylee KL"", ""Ellison S"", ""Searle R"", ""Booth C"", ""Farzeneh F"", ""Sherwin L"", ""Thrasher AJ"", ""Rust S"", ""Bigger BW"", ""Wynn RF""]}"
PMID:42291207,paper,ExIR enables prioritizing driver and biomarker genes from omics data in a reference free manner.,,"{""journal"": ""iScience"", ""pubdate"": ""2026 Jun 19"", ""authors"": [""Salavaty A"", ""Douek AM"", ""Kaslin J"", ""Ramialison M"", ""Currie PD""]}"
PMID:41657230,paper,Letter: Fluoxetine for Behavioral Problems in an 8-Year-Old with Mucopolysaccharidosis IIIA.,,"{""journal"": ""J Child Adolesc Psychopharmacol"", ""pubdate"": ""2026 Apr"", ""authors"": [""Abrantes M"", ""Clemente T""]}"
PMID:41742100,paper,Sanfilippo syndrome type A with acute metabolic acidosis: a case report of the first documented SGSH c.571G > A homozygous mutation.,,"{""journal"": ""BMC Pediatr"", ""pubdate"": ""2026 Feb 26"", ""authors"": [""Zou H"", ""Yang L"", ""Qin Y"", ""Zhang R""]}"
PMID:40522455,paper,Acute transient psychotic episode as presenting sign of Mucopolysaccharidosis III A (Sanfilippo Syndrome type A) in an adolescent patient.,,"{""journal"": ""Eur Child Adolesc Psychiatry"", ""pubdate"": ""2025 Nov"", ""authors"": [""Cirnigliaro L"", ""Randazzo M"", ""Dardis A"", ""Stroppiano M"", ""Velardita M"", ""Peruzzo P"", ""Scarpa M"", ""Rizzo R"", ""Barone R""]}"
NCT06488924,trial,An Open-label Phase I/II Study of JR-446 in Mucopolysaccharidosis Type IIIB,,"{""status"": ""ACTIVE_NOT_RECRUITING"", ""phase"": ""PHASE1,PHASE2"", ""countries"": [""JP""]}"
COUNTRY:JP,country,Japan,,{}
ORG:JCR_Pharmaceuticals_Co_Ltd,organization,"JCR Pharmaceuticals Co., Ltd.",,"{""kind"": ""industry""}"
INTERVENTION:JR_446,intervention,JR-446,,"{""kind"": ""drug""}"
NCT07640984,trial,A Phase I/II Trial of JR-446 in Mucopolysaccharidosis Type IIIB (MPS IIIB),,"{""status"": ""RECRUITING"", ""phase"": ""PHASE1,PHASE2"", ""countries"": [""DE"", ""GB"", ""US""]}"
COUNTRY:DE,country,Germany,,{}
COUNTRY:GB,country,United Kingdom,,{}
NCT07733856,trial,Early Access Treatment With Tralesinidase Alfa in Mucopolysaccharidosis Type IIIB (Sanfilippo Syndrome Type B),,"{""status"": ""AVAILABLE"", ""phase"": """"}"
RePORTER:UH3NS137533,grant,Procession to IND of a capsid mutated AAV8 codon optimized NAGLU vector for treatment of Sanfilippo Syndrome type B,,"{""fiscal_year"": 2026, ""org"": ""UNIVERSITY OF FLORIDA""}"
PERSON:6405998,person,Barry J Byrne,,"{""last"": ""BYRNE"", ""first"": ""BARRY""}"
PERSON:9766740,person,Coy D Heldermon,,"{""last"": ""Heldermon"", ""first"": ""Coy""}"
RePORTER:ZIATR000570,grant,Disease Modeling Using Patient iPS Cell-Derived Cells and Organoids,,"{""fiscal_year"": 2025, ""org"": ""NATIONAL CENTER FOR ADVANCING TRANSLATIONAL SCIENCES""}"
PERSON:14380109,person,Wei Zheng,,"{""last"": ""Zheng"", ""first"": ""Wei""}"
ORG:NIH_NCATS,organization,NIH NCATS,,"{""kind"": ""funder""}"
RePORTER:UG3NS137533,grant,Procession to IND of a capsid mutated AAV8 codon optimized NAGLU vector for treatment of Sanfilippo Syndrome type B,,"{""fiscal_year"": 2025, ""org"": ""UNIVERSITY OF FLORIDA""}"
PMID:42782417,paper,Characterization of Cellular Alterations in a Novel NAGLU Enzyme-Deficient Cellular Model Generated from U-87MG Cell Line.,,"{""journal"": ""Neurochem Res"", ""pubdate"": ""2026 Sep 24"", ""authors"": [""Ni\u00f1o-Traslavi\u00f1a KD"", ""Su\u00e1rez DA"", ""S\u00e1nchez OF"", ""Espejo-Mojica AJ"", ""Alm\u00e9ciga-D\u00edaz CJ""]}"
PMID:42506095,paper,Personalized Drug Repurposing Screen Identifies Patient-Specific Therapeutic Candidates for Mucopolysaccharidosis Type IIIB.,,"{""journal"": ""J Pers Med"", ""pubdate"": ""2026 Jul 8"", ""authors"": [""McDaniel KD"", ""Ghousifam N"", ""Bowling RA Jr"", ""Chen CZ"", ""Zheng W"", ""Shyr ZA""]}"
PMID:42378005,paper,Variant profile of Brazilian patients with Sanfilippo syndrome type B.,,"{""journal"": ""Genet Mol Biol"", ""pubdate"": ""2026"", ""authors"": [""Oliveira Netto AB"", ""Brusius-Facchin AC"", ""Michelin-Tirelli K"", ""Sebasti\u00e3o FM"", ""Trapp FB"", ""Giugliani R"", ""Baldo G""]}"
PMID:42196382,paper,Molecular Modeling of N-Acetylglucosamine Binding to the I154R Mutant of NAGLU: Pathogenic Insights into Sanfilippo Syndrome Type B.,,"{""journal"": ""Int J Mol Sci"", ""pubdate"": ""2026 May 15"", ""authors"": [""Kannan P"", ""Priya Nanda Kumar M"", ""Kumar Nanda Kumar S"", ""Vasudevan V"", ""Kaviarasan K"", ""Ramasamy M""]}"
PMID:41845025,paper,"Author Correction: TFEB, FOXO3 and TLR4 in resveratrol-induced autophagy in a mucopolysaccharidosis IIIB mouse model.",,"{""journal"": ""Exp Mol Med"", ""pubdate"": ""2026 Mar"", ""authors"": [""Rintz E"", ""Podlacha M"", ""Gaffke L"", ""Jerzemowska G"", ""Cyske Z"", ""Pierzynowska K"", ""W\u0119grzyn G""]}"
NCT05368038,trial,"ScreenPlus: A Comprehensive, Flexible, Multi-disorder Newborn Screening Program",,"{""status"": ""ENROLLING_BY_INVITATION"", ""phase"": """", ""countries"": [""US""]}"
ORG:Albert_Einstein_College_of_Medicine,organization,Albert Einstein College of Medicine,,"{""kind"": ""other""}"
NCT07712003,trial,Natural History to Assess Disease in Patients With MPS IIIC,,"{""status"": ""NOT_YET_RECRUITING"", ""phase"": """", ""countries"": [""US""]}"
ORG:Phoenix_Nest,organization,Phoenix Nest,,"{""kind"": ""industry""}"
NCT03655223,trial,Early Check: Expanded Screening in Newborns,,"{""status"": ""ACTIVE_NOT_RECRUITING"", ""phase"": """", ""countries"": [""US""]}"
ORG:RTI_International,organization,RTI International,,"{""kind"": ""other""}"
NCT05825131,trial,Natural History Study of Participants With Sanfilippo Syndrome Type IIIC,,"{""status"": ""RECRUITING"", ""phase"": """", ""countries"": [""FR"", ""US""]}"
COUNTRY:FR,country,France,,{}
NCT02298686,trial,Biomarker for Sanfilippo Type A-B-C-D Disease (BioSanfilippo),,"{""status"": ""WITHDRAWN"", ""phase"": """", ""countries"": [""DE"", ""EG"", ""IN"", ""LK""]}"
COUNTRY:EG,country,Egypt,,{}
COUNTRY:IN,country,India,,{}
COUNTRY:LK,country,Sri Lanka,,{}
ORG:CENTOGENE_GmbH_Rostock,organization,CENTOGENE GmbH Rostock,,"{""kind"": ""industry""}"
RePORTER:R44NS147802,grant,Manufacturing and Analytical Development for JLK-247 Gene Therapy,,"{""fiscal_year"": 2026, ""org"": ""PHOENIX NEST, INC.""}"
PERSON:15847694,person,Srikanth Singamsetty,,"{""last"": ""Singamsetty"", ""first"": ""Srikanth""}"
RePORTER:R44NS137892,grant,Identification of Potential Biomarkers and Clinical Tools for use in Mucopolysaccharidosis IIIC Patients.,,"{""fiscal_year"": 2025, ""org"": ""PHOENIX NEST, INC.""}"
PMID:41590221,paper,Unveiling Mucopolysaccharidosis IIIC in Brazil: Diagnostic Journey and Clinical Features of Brazilian Patients Identified Through the MPS Brazil Network.,,"{""journal"": ""Diseases"", ""pubdate"": ""2025 Dec 26"", ""authors"": [""Montenegro YHA"", ""Alves MFA"", ""Santos-Lopes SSD"", ""Souza CFM"", ""Poswar FO"", ""Brusius-Facchin AC"", ""Bender-Pasetto F"", ""Michelin-Tirelli K"", ""Sebasti\u00e3o FM"", ""Trapp FB"", ""Ribeiro EM"", ""Medeiros PFV"", ""Kim CA"", ""Embira\u00e7u EK"", ""Riegel-Giugliani M"", ""Baldo G"", ""Giugliani R""]}"
PMID:40126917,paper,Transplantation of Wild-Type Hematopoietic Stem and Progenitor Cells Improves Disease Phenotypes in a Mucopolysaccharidosis IIIC Mouse Model.,,"{""journal"": ""Cell Transplant"", ""pubdate"": ""2025 Jan-Dec"", ""authors"": [""Badell-Grau RA"", ""Pakravesh K"", ""Thai KE"", ""Son F"", ""Chen R"", ""Rainaldi J"", ""Duong K"", ""Losay P"", ""Sivakumar A"", ""Khare V"", ""Corl AN"", ""Pithia R"", ""Tran C"", ""Esko JD"", ""Cherqui S""]}"
PMID:39196614,paper,Structure of the human heparan-α-glucosaminide N-acetyltransferase (HGSNAT).,,"{""journal"": ""Elife"", ""pubdate"": ""2024 Aug 28"", ""authors"": [""Navratna V"", ""Kumar A"", ""Rana JK"", ""Mosalaganti S""]}"
PMID:38918376,paper,Structural and mechanistic insights into a lysosomal membrane enzyme HGSNAT involved in Sanfilippo syndrome.,,"{""journal"": ""Nat Commun"", ""pubdate"": ""2024 Jun 25"", ""authors"": [""Zhao B"", ""Cao Z"", ""Zheng Y"", ""Nguyen P"", ""Bowen A"", ""Edwards RH"", ""Stroud RM"", ""Zhou Y"", ""Van Lookeren Campagne M"", ""Li F""]}"
PMID:37961489,paper,Structure of the human heparan-α-glucosaminide N-acetyltransferase (HGSNAT).,,"{""journal"": ""bioRxiv"", ""pubdate"": ""2024 Jun 12"", ""authors"": [""Navratna V"", ""Kumar A"", ""Rana JK"", ""Mosalaganti S""]}"
NCT05648851,trial,A Natural History Study of Sanfilippo Syndrome Type D,,"{""status"": ""COMPLETED"", ""phase"": """", ""countries"": [""US""]}"
RePORTER:UB1NS122644,grant,Evaluation of Clinical Outcome Assessment (COA) and Potential Biomarkers to Facilitate Interventional Trial for Mucopolysaccharidosis IIID Patients,,"{""fiscal_year"": 2024, ""org"": ""PHOENIX NEST, INC.""}"
PMID:42017430,paper,Mucopolysaccharidosis IIID and Beta-Mannosidosis in Brazilian Anglo-Nubian Goats: Molecular and Genealogical Insights for the Development and Implementation of a Genetic Disease Eradication Program.,,"{""journal"": ""Anim Genet"", ""pubdate"": ""2026 Jun"", ""authors"": [""Bezerra FCM"", ""Belli LSBP"", ""Novais JMCB"", ""Ibelli AMG"", ""Santos CRO"", ""Gouveia GV"", ""Macedo ATM"", ""Gouveia JJS""]}"
PMID:38128203,paper,Tandem mass spectrometric assay of N-acetylglucosamine-6-sulfatase for multiplex analysis of mucopolysaccharidosis-IIID in dried blood spots.,,"{""journal"": ""Mol Genet Metab"", ""pubdate"": ""2024 Jan"", ""authors"": [""Liu Y"", ""Gelb MH""]}"
PMID:37487748,paper,Child Neurology: Mucopolysaccharidosis IIID: Evidence From Ultrastructural and Genomic Study.,,"{""journal"": ""Neurology"", ""pubdate"": ""2023 Oct 10"", ""authors"": [""Santhoshkumar R"", ""Mahale RR"", ""Kishore PK"", ""Chickabasaviah YT""]}"
PMID:33320673,paper,Enzyme Replacement Therapy for Mucopolysaccharidosis IIID using Recombinant Human α-N-Acetylglucosamine-6-Sulfatase in Neonatal Mice.,,"{""journal"": ""Mol Pharm"", ""pubdate"": ""2021 Jan 4"", ""authors"": [""Wang F"", ""Moen DR"", ""Sauni C"", ""Kan SH"", ""Li S"", ""Le SQ"", ""Lomenick B"", ""Zhang X"", ""Ekins S"", ""Singamsetty S"", ""Wood J"", ""Dickson PI"", ""Chou TF""]}"
PMID:28334745,paper,Disease correction by AAV-mediated gene therapy in a new mouse model of mucopolysaccharidosis type IIID.,,"{""journal"": ""Hum Mol Genet"", ""pubdate"": ""2017 Apr 15"", ""authors"": [""Roca C"", ""Motas S"", ""Marc\u00f3 S"", ""Ribera A"", ""S\u00e1nchez V"", ""S\u00e1nchez X"", ""Bertolin J"", ""Le\u00f3n X"", ""P\u00e9rez J"", ""Garcia M"", ""Villacampa P"", ""Ruberte J"", ""Pujol A"", ""Haurigot V"", ""Bosch F""]}"
NCT00004738,trial,Genetic Analysis of the Chiari I Malformation,,"{""status"": ""COMPLETED"", ""phase"": """", ""countries"": [""RU"", ""US""]}"
COUNTRY:RU,country,Russia,,{}
ORG:National_Institute_of_Neurological_Disor,organization,National Institute of Neurological Disorders and Stroke (NINDS),,"{""kind"": ""nih"", ""country"": ""US""}"
NCT06095388,trial,Phase I/II Study of JR-441 in Patients With Mucopolysaccharidosis Type IIIA,,"{""status"": ""ACTIVE_NOT_RECRUITING"", ""phase"": ""PHASE1,PHASE2"", ""countries"": [""DE""]}"
INTERVENTION:JR_441,intervention,JR-441,,"{""kind"": ""drug""}"
NCT04628871,trial,"Long Term Follow-up (LTFU) of Subjects Who Received SB-318, SB-913, or SB-FIX",,"{""status"": ""TERMINATED"", ""phase"": """", ""countries"": [""US""]}"
ORG:Sangamo_Therapeutics,organization,Sangamo Therapeutics,,"{""kind"": ""industry""}"
INTERVENTION:SB_318,intervention,SB-318,,"{""kind"": ""biological""}"
INTERVENTION:SB_913,intervention,SB-913,,"{""kind"": ""biological""}"
INTERVENTION:SB_FIX,intervention,SB-FIX,,"{""kind"": ""biological""}"
RePORTER:F32GM153031,grant,Precision Deaminases to Expand the Scope of Diseases Amenable to CRISPR-mediated Correction,,"{""fiscal_year"": 2026, ""org"": ""UNIVERSITY OF CALIFORNIA BERKELEY""}"
PERSON:15679031,person,Erin E Doherty,,"{""last"": ""Doherty"", ""first"": ""Erin""}"
ORG:NIH_NIGMS,organization,NIH NIGMS,,"{""kind"": ""funder""}"
RePORTER:R44NS143501,grant,Trans-BBB AAV9 gene therapy targeting CNS neuropathy of MPS I,,"{""fiscal_year"": 2026, ""org"": ""NEUROGT, INC.""}"
PERSON:6409365,person,Douglas M Mccarty,,"{""last"": ""McCarty"", ""first"": ""Douglas""}"
RePORTER:U19NS132301,grant,PROJECT 3: MUCOPOLYSACCHARIDOSIS TYPE 1 (MPS1),,"{""fiscal_year"": 2026, ""org"": ""CHILDREN'S HOSP OF PHILADELPHIA""}"
PERSON:1943648,person,Beverly L. Davidson,,"{""last"": ""Davidson"", ""first"": ""Beverly""}"
RePORTER:R01NS132504,grant,Advancing CNS drug delivery via epigenetic modulation,,"{""fiscal_year"": 2026, ""org"": ""CINCINNATI CHILDRENS HOSP MED CTR""}"
PERSON:6652183,person,Dao Pan,,"{""last"": ""Pan"", ""first"": ""Dao""}"
RePORTER:R61NS149137,grant,Efficacy of Enzyme-T cells for long-term restoration of function in Mucopolysaccharidosis Type 1,,"{""fiscal_year"": 2026, ""org"": ""UNIVERSITY OF MINNESOTA""}"
PERSON:80910868,person,Yanling Wang,,"{""last"": ""Wang"", ""first"": ""Yanling""}"
PERSON:10717409,person,Beau Richard Webber,,"{""last"": ""Webber"", ""first"": ""Beau""}"
PMID:42685558,paper,"Disruptions in speech, language and social communication in lysosomal storage diseases.",,"{""journal"": ""Neurosci Biobehav Rev"", ""pubdate"": ""2026 Nov"", ""authors"": [""Johnson G"", ""Gool RV"", ""Gaskin K"", ""Wong J"", ""Upadhyay J"", ""Vogel AP""]}"
PMID:42161901,paper,Homozygous R383H variant in IDUA gene causing pericentric retinitis pigmentosa in attenuated mucopolysaccharidosis type I.,,"{""journal"": ""Ophthalmic Genet"", ""pubdate"": ""2026 Oct"", ""authors"": [""Chattannavar G"", ""Sadhu P"", ""Jalali S"", ""Kekunnaya R""]}"
PMID:42818411,paper,Metabolomic profiling in treated mucopolysaccharidosis IH reveals candidate biomarkers and adjunctive therapeutic pathways.,,"{""journal"": ""medRxiv"", ""pubdate"": ""2026 Sep 7"", ""authors"": [""Lund TC"", ""Peretz RH"", ""Dickson PI"", ""Yee JK"", ""Iacovino M"", ""Taylor KD"", ""Elashoff D"", ""Fung E"", ""Miller BS"", ""Orchard PJ"", ""Polgreen LE""]}"
PMID:42707122,paper,Unmasking Mucopolysaccharidosis Type I in a Patient With Wolf-Hirschhorn Syndrome: Diagnostic Overshadowing.,,"{""journal"": ""JIMD Rep"", ""pubdate"": ""2026 Sep"", ""authors"": [""Cifuentes-Uribe K"", ""Girard S"", ""Froissart R"", ""Pettazzoni M"", ""Guffon N""]}"
PMID:42228852,paper,A comparison of tension-band plate growth modulation in mucopolysaccharidoses versus idiopathic angular deformities.,,"{""journal"": ""J Pediatr Orthop B"", ""pubdate"": ""2026 Sep 1"", ""authors"": [""Radulovacki K"", ""Arrigoni P"", ""Lark RK""]}"
NCT04573023,trial,A Phase III Study of JR-141 in Patients With Mucopolysaccharidosis II (STARLIGHT),,"{""status"": ""ACTIVE_NOT_RECRUITING"", ""phase"": ""PHASE3"", ""countries"": [""AR"", ""BR"", ""CO"", ""DE"", ""ES"", ""FR"", ""GB"", ""IL"", ""IT"", ""PL"", ""TR"", ""US""]}"
COUNTRY:AR,country,Argentina,,{}
COUNTRY:BR,country,Brazil,,{}
COUNTRY:CO,country,Colombia,,{}
COUNTRY:IL,country,Israel,,{}
COUNTRY:IT,country,Italy,,{}
COUNTRY:PL,country,Poland,,{}
COUNTRY:TR,country,Turkey (Türkiye),,{}
INTERVENTION:JR_141,intervention,JR-141,,"{""kind"": ""drug""}"
INTERVENTION:Idursulfase,intervention,Idursulfase,,"{""kind"": ""drug""}"
INTERVENTION:JR_141_or_Idursulfase,intervention,JR-141 or Idursulfase,,"{""kind"": ""drug""}"
NCT05208281,trial,"A Multi-cohort Study of Safety, Efficacy, PK and PD of GNR-055 in Patients With Mucopolysaccharidosis Type II",,"{""status"": ""ACTIVE_NOT_RECRUITING"", ""phase"": ""PHASE2,PHASE3"", ""countries"": [""RU""]}"
ORG:AO_GENERIUM,organization,AO GENERIUM,,"{""kind"": ""industry""}"
INTERVENTION:GNR_055_1_0_2_0_3_0_mg_kg,intervention,GNR-055 1.0-2.0-3.0 mg/kg,,"{""kind"": ""drug""}"
INTERVENTION:GNR_055_2_0_mg_kg,intervention,GNR-055 2.0 mg/kg,,"{""kind"": ""drug""}"
INTERVENTION:GNR_055_3_0_mg_kg,intervention,GNR-055 3.0 mg/kg,,"{""kind"": ""drug""}"
NCT05371613,trial,A Study to Determine the Efficacy and Safety of Tividenofusp Alfa (DNL310) vs Idursulfase in Pediatric and Young Adult Participants With Neuronopathic (nMPS II) or Non-Neuronopathic Mucopolysaccharidosis Type II (nnMPS II),,"{""status"": ""ACTIVE_NOT_RECRUITING"", ""phase"": ""PHASE2,PHASE3"", ""countries"": [""AR"", ""BE"", ""BR"", ""CA"", ""CZ"", ""DE"", ""ES"", ""FR"", ""GB"", ""IT"", ""NL"", ""SE"", ""TR"", ""US""]}"
COUNTRY:BE,country,Belgium,,{}
COUNTRY:CA,country,Canada,,{}
COUNTRY:CZ,country,Czechia,,{}
COUNTRY:NL,country,Netherlands,,{}
COUNTRY:SE,country,Sweden,,{}
ORG:Denali_Therapeutics_Inc,organization,Denali Therapeutics Inc.,,"{""kind"": ""industry""}"
INTERVENTION:tividenofusp_alfa,intervention,tividenofusp alfa,,"{""kind"": ""drug""}"
INTERVENTION:idursulfase,intervention,idursulfase,,"{""kind"": ""drug""}"
RePORTER:R01NS132057,grant,Cellular Phenotypes of Genetic Variants in Mucopolysaccharidosis,,"{""fiscal_year"": 2024, ""org"": ""WASHINGTON UNIVERSITY""}"
PERSON:8690084,person,William J Buchser,,"{""last"": ""Buchser"", ""first"": ""William""}"
PERSON:8251653,person,Patricia I Dickson,,"{""last"": ""DICKSON"", ""first"": ""PATRICIA""}"
PMID:42815349,paper,"Hunter syndrome (mucopolysaccharidosis type II): Molecular mechanisms, CNS biomarkers, and emerging therapeutic strategies.",,"{""journal"": ""Exp Mol Pathol"", ""pubdate"": ""2026 Sep 30"", ""authors"": [""Moon AMS"", ""Kim HG"", ""Lee SH"", ""Kim SH"", ""Lee E"", ""Rashid MA"", ""Park Y"", ""Cheon CK"", ""Jang MH""]}"
PMID:42803740,paper,Uveal Effusion in Mucopolysaccharidosis Type II.,,"{""journal"": ""Ophthalmology"", ""pubdate"": ""2026 Sep 28"", ""authors"": [""Liu X"", ""Dai R""]}"
PMID:42767399,paper,Development and validation of an ELISA-based assay for detecting anti-idursulfase beta IgE antibodies in human serum using a conjugated IgG-IgE positive control antibody.,,"{""journal"": ""J Immunol Methods"", ""pubdate"": ""2026 Sep 21"", ""authors"": [""Chung HW"", ""Kwon SN"", ""Hong J"", ""Kim JH""]}"
PMID:42818719,paper,Adjunctive nebulization of Idursulfase to intravenous treatment enhances cardiac proteome adaptations in IDS-KO mice.,,"{""journal"": ""bioRxiv"", ""pubdate"": ""2026 Sep 10"", ""authors"": [""Mariani VM"", ""Labilloy A"", ""Cade WT"", ""Ferreira PR"", ""Ferreira LF""]}"
PMID:42746189,paper,Breaking Biological Barriers: Engineering Nanocarriers for Efficient Drug and Gene Delivery through Nano-Bio Interfaces and Biophysical Design.,,"{""journal"": ""Appl Phys Rev"", ""pubdate"": ""2026 Sep"", ""authors"": [""Deng Z"", ""Dunn A"", ""Sun DQ"", ""Shi D""]}"
NCT07834320,trial,Pompe Disease RWE Long-term Monitoring Program,,"{""status"": ""RECRUITING"", ""phase"": """", ""countries"": [""TW""]}"
COUNTRY:TW,country,Taiwan,,{}
ORG:National_Taiwan_University_Hospital,organization,National Taiwan University Hospital,,"{""kind"": ""other""}"
NCT06150820,trial,A Study About Antibody Levels and Biomarkers in the Blood in People With Late-onset Pompe Disease,,"{""status"": ""ACTIVE_NOT_RECRUITING"", ""phase"": ""NA"", ""countries"": [""AU"", ""BR"", ""CA"", ""DE"", ""ES"", ""FR"", ""GB"", ""IT"", ""JP"", ""TW"", ""US""]}"
ORG:Astellas_Gene_Therapies,organization,Astellas Gene Therapies,,"{""kind"": ""industry""}"
NCT03911505,trial,"ZIP Study-OL Study of Safety, PK, Efficacy, PD, Immunogenicity of ATB200/AT2221 in Pediatrics Aged 0 to < 18 y.o. w/LOPD",,"{""status"": ""ACTIVE_NOT_RECRUITING"", ""phase"": ""PHASE3"", ""countries"": [""AU"", ""CA"", ""DE"", ""IT"", ""JP"", ""US""]}"
ORG:Amicus_Therapeutics,organization,Amicus Therapeutics,,"{""kind"": ""industry""}"
INTERVENTION:Cipaglucosidase_Alfa,intervention,Cipaglucosidase Alfa,,"{""kind"": ""biological""}"
INTERVENTION:Miglustat,intervention,Miglustat,,"{""kind"": ""drug""}"
NCT05164055,trial,Avalglucosidase Alfa French Post-trial Access for Participants With Pompe Disease (PTA Avalglucosidase),,"{""status"": ""ACTIVE_NOT_RECRUITING"", ""phase"": ""PHASE4"", ""countries"": [""FR""]}"
ORG:Genzyme_a_Sanofi_Company,organization,"Genzyme, a Sanofi Company",,"{""kind"": ""industry""}"
INTERVENTION:Avalglucosidase_alfa_GZ402666,intervention,Avalglucosidase alfa (GZ402666),,"{""kind"": ""drug""}"
NCT03694561,trial,"Developing a Management Approach for Patients With ""Late-Onset"" Pompe Disease",,"{""status"": ""ACTIVE_NOT_RECRUITING"", ""phase"": """", ""countries"": [""US""]}"
ORG:Duke_University,organization,Duke University,,"{""kind"": ""other""}"
RePORTER:R00HL161420,grant,Novel Adjunctive Therapies for Pompe Disease,,"{""fiscal_year"": 2026, ""org"": ""DUKE UNIVERSITY""}"
PERSON:12357770,person,Angela L. Roger,,"{""last"": ""Roger"", ""first"": ""Angela""}"
ORG:NIH_NHLBI,organization,NIH NHLBI,,"{""kind"": ""funder""}"
RePORTER:R21HD122115,grant,GYS1 Oligonucleotide Treatment as a Substrate Inhibitor for Pompe disease,,"{""fiscal_year"": 2026, ""org"": ""UNIVERSITY OF CALIFORNIA-IRVINE""}"
PERSON:6803749,person,Virginia Eunice Kimonis,,"{""last"": ""KIMONIS"", ""first"": ""VIRGINIA""}"
ORG:NIH_NICHD,organization,NIH NICHD,,"{""kind"": ""funder""}"
RePORTER:U24HD121485,grant,Expanding the ClinGen Lysosomal Storage Disorder Curation Effort: VCEPs for Mucopolysaccharidosis Type II and IIIA,,"{""fiscal_year"": 2026, ""org"": ""MAYO CLINIC ROCHESTER""}"
PERSON:15812635,person,Filippo Pinto E Vairo,,"{""last"": ""Pinto e Vairo"", ""first"": ""Filippo""}"
RePORTER:T32AR083870,grant,MAXIMUS: MAXimizing Training in MUScle Research,,"{""fiscal_year"": 2026, ""org"": ""UNIVERSITY OF CALIFORNIA-IRVINE""}"
PERSON:7369255,person,Tahseen Mozaffar,,"{""last"": ""MOZAFFAR"", ""first"": ""TAHSEEN""}"
PERSON:6895967,person,Sergio Armando Villalta,,"{""last"": ""Villalta"", ""first"": ""Sergio""}"
PERSON:2792229,person,Kyoko Yokomori,,"{""last"": ""Yokomori"", ""first"": ""Kyoko""}"
ORG:NIH_NIAMS,organization,NIH NIAMS,,"{""kind"": ""funder""}"
RePORTER:R01HD104814,grant,"Enhancement of Newborn Screening Diagnostic Paradigms to Improve the Efficacy of Treatment for Krabbe Disease, Pompe Disease, and Mucopolysaccharidosis Type 1",,"{""fiscal_year"": 2026, ""org"": ""STATE UNIVERSITY OF NEW YORK AT BUFFALO""}"
PERSON:14751576,person,Kabir Jalal,,"{""last"": ""Jalal"", ""first"": ""Kabir""}"
PERSON:6623546,person,Daniel Woo,,"{""last"": ""Woo"", ""first"": ""Daniel""}"
PMID:42701350,paper,Epilepsy Is Part of the CNS Phenotype in Classic Infantile Pompe Disease.,,"{""journal"": ""Neurol Genet"", ""pubdate"": ""2026 Oct"", ""authors"": [""Faraguna MC"", ""Broomfield A"", ""Gasperini S"", ""Chien YH"", ""Chen HA"", ""Muschol NM"", ""Amartino HM"", ""Kullmann GA"", ""Procopio E"", ""Menni F"", ""Deodato F"", ""van der Ploeg AT"", ""Hahn A"", ""Van Den Hout JMP""]}"
PMID:42108746,paper,"Myotonia: Recognition, Evaluation, and Differential Diagnosis.",,"{""journal"": ""Muscle Nerve"", ""pubdate"": ""2026 Oct"", ""authors"": [""Crayle JI"", ""Al-Lozi M"", ""Miller TM""]}"
PMID:42771559,paper,"A High-Fat, High-Protein, Carbohydrate-Restricted Dietary Interventions in Pompe Disease: A Case Series with Long-Term Follow-Up.",,"{""journal"": ""Ann Nutr Metab"", ""pubdate"": ""2026 Sep 22"", ""authors"": [""Teke Kisa P"", ""Dogan BB"", ""Zubarioglu T"", ""Apaydin I"", ""Er E"", ""Balci MC"", ""Uzun Dincturk D"", ""Bilen M"", ""Demirdoken ED"", ""Akisin Z"", ""Uygur E"", ""Erkmen S"", ""Hacioglu I"", ""Topuz HS"", ""Cubukcu D"", ""Guzel O"", ""Kiykim E"", ""Zeybek ACA"", ""Gokcay G"", ""\u00d6nal H"", ""Arslan N""]}"
PMID:42748431,paper,Late-Onset Pompe Disease.,,"{""journal"": ""N Engl J Med"", ""pubdate"": ""2026 Sep 17"", ""authors"": [""Rodrigues SS"", ""Marques Ferreira I""]}"
NCT00029965,trial,Natural History of Glycosphingolipid Storage Disorders and Glycoprotein Disorders,,"{""status"": ""RECRUITING"", ""phase"": """", ""countries"": [""US""]}"
ORG:National_Human_Genome_Research_Institute,organization,National Human Genome Research Institute (NHGRI),,"{""kind"": ""nih""}"
NCT05669729,trial,"A Survey to Assess Participants', Caregivers', and Nurses' Use and Understanding of Educational Material on Velaglucerase Alfa (VPRIV) Home Infusion",,"{""status"": ""NOT_YET_RECRUITING"", ""phase"": """"}"
ORG:Takeda,organization,Takeda,,"{""kind"": ""industry""}"
NCT07847411,trial,Study of Velaglucerase Beta ERT in Children With Gaucher Disease,,"{""status"": ""NOT_YET_RECRUITING"", ""phase"": ""PHASE3"", ""countries"": [""CN""]}"
COUNTRY:CN,country,China,,{}
ORG:CANbridge_Life_Sciences_Ltd,organization,CANbridge Life Sciences Ltd.,,"{""kind"": ""industry""}"
INTERVENTION:Velaglucerase_beta,intervention,Velaglucerase beta,,"{""kind"": ""drug""}"
NCT07845188,trial,Nutritional Status of Gaucher Disease Patients,,"{""status"": ""NOT_YET_RECRUITING"", ""phase"": """"}"
ORG:Assiut_University,organization,Assiut University,,"{""kind"": ""other""}"
NCT00302146,trial,Positron Emission Tomography (PET) Imaging in People With Gaucher Mutations,,"{""status"": ""COMPLETED"", ""phase"": """", ""countries"": [""US""]}"
INTERVENTION:15_0_H20,intervention,15-0 H20,,"{""kind"": ""drug""}"
RePORTER:R43DK146746,grant,Extended In Situ Production of Glucocerebrosidase (GCase) for the Treatment of Gaucher Disease,,"{""fiscal_year"": 2026, ""org"": ""KEYLICON BIOSCIENCES INC""}"
PERSON:12210790,person,Aaron Henry Colby,,"{""last"": ""Colby"", ""first"": ""Aaron""}"
PERSON:80054388,person,Joshua Mcgee,,"{""last"": ""McGee"", ""first"": ""Joshua""}"
ORG:NIH_NIDDK,organization,NIH NIDDK,,"{""kind"": ""funder""}"
RePORTER:R43TR006062,grant,Engineered Tregs as a therapy to Gaucher syndrome,,"{""fiscal_year"": 2026, ""org"": ""CELDARA MEDICAL, LLC""}"
PERSON:11215239,person,Joana M Murad,,"{""last"": ""Murad"", ""first"": ""Joana""}"
RePORTER:R01NS138309,grant,Systemic Enzyme Delivery by a Brain Targeted SapC-DOPS Nanocarrier for Treatment of Neuronopathic Gaucher Disease,,"{""fiscal_year"": 2026, ""org"": ""CINCINNATI CHILDRENS HOSP MED CTR""}"
PERSON:2795867,person,Xiaoyang Qi,,"{""last"": ""QI"", ""first"": ""XIAOYANG""}"
PERSON:11084045,person,Ying Sun,,"{""last"": ""Sun"", ""first"": ""Ying""}"
RePORTER:R44GM154585,grant,Development and Validation of Data Standards and Computational Methods for Large Scale Metabolomics Data Analysis for Data Driven Drug Discovery,,"{""fiscal_year"": 2026, ""org"": ""SINOPIA BIOSCIENCES, INC.""}"
PERSON:16435023,person,Bernard Bloem,,"{""last"": ""Bloem"", ""first"": ""Bernard""}"
RePORTER:R37CA269611,grant,Repurposing Glucosylceramide Synthase to Promote Mitochondrial Lethality and Potentiate an Anti-Tumor Immune Response in Triple-Negative Breast Cancer,,"{""fiscal_year"": 2026, ""org"": ""UNIVERSITY OF TX MD ANDERSON CAN CTR""}"
PERSON:14158591,person,Johannes F Fahrmann,,"{""last"": ""Fahrmann"", ""first"": ""Johannes""}"
ORG:NIH_NCI,organization,NIH NCI,,"{""kind"": ""funder""}"
PMID:42774662,paper,Clinical course and biomarkers in patients with type 1 Gaucher disease and Parkinson's disease: A retrospective cohort study.,,"{""journal"": ""Mol Genet Metab Rep"", ""pubdate"": ""2026 Dec"", ""authors"": [""Iverson A"", ""Sinha DB"", ""Fierro L"", ""Stauffer C"", ""Naik H"", ""Alcalay RN"", ""Balwani M""]}"
PMID:42761608,paper,Computational evaluation of EPA-PC binding to GCase in neuronopathic Gaucher disease.,,"{""journal"": ""Curr Res Struct Biol"", ""pubdate"": ""2026 Dec"", ""authors"": [""Nagori R"", ""Rai PK"", ""Solanki M"", ""Sabharwal U"", ""Patel P""]}"
PMID:42229236,paper,Multivalent C2-alkyl trihydroxypiperidine architectures modulate β-glucocerebrosidase activity.,,"{""journal"": ""Eur J Med Chem"", ""pubdate"": ""2026 Oct 15"", ""authors"": [""Buco F"", ""Clemente F"", ""Cardona F"", ""Morrone A"", ""Paoli P"", ""Moya SE"", ""Goti A"", ""Matassini C"", ""Marradi M""]}"
PMID:42155171,paper,"Targeting lysosomal dysfunction with small-molecule TRPML1 ligands: Therapeutic opportunities in lysosomal storage disorders, neurodegeneration and beyond.",,"{""journal"": ""Eur J Med Chem"", ""pubdate"": ""2026 Oct 5"", ""authors"": [""Czuba M"", ""Szafra\u0144ska K"", ""Kolaczkowski M"", ""Marcinkowska M""]}"
NCT06270316,trial,"Safety, PK/PD, and Exploratory Efficacy Study of AMT-191 in Classic Fabry Disease",,"{""status"": ""RECRUITING"", ""phase"": ""PHASE1,PHASE2"", ""countries"": [""US""]}"
ORG:UniQure_Biopharma_B_V,organization,UniQure Biopharma B.V.,,"{""kind"": ""industry""}"
INTERVENTION:AMT_191,intervention,AMT-191,,"{""kind"": ""drug""}"
NCT07495410,trial,Anderson-Fabry Disease Fitness Improvement Training,,"{""status"": ""RECRUITING"", ""phase"": ""NA"", ""countries"": [""CZ""]}"
ORG:General_University_Hospital_Prague,organization,"General University Hospital, Prague",,"{""kind"": ""other""}"
NCT07494058,trial,"A Study of Home vs Hospital Treatment in People With Fabry, Gaucher or Hunter Conditions in Mexico",,"{""status"": ""TERMINATED"", ""phase"": """", ""countries"": [""MX""]}"
COUNTRY:MX,country,Mexico,,{}
NCT06906367,trial,A Study of Patients With Fabry Disease (US Specific),,"{""status"": ""RECRUITING"", ""phase"": """", ""countries"": [""US""]}"
INTERVENTION:migalastat_HCl,intervention,migalastat HCl,,"{""kind"": ""drug""}"
INTERVENTION:ERT,intervention,ERT,,"{""kind"": ""drug""}"
NCT04040049,trial,A Fabry Disease Gene Therapy Study,,"{""status"": ""TERMINATED"", ""phase"": ""PHASE1,PHASE2"", ""countries"": [""AT"", ""CA"", ""DE"", ""GB"", ""IT"", ""NO"", ""US""]}"
COUNTRY:AT,country,Austria,,{}
COUNTRY:NO,country,Norway,,{}
ORG:Spur_Therapeutics,organization,Spur Therapeutics,,"{""kind"": ""industry""}"
INTERVENTION:FLT190,intervention,FLT190,,"{""kind"": ""genetic""}"
RePORTER:F32NS138223,grant,Mechanisms of Neuronal Excitability and Pain in Fabry Disease,,"{""fiscal_year"": 2026, ""org"": ""MEDICAL COLLEGE OF WISCONSIN""}"
PERSON:78260863,person,Jonathan David Enders,,"{""last"": ""Enders"", ""first"": ""Jonathan""}"
RePORTER:ZIADK053211,grant,Vitamin C (ascorbic acid) recommended dietary ingestion,,"{""fiscal_year"": 2025, ""org"": ""NATIONAL INSTITUTE OF DIABETES AND DIGESTIVE AND KIDNEY DISEASES""}"
PERSON:6570335,person,Mark A Levine,,"{""last"": ""LEVINE"", ""first"": ""MARK""}"
RePORTER:S10OD038306,grant,High parameter fluorescence activated cell sorter,,"{""fiscal_year"": 2025, ""org"": ""VERSITI BLOOD HEALTH, INC.""}"
PERSON:8790808,person,Karin Maria Hoffmeister,,"{""last"": ""Hoffmeister"", ""first"": ""Karin""}"
ORG:NIH_OD,organization,NIH OD,,"{""kind"": ""funder""}"
RePORTER:R37NS108278,grant,Pain Mechanisms in Fabry Disease,,"{""fiscal_year"": 2025, ""org"": ""MEDICAL COLLEGE OF WISCONSIN""}"
PERSON:1953845,person,Cheryl Louise Stucky,,"{""last"": ""Stucky"", ""first"": ""Cheryl""}"
RePORTER:R01FD008540,grant,Oral Ciclopirox Treatment for Congenital Erythropoietic Porphyria.,,"{""fiscal_year"": 2025, ""org"": ""ICAHN SCHOOL OF MEDICINE AT MOUNT SINAI""}"
PERSON:1863070,person,Robert J Desnick,,"{""last"": ""Desnick"", ""first"": ""Robert""}"
ORG:NIH_FDA,organization,NIH FDA,,"{""kind"": ""funder""}"
PMID:42596563,paper,"Clinical manifestations, diagnosis, and management of renal involvement in Fabry disease.",,"{""journal"": ""Ren Fail"", ""pubdate"": ""2026 Dec"", ""authors"": [""Guo W"", ""Bi J"", ""Ji P"", ""Xie Y""]}"
PMID:42424394,paper,"Regarding: ""Development and validation of a self-management efficacy questionnaire for patients with Fabry disease in China"".",,"{""journal"": ""Ann Med"", ""pubdate"": ""2026 Dec"", ""authors"": [""Zhao D"", ""Zhou W""]}"
PMID:41968796,paper,Development and validation of a self-management efficacy questionnaire for patients with Fabry disease in China.,,"{""journal"": ""Ann Med"", ""pubdate"": ""2026 Dec"", ""authors"": [""Cao ML"", ""Zou JH"", ""Shi MY"", ""Sun YH"", ""Zhao DY"", ""Li L"", ""Jiang HK""]}"
PMID:42562339,paper,Pain in Fabry disease: do experimental models reveal novel therapeutic targets?,,"{""journal"": ""Biochem Pharmacol"", ""pubdate"": ""2026 Nov"", ""authors"": [""Galimberti G"", ""Riboldi B"", ""Amodeo G"", ""Franchi S"", ""Braganti C"", ""Sacerdote P"", ""Ceruti S""]}"
PMID:42716235,paper,Epigenetic aging and autosomal methylation remodeling in Anderson-Fabry disease.,,"{""journal"": ""Exp Gerontol"", ""pubdate"": ""2026 Oct 15"", ""authors"": [""Aceto MA"", ""Paparazzo E"", ""Antonucci G"", ""Greco R"", ""Andreucci M"", ""Serra Cassano T"", ""Mercatante P"", ""Passarino G"", ""La Russa A"", ""Montesanto A""]}"
NCT02254863,trial,UCB Transplant of Inherited Metabolic Diseases With Administration of Intrathecal UCB Derived Oligodendrocyte-Like Cells,,"{""status"": ""RECRUITING"", ""phase"": ""PHASE1"", ""countries"": [""US""]}"
ORG:Joanne_Kurtzberg_MD,organization,"Joanne Kurtzberg, MD",,"{""kind"": ""other""}"
INTERVENTION:DUOC_01,intervention,DUOC-01,,"{""kind"": ""biological""}"
NCT07740512,trial,"Safety, Tolerability, Pharmacokinetics, and Preliminary Efficacy of PLX-200 in Pediatric Patients (Master Protocol)",,"{""status"": ""NOT_YET_RECRUITING"", ""phase"": ""PHASE2""}"
ORG:Polaryx_Therapeutics_Inc,organization,"Polaryx Therapeutics, Inc.",,"{""kind"": ""industry""}"
INTERVENTION:PLX_200,intervention,PLX-200,,"{""kind"": ""drug""}"
NCT02993796,trial,Krabbe Disease Global Patient Registry,,"{""status"": ""RECRUITING"", ""phase"": """", ""countries"": [""US""]}"
ORG:State_University_of_New_York_at_Buffalo,organization,State University of New York at Buffalo,,"{""kind"": ""other""}"
NCT04771416,trial,"Study of Safety, Tolerability and Efficacy of PBKR03 in Pediatric Subjects With Early Infantile Krabbe Disease",,"{""status"": ""SUSPENDED"", ""phase"": ""PHASE1,PHASE2"", ""countries"": [""BR"", ""CA"", ""GB"", ""IL"", ""NL"", ""US""]}"
ORG:Gemma_Biotherapeutics,organization,Gemma Biotherapeutics,,"{""kind"": ""industry""}"
INTERVENTION:PBKR03,intervention,PBKR03,,"{""kind"": ""biological""}"
RePORTER:R01NS127403,grant,CGT and ACD Inhibitors for SRT Treatment of Krabbe Disease,,"{""fiscal_year"": 2026, ""org"": ""UNIVERSITY OF ILLINOIS AT CHICAGO""}"
PERSON:8763971,person,Ernesto Roque Bongarzone,,"{""last"": ""Bongarzone"", ""first"": ""Ernesto""}"
RePORTER:R01NS112327,grant,Selective galactosylceramidase ablation to study the pathogenesis of Krabbe leukodystrophy,,"{""fiscal_year"": 2026, ""org"": ""STATE UNIVERSITY OF NEW YORK AT BUFFALO""}"
PERSON:11815483,person,Daesung Shin,,"{""last"": ""Shin"", ""first"": ""Daesung""}"
RePORTER:R01NS136487,grant,Microglia replacement using engineered HSCs for treatment of leukodystrophies,,"{""fiscal_year"": 2026, ""org"": ""UNIVERSITY OF PENNSYLVANIA""}"
PERSON:12344369,person,Frederick Bennett,,"{""last"": ""Bennett"", ""first"": ""Frederick""}"
PERSON:2090964,person,Hans-Peter Kiem,,"{""last"": ""KIEM"", ""first"": ""HANS-PETER""}"
RePORTER:R01NS137638,grant,A Novel Molecular Neutralization Strategy for Cytotoxic Sphingolipid in a Neurogenetic Disorder,,"{""fiscal_year"": 2026, ""org"": ""COLUMBIA UNIVERSITY HEALTH SCIENCES""}"
PERSON:10267440,person,Gustavo Henrique Boff Maegawa,,"{""last"": ""Maegawa"", ""first"": ""Gustavo""}"
PMID:20301416,paper,Krabbe Disease.,,"{""journal"": """", ""pubdate"": ""1993"", ""authors"": [""Adam MP"", ""Bick S"", ""Mirzaa GM"", ""Wallace SE"", ""Amemiya A"", ""Orsini JJ"", ""Escolar ML"", ""Wasserstein MP"", ""Caggana M""]}"
PMID:42751594,paper,Inpatient Deaths in Pediatric Leukodystrophies.,,"{""journal"": ""Ann Child Neurol Soc"", ""pubdate"": ""2026 Sep"", ""authors"": [""Hart HS"", ""Vordos KL"", ""Flood CT"", ""Isakson DJ"", ""Novoa A"", ""Bonkowsky JL""]}"
PMID:42703459,paper,Pedigree Case Report of adult-onset phenotypically heterogeneous Krabbe disease.,,"{""journal"": ""Front Genet"", ""pubdate"": ""2026"", ""authors"": [""Chong L"", ""Li Y"", ""Wang Y"", ""Wang J"", ""Han J""]}"
PMID:42638118,paper,Correction: Caregiver-reported disease burden in Krabbe disease: evaluating outcomes of hematopoietic stem cell transplantation.,,"{""journal"": ""Orphanet J Rare Dis"", ""pubdate"": ""2026 Aug 24"", ""authors"": [""Bascou NA"", ""Jackson S"", ""Engel P"", ""Melchior A"", ""Orchard P"", ""Pike-Langenfeld S""]}"
PMID:42677154,paper,Survival benefit and immune-related toxicities after hematopoietic stem cell transplantation in Krabbe disease: a systematic review and meta-analysis.,,"{""journal"": ""Front Immunol"", ""pubdate"": ""2026"", ""authors"": [""Zhang J"", ""Tan Q"", ""Zhu W"", ""Yi H"", ""Wu Y""]}"
NCT03725670,trial,Direct Lentiviral Injection Gene Therapy for MLD,,"{""status"": ""NOT_YET_RECRUITING"", ""phase"": ""NA"", ""countries"": [""CN""]}"
ORG:Shenzhen_Geno_Immune_Medical_Institute,organization,Shenzhen Geno-Immune Medical Institute,,"{""kind"": ""other""}"
INTERVENTION:Intrathecal_and_intravenous_LV_gene_ther,intervention,Intrathecal and intravenous LV gene therapy,,"{""kind"": ""genetic""}"
NCT07046338,trial,Lentiviral Hematopoietic Stem Cell Gene Therapy for MLD,,"{""status"": ""NOT_YET_RECRUITING"", ""phase"": ""NA"", ""countries"": [""CN""]}"
INTERVENTION:Lentiviral_TYF_ARSA_correction_of_patien,intervention,Lentiviral TYF-ARSA correction of patient's autologous HSCs,,"{""kind"": ""genetic""}"
NCT03771898,trial,A Study of Intrathecal SHP611 in Children With Metachromatic Leukodystrophy,,"{""status"": ""COMPLETED"", ""phase"": ""PHASE2"", ""countries"": [""AR"", ""BE"", ""BR"", ""CA"", ""DE"", ""ES"", ""FR"", ""GB"", ""GR"", ""IL"", ""IT"", ""JP"", ""NL"", ""US""]}"
COUNTRY:GR,country,Greece,,{}
ORG:Shire,organization,Shire,,"{""kind"": ""industry""}"
INTERVENTION:SHP611,intervention,SHP611,,"{""kind"": ""drug""}"
RePORTER:R61NS135584,grant,Database Harmonization for Creation and Validation of Outcome Assessments and Prediction Tools for Metachromatic Leukodystrophy (MLD),,"{""fiscal_year"": 2026, ""org"": ""CHILDREN'S HOSP OF PHILADELPHIA""}"
PERSON:15467615,person,Laura Ann Adang,,"{""last"": ""Adang"", ""first"": ""Laura""}"
PERSON:6117766,person,Richard Aplenc,,"{""last"": ""Aplenc"", ""first"": ""Richard""}"
PERSON:9331976,person,S. Ali Fatemi,,"{""last"": ""Fatemi"", ""first"": ""S. Ali""}"
RePORTER:R25TR005269,grant,Predoctoral Preparatory Program (P3) in Translational Research,,"{""fiscal_year"": 2026, ""org"": ""CHILDREN'S HOSP OF PHILADELPHIA""}"
PMID:42787314,paper,Leukodystrophy in Tanzania: A Case Study Highlighting Diagnostic Dilemmas and Clinical Implications.,,"{""journal"": ""Clin Case Rep"", ""pubdate"": ""2026 Oct"", ""authors"": [""Nkenguye W"", ""Suleman M"", ""Lodhia J""]}"
PMID:42809903,paper,Gallbladder involvement in metachromatic leukodystrophy: a systematic review and comparison of American and European surveillance recommendations.,,"{""journal"": ""Mol Genet Metab"", ""pubdate"": ""2026 Sep 28"", ""authors"": [""Lipi\u0144ski P"", ""Skar\u017cy\u0144ska A"", ""Wi\u0119cek S"", ""Paprocka J""]}"
PMID:42764516,paper,Allogeneic haematopoietic stem cell transplantation in late-onset metachromatic leukodystrophy.,,"{""journal"": ""Brain"", ""pubdate"": ""2026 Sep 21"", ""authors"": [""Schoenmakers DH"", ""Datema MR"", ""Beerepoot S"", ""Asbreuk MABC"", ""Bergner CG"", ""Awi\u00dfus C"", ""Bley A"", ""Sigel H"", ""Bredow J"", ""Calbi V"", ""Fumagalli F"", ""Inverso E"", ""Eklund EA"", ""Gr\u00f8nborg SW"", ""Grol WHM"", ""Videb\u00e6k C"", ""Kehrer C"", ""van der Knaap MS"", ""Schnermann N"", ""Rosewich H"", ""Lang P"", ""van Hasselt PM"", ""Lindemans CA"", ""de Witte M"", ""Langeveld M"", ""Sch\u00f6ls L"", ""Boelens JJ"", ""Vieira P"", ""Uusimaa J"", ""Mochel F"", ""Sevin C"", ""Hollak CEM"", ""Groeschel S"", ""Wolf NI""]}"
PMID:41807041,paper,Multiparametric MRI Analysis of Clinical Outcome after Hematopoietic Stem Cell Transplantation in Juvenile Metachromatic Leukodystrophy.,,"{""journal"": ""AJNR Am J Neuroradiol"", ""pubdate"": ""2026 Sep 2"", ""authors"": [""Str\u00f6lin M"", ""Gr\u00f6schel S"", ""Kehrer C"", ""Beschle J"", ""Pretzel P"", ""Amedick LB"", ""Steiner-Wilke I"", ""D\u00f6ring M"", ""Lang P"", ""Rosewich H"", ""Bender B"", ""Martin P""]}"
NCT07082725,trial,A Study to Evaluate the Safety and Efficacy of Oral Nizubaglustat (AZ-3102) in Late-infantile and Juvenile Forms of Niemann-Pick Type C Disease (NPC),,"{""status"": ""RECRUITING"", ""phase"": ""PHASE3"", ""countries"": [""AR"", ""AU"", ""BR"", ""CA"", ""CH"", ""DE"", ""ES"", ""GB"", ""IN"", ""IT"", ""MX"", ""PK"", ""PT"", ""TR"", ""US""]}"
COUNTRY:PK,country,Pakistan,,{}
COUNTRY:PT,country,Portugal,,{}
COUNTRY:CH,country,Switzerland,,{}
ORG:Azafaros_B_V,organization,Azafaros B.V.,,"{""kind"": ""industry""}"
INTERVENTION:Nizubaglustat,intervention,Nizubaglustat,,"{""kind"": ""drug""}"
INTERVENTION:Placebo,intervention,Placebo,,"{""kind"": ""drug""}"
NCT07054515,trial,"A Study to Evaluate the Safety and Efficacy of Oral Nizubaglustat (AZ-3102) in Late-infantile and Juvenile Forms of Niemann-Pick Type C Disease, GM1 Gangliosidosis or GM2 Gangliosidosis",,"{""status"": ""RECRUITING"", ""phase"": ""PHASE3"", ""countries"": [""AR"", ""AU"", ""BR"", ""CA"", ""CH"", ""DE"", ""ES"", ""FR"", ""GB"", ""IN"", ""IT"", ""MX"", ""PK"", ""PT"", ""SE"", ""TR"", ""US""]}"
INTERVENTION:AZ_3102,intervention,AZ-3102,,"{""kind"": ""drug""}"
NCT07082543,trial,A Study to Evaluate the Safety and Efficacy of Oral Nizubaglustat (AZ-3102) in Late-infantile and Juvenile Forms of GM1 Gangliosidosis or GM2 Gangliosidosis,,"{""status"": ""ACTIVE_NOT_RECRUITING"", ""phase"": ""PHASE3"", ""countries"": [""AR"", ""AU"", ""BR"", ""CA"", ""CH"", ""DE"", ""ES"", ""FR"", ""IN"", ""IT"", ""PT"", ""SE"", ""TR"", ""US""]}"
NCT05007990,trial,Caregiving Networks Across Disease Context and the Life Course,,"{""status"": ""RECRUITING"", ""phase"": """", ""countries"": [""US""]}"
RePORTER:ZIATR000550,grant,Bioengineering of propioceptor and intrafusal muscle composite tissue,,"{""fiscal_year"": 2025, ""org"": ""NATIONAL CENTER FOR ADVANCING TRANSLATIONAL SCIENCES""}"
PERSON:79299645,person,Carlos Tristan,,"{""last"": ""Tristan"", ""first"": ""Carlos""}"
RePORTER:ZIATR000561,grant,Generation of Tay Sachs cell models and assay approaches for small molecule discovery,,"{""fiscal_year"": 2025, ""org"": ""NATIONAL CENTER FOR ADVANCING TRANSLATIONAL SCIENCES""}"
PERSON:77844220,person,Mark Henderson,,"{""last"": ""Henderson"", ""first"": ""Mark""}"
RePORTER:ZIADK056014,grant,Mouse Models of Novel Sphingolipid Biology and Disease Mechanisms,,"{""fiscal_year"": 2024, ""org"": ""NATIONAL INSTITUTE OF DIABETES AND DIGESTIVE AND KIDNEY DISEASES""}"
PERSON:9415586,person,Richard Proia,,"{""last"": ""Proia"", ""first"": ""Richard""}"
RePORTER:ZIATR000553,grant,Modeling Huntingtons disease in iPSC-derived astrocytes,,"{""fiscal_year"": 2025, ""org"": ""NATIONAL CENTER FOR ADVANCING TRANSLATIONAL SCIENCES""}"
RePORTER:ZIATR000551,grant,Evaluation of PEGylated oxidized activated charcoal nanoparticles therapeutic mechanisms in Friedreichs ataxia models,,"{""fiscal_year"": 2025, ""org"": ""NATIONAL CENTER FOR ADVANCING TRANSLATIONAL SCIENCES""}"
PMID:42794762,paper,"Miglustat in Neuronopathic Lysosomal Storage Disorders: Biological Rationale, Clinical Evidence, and Limits of Repurposing.",,"{""journal"": ""Int J Mol Sci"", ""pubdate"": ""2026 Sep 19"", ""authors"": [""Lipi\u0144ski P"", ""W\u0119grzyn G""]}"
PMID:42281208,paper,Cerebrospinal delivery of a bidirectional AAV9 vector improves optic nerve and retinal pathology in a sheep model of Tay-Sachs disease.,,"{""journal"": ""Mol Ther"", ""pubdate"": ""2026 Sep 2"", ""authors"": [""Story BD"", ""Thomasy SM"", ""Adelman SA"", ""Taghian T"", ""Lopez Y"", ""Ardon M"", ""Shiraishi H"", ""Khan S"", ""Khan M"", ""Do M"", ""Benatti HR"", ""Bertrand S"", ""Prestigiacomo R"", ""Gately R"", ""Martin DR"", ""Sena-Esteves M"", ""Xie J"", ""Gao G"", ""Teixeira LBC"", ""Shaw GC"", ""Marsh-Armstrong N"", ""Gray-Edwards HL""]}"
PMID:42466981,paper,Late-Onset Tay-Sachs Disease With SMALED-Like Muscle MRI Pattern Despite a Distinct Clinical Phenotype.,,"{""journal"": ""J Peripher Nerv Syst"", ""pubdate"": ""2026 Sep"", ""authors"": [""Frezatti RSS"", ""Gon\u00e7alves TAP"", ""de Albuquerque Bueno MG"", ""Dos Santos ACJ"", ""Wilson LA"", ""Dominik N"", ""Hanna MG"", ""Morrow J"", ""Rossor AM"", ""Reilly MM"", ""Tomaselli PJ"", ""Marques W Junior""]}"
PMID:42167572,paper,Novel HEXB variant and first evidence of urinary Gb4 isoforms in Sandhoff disease: Biochemical and bioinformatic characterization in two Moroccan families.,,"{""journal"": ""Anal Biochem"", ""pubdate"": ""2026 Sep"", ""authors"": [""Hammoud M"", ""Rodrigues AMS"", ""Assiri I"", ""Najeh S"", ""Jakani M"", ""Berrachid A"", ""Sabir ES"", ""Lafhal K"", ""El Foutat S"", ""Bourrous M"", ""Elamiri MA"", ""Hou\u00ebl E"", ""Stien D"", ""Fdil N""]}"
NCT07445490,trial,Translational Potential of ex Vivo Gene Therapy in GM2 Gangliosidosis,,"{""status"": ""NOT_YET_RECRUITING"", ""phase"": """", ""countries"": [""FR""]}"
ORG:Assistance_Publique_Hôpitaux_de_Paris,organization,Assistance Publique - Hôpitaux de Paris,,"{""kind"": ""other""}"
INTERVENTION:blood_sample,intervention,blood sample,,"{""kind"": ""biological""}"
NCT00668187,trial,A Natural History Study of the Gangliosidoses,,"{""status"": ""RECRUITING"", ""phase"": """", ""countries"": [""US""]}"
ORG:University_of_Minnesota,organization,University of Minnesota,,"{""kind"": ""other""}"
RePORTER:ZIAHG200409,grant,Pathogenesis Informs Therapy for Glycosphingolipid and Glycoprotein Disorders,,"{""fiscal_year"": 2024, ""org"": ""NATIONAL HUMAN GENOME RESEARCH INSTITUTE""}"
PERSON:77884991,person,Cynthia Tifft,,"{""last"": ""Tifft"", ""first"": ""Cynthia""}"
ORG:NIH_NHGRI,organization,NIH NHGRI,,"{""kind"": ""funder""}"
RePORTER:ZIADK056016,grant,Sphingolipid Biology of Neurodegeneration,,"{""fiscal_year"": 2025, ""org"": ""NATIONAL INSTITUTE OF DIABETES AND DIGESTIVE AND KIDNEY DISEASES""}"
PMID:41701133,paper,Bilateral Macular Cherry-Red Spots in Infantile Sandhoff Disease.,,"{""journal"": ""Ophthalmol Retina"", ""pubdate"": ""2026 Oct"", ""authors"": [""Cui K"", ""Wu Z"", ""Zhang G""]}"
PMID:42715347,paper,Intravenous gene therapy improves life span and clinical outcomes in a feline model of Sandhoff disease.,,"{""journal"": ""Sci Transl Med"", ""pubdate"": ""2026 Sep 9"", ""authors"": [""Maguire AS"", ""Ta NL"", ""Gross AL"", ""Garrett CJ"", ""Zimmerman AD"", ""Diffie EB"", ""Osterhoudt DE"", ""Pacer SH"", ""Mitchell ML"", ""Cannon JS"", ""Hall PI"", ""Sandey M"", ""Cole RC"", ""Seyfried TN"", ""Gray-Edwards HL"", ""Sena-Esteves M"", ""Martin DR""]}"
PMID:42823992,paper,Sandhoff Disease Associated With Bipolar Disorder: A Case Report From the United Arab Emirates.,,"{""journal"": ""Cureus"", ""pubdate"": ""2026 Aug"", ""authors"": [""Abdelrahman A"", ""Alowais M"", ""Elamin A"", ""Ahmed AE"", ""Rakhange A"", ""Darweesh A"", ""Adi AJ"", ""Otour A""]}"
NCT00344331,trial,"Evaluation of Biochemical Markers and Clinical Investigation of Niemann-Pick Disease, Type C",,"{""status"": ""RECRUITING"", ""phase"": """", ""countries"": [""US""]}"
ORG:Eunice_Kennedy_Shriver_National_Institut,organization,Eunice Kennedy Shriver National Institute of Child Health and Human Development (NICHD),,"{""kind"": ""nih""}"
NCT05642221,trial,Functional Near-Infrared Spectroscopy (fNIRS) Combined With Diffuse Correlation Spectroscopy (DCS) in Neurocognitive Disease as Compared to Healthy Neurotypical Controls,,"{""status"": ""COMPLETED"", ""phase"": """", ""countries"": [""US""]}"
RePORTER:R21NS142761,grant,Increased vulnerability to ferroptosis in Niemann-Pick disease type C,,"{""fiscal_year"": 2026, ""org"": ""LOMA LINDA UNIVERSITY""}"
PERSON:1894752,person,Pamela Anne Maher,,"{""last"": ""Maher"", ""first"": ""Pamela""}"
PERSON:10841943,person,Salvador Soriano,,"{""last"": ""Soriano"", ""first"": ""Salvador""}"
RePORTER:R01NS150245,grant,NPC1 protein misfolding in Niemann-Pick type C disease,,"{""fiscal_year"": 2026, ""org"": ""UNIVERSITY OF MICHIGAN AT ANN ARBOR""}"
PERSON:1890588,person,Brian S J Blagg,,"{""last"": ""Blagg"", ""first"": ""Brian""}"
PERSON:2110376,person,Andrew P Lieberman,,"{""last"": ""LIEBERMAN"", ""first"": ""ANDREW""}"
RePORTER:R01HD109312,grant,Endocannabinoid-Based Treatment for the Neurologic Niemann-Pick Diseases,,"{""fiscal_year"": 2026, ""org"": ""ICAHN SCHOOL OF MEDICINE AT MOUNT SINAI""}"
PERSON:1920549,person,Edward H. Schuchman,,"{""last"": ""SCHUCHMAN"", ""first"": ""EDWARD""}"
RePORTER:R01NS133575,grant,Deciphering and disabling lysosome-dependent mechanisms of neurodegeneration,,"{""fiscal_year"": 2026, ""org"": ""UNIVERSITY OF CALIFORNIA BERKELEY""}"
PERSON:10485570,person,Roberto Zoncu,,"{""last"": ""Zoncu"", ""first"": ""Roberto""}"
RePORTER:R35GM149211,grant,Lysosomal control of plasma membrane -endoplasmic reticulum membrane contacts regulates neuronal excitability,,"{""fiscal_year"": 2026, ""org"": ""UNIVERSITY OF CALIFORNIA AT DAVIS""}"
PERSON:10437243,person,Eamonn James Dickson,,"{""last"": ""Dickson"", ""first"": ""Eamonn""}"
PMID:42822755,paper,Altered vestibular-related reflex responses in Npc1(-/-) mice.,,"{""journal"": ""Brain Res"", ""pubdate"": ""2026 Oct 1"", ""authors"": [""Kouga T"", ""Miwa T"", ""Yamada Y"", ""Tanaka M"", ""Shirakawa A"", ""Ishii A"", ""Kondo Y"", ""Takeo T"", ""Nakagata N"", ""Higaki K"", ""Ikeda R"", ""Matsuo M"", ""Irie T"", ""Ishitsuka Y""]}"
PMID:42324936,paper,Diverse clinical spectrum of Niemann-Pick C: insights from a single center.,,"{""journal"": ""J Pediatr Endocrinol Metab"", ""pubdate"": ""2026 Sep 25"", ""authors"": [""Basan H"", ""G\u00fcrb\u00fcz BB"", ""K\u00fc\u00e7\u00fckcongar Yava\u015f A"", ""G\u00fcnd\u00fcz M"", ""Din\u00e7er S"", ""Engin Erdal A"", ""Ardi\u00e7li D"", ""Cinel G"", ""Murat \u00d6ktem R"", ""Seher Kasapkara \u00c7""]}"
PMID:42761304,paper,Clinical and molecular spectrum of Niemann-Pick disease type C patients in India.,,"{""journal"": ""Front Pediatr"", ""pubdate"": ""2026"", ""authors"": [""Sheth J"", ""Nair A"", ""Bhavsar R"", ""Jasani P"", ""Saini N"", ""Baluni A"", ""Gowda VK"", ""Muranjan M"", ""Bavdekar A"", ""Botre A"", ""Kadam S"", ""Nampoothiri S"", ""Rawool AP"", ""Datar CA"", ""Dharsandia N"", ""Bajaj S"", ""Kaur A"", ""Kapoor S"", ""Solanki D"", ""Shah SM"", ""Kamate M"", ""Verma IC"", ""Suresh SK"", ""Udani V"", ""Badge R"", ""Karnik P"", ""Mercy S"", ""Sheth F"", ""Sheth H""]}"
PMID:42729944,paper,Developmental brain programmes and biomarker activation in Alzheimer's disease.,,"{""journal"": ""Brain Commun"", ""pubdate"": ""2026"", ""authors"": [""Pini L"", ""Margoni M"", ""Filippi M"", ""Imbimbo BP""]}"
NCT04476862,trial,Cerliponase Alfa Observational Study in the US,,"{""status"": ""ACTIVE_NOT_RECRUITING"", ""phase"": """", ""countries"": [""US""]}"
ORG:BioMarin_Pharmaceutical,organization,BioMarin Pharmaceutical,,"{""kind"": ""industry""}"
INTERVENTION:Cerliponase_Alfa,intervention,Cerliponase Alfa,,"{""kind"": ""drug""}"
NCT07582484,trial,Gene Therapy Trial for CLN6 Batten Disease,,"{""status"": ""NOT_YET_RECRUITING"", ""phase"": ""PHASE1,PHASE2"", ""countries"": [""US""]}"
ORG:The_Charlotte_and_Gwenyth_Gray_Foundatio,organization,The Charlotte and Gwenyth Gray Foundation,,"{""kind"": ""other""}"
INTERVENTION:scAAV9_CB_CLN6_dose_1_5E14_vector_genome,intervention,scAAV9.CB.CLN6 (dose: 1.5E14 vector genomes),,"{""kind"": ""drug""}"
NCT05152914,trial,Intravitreal ERT to Prevent Retinal Disease Progression in Children With CLN2,,"{""status"": ""ACTIVE_NOT_RECRUITING"", ""phase"": ""PHASE1,PHASE2"", ""countries"": [""US""]}"
ORG:David_L_Rogers_MD,organization,"David L Rogers, MD",,"{""kind"": ""other""}"
RePORTER:U54HD122210,grant,Research Project 1,,"{""fiscal_year"": 2026, ""org"": ""HUGO W. MOSER RES INST KENNEDY KRIEGER""}"
PERSON:9568426,person,Erika Augustine,,"{""last"": ""Augustine"", ""first"": ""Erika""}"
RePORTER:R01NS140682,grant,Cellular Mechanisms of Enteric Nervous System Damage in CLN2 Disease,,"{""fiscal_year"": 2026, ""org"": ""WASHINGTON UNIVERSITY""}"
PERSON:2427635,person,Jonathan D Cooper,,"{""last"": ""COOPER"", ""first"": ""JONATHAN""}"
RePORTER:ZIAHD000910,grant,Childhood Neurodegenerative Lysosomal Storage Disorders,,"{""fiscal_year"": 2025, ""org"": ""EUNICE KENNEDY SHRIVER NATIONAL INSTITUTE OF CHILD HEALTH & HUMAN DEVELOPMENT""}"
PERSON:2452381,person,Anil B Mukherjee,,"{""last"": ""MUKHERJEE"", ""first"": ""ANIL""}"
PMID:42641913,paper,"K16ApoE-mediated delivery across the blood-brain barrier: mechanisms, applications, and translational challenges.",,"{""journal"": ""Neuroscience"", ""pubdate"": ""2026 Nov 3"", ""authors"": [""Amudha S"", ""Ramasamy S"", ""Enoch IVMV""]}"
PMID:42760386,paper,Conversion of a ventricular rickham reservoir to a subcutaneous chest port for repeated intraventricular enzyme replacement therapy: technical note and surgical considerations.,,"{""journal"": ""Childs Nerv Syst"", ""pubdate"": ""2026 Sep 18"", ""authors"": [""Gopalka M"", ""Manocha S"", ""Romanski K"", ""Hoeman E"", ""Boop S"", ""Lam SK""]}"
PMID:42413193,paper,Expanding the genotypic landscape of the neuronal ceroid lipofuscinoses: clinical and molecular findings from a tertiary-care center in Argentina.,,"{""journal"": ""Seizure"", ""pubdate"": ""2026 Sep"", ""authors"": [""Touzon MS"", ""Reyes Valenzuela G"", ""Loos M"", ""Gonzalez B"", ""Gauto A"", ""Obreg\u00f3n Gomez R"", ""Chico Andrade ZE"", ""Rugilo C"", ""Princich JP"", ""Aschettino G"", ""Alonso C"", ""Juanes M"", ""Caraballo RH""]}"
PMID:42475369,paper,Chronic oral cannabidiol delays seizure onset and reduces seizure burden in a mouse model of CLN2 disease.,,"{""journal"": ""PLoS One"", ""pubdate"": ""2026"", ""authors"": [""Dearborn JT"", ""Takahashi K"", ""Rensing NR"", ""Wong M"", ""Cooper JD"", ""Sands MS""]}"
PMID:42102651,paper,"Lysosomal storage, mitochondrial pathology, and autophagy in knockout of tripeptidyl peptidase 1 in human neuroblastoma cells in vitro.",,"{""journal"": ""Mol Genet Metab"", ""pubdate"": ""2026 Jun"", ""authors"": [""Walus M"", ""Kida E"", ""Golabek AA""]}"
NCT03307304,trial,Investigations of Juvenile Neuronal Ceroid Lipofuscinosis,,"{""status"": ""RECRUITING"", ""phase"": """", ""countries"": [""US""]}"
NCT04637282,trial,"Safety, Tolerability, and Efficacy of PLX-200 in Patients With CLN3",,"{""status"": ""WITHDRAWN"", ""phase"": ""PHASE3""}"
RePORTER:U01NS148918,grant,IND-Enabling Studies of an Antisense Oligonucleotide Therapy for CLN3 Batten Disease,,"{""fiscal_year"": 2026, ""org"": ""UNIVERSITY OF MICHIGAN AT ANN ARBOR""}"
PERSON:9608833,person,Michelle L Hastings,,"{""last"": ""Hastings"", ""first"": ""Michelle""}"
RePORTER:R03NS146860,grant,Investigating TTYH3 and Its Relation to CLN3 Batten Disease,,"{""fiscal_year"": 2026, ""org"": ""MASSACHUSETTS GENERAL HOSPITAL""}"
PERSON:8310828,person,Susan Lynn Cotman,,"{""last"": ""Cotman"", ""first"": ""Susan""}"
PERSON:7864776,person,Jill M Weimer,,"{""last"": ""WEIMER"", ""first"": ""JILL""}"
PMID:41642869,paper,Neurodevelopmental and Psychiatric Disorders and the Use of Psychotropic Medications in a National Sample of Individuals With Juvenile Neuronal Ceroid Lipofuscinosis.,,"{""journal"": ""J Child Neurol"", ""pubdate"": ""2026 Oct"", ""authors"": [""Oerbeck B"", ""Helland IB"", ""Adams HR"", ""Overgaard KR""]}"
PMID:42691200,paper,CLN3-Related Disorder.,,"{""journal"": """", ""pubdate"": ""1993"", ""authors"": [""Adam MP"", ""Bick S"", ""Mirzaa GM"", ""Wallace SE"", ""Amemiya A"", ""Van Hasselt PM"", ""Van Genderen MM"", ""Kuper WFE""]}"
PMID:42647598,paper,A 3D human retina model reveals a non-cell-autonomous and non-neuronal mechanism of photoreceptor loss in a lysosomal storage disorder.,,"{""journal"": ""Sci Transl Med"", ""pubdate"": ""2026 Aug 26"", ""authors"": [""Han J"", ""Foley N"", ""Dalvi S"", ""Tang JAH"", ""Emira Dogrul F"", ""Chatterjee A"", ""Kumar LK"", ""Galloway CA"", ""Singh AK"", ""Stein LM"", ""Subedi Y"", ""Kevin C Ling"", ""Heffer A"", ""He X"", ""Gullapalli VK"", ""Johnson BA"", ""Libby RT"", ""Benoit DSW"", ""Cook AL"", ""Bonilha VL"", ""Schuchman EH"", ""Hunter JJ"", ""Singh R""]}"
PMID:42632523,paper,Functional ultrasound imaging reveals early pathway-specific reorganization of central visual circuits in a mouse model of Batten disease.,,"{""journal"": ""Neurobiol Dis"", ""pubdate"": ""2026 Aug 22"", ""authors"": [""Yin F"", ""Ding Y"", ""Chang H"", ""Prifti V"", ""Feng J"", ""Freedman EG"", ""Foxe JJ"", ""Doyley M"", ""Wang KH""]}"
NCT03952637,trial,A Phase 1/2 Study of Intravenous Gene Transfer With an AAV9 Vector Expressing Human Beta-galactosidase in Type I and Type II GM1 Gangliosidosis,,"{""status"": ""RECRUITING"", ""phase"": ""PHASE1,PHASE2"", ""countries"": [""US""]}"
INTERVENTION:AAV9_GLB1,intervention,AAV9-GLB1,,"{""kind"": ""biological""}"
INTERVENTION:Rituximab,intervention,Rituximab,,"{""kind"": ""drug""}"
INTERVENTION:Sirolimus,intervention,Sirolimus,,"{""kind"": ""drug""}"
INTERVENTION:Methylprednisolone,intervention,Methylprednisolone,,"{""kind"": ""drug""}"
INTERVENTION:Prednisone,intervention,Prednisone,,"{""kind"": ""drug""}"
RePORTER:U01NS146166,grant,Prenatal AAV9 gene replacement therapy for patients with severe infantile GM1 gangliosidosis,,"{""fiscal_year"": 2026, ""org"": ""UNIVERSITY OF CALIFORNIA, SAN FRANCISCO""}"
PERSON:9196466,person,Tippi Mackenzie,,"{""last"": ""Mackenzie"", ""first"": ""Tippi""}"
RePORTER:R44NS141514,grant,Treatment of GM1 gangliosidosis CNS manifestations by AAV systemic expression of lectin-enhanced enzyme,,"{""fiscal_year"": 2025, ""org"": ""BIOSTRATEGIES, LC""}"
PERSON:12642772,person,Walter Acosta,,"{""last"": ""Acosta"", ""first"": ""Walter""}"
PERSON:1928016,person,Carole L. Cramer,,"{""last"": ""CRAMER"", ""first"": ""CAROLE""}"
PERSON:15964704,person,Tianhong Yang,,"{""last"": ""Yang"", ""first"": ""Tianhong""}"
PMID:42782580,paper,Single-nucleus RNA sequencing reveals excitatory and inhibitory neuronal subtype imbalance and its potential regulatory mechanisms in GM1 gangliosidosis.,,"{""journal"": ""Genes Genomics"", ""pubdate"": ""2026 Sep 24"", ""authors"": [""Liu S"", ""Xie T"", ""Huang Y""]}"
PMID:42818441,paper,Expanded Access use of Intravenous Gene Transfer with AAV9-GLB1 in a Juvenile GM1 Gangliosidosis Participant.,,"{""journal"": ""medRxiv"", ""pubdate"": ""2026 Sep 10"", ""authors"": [""Lewis CJ"", ""Akmal H"", ""D'Souza P"", ""Johnston JM"", ""Ashraf S"", ""Vezina G"", ""Chipman SI"", ""Blackwood M"", ""Yousef MH"", ""Quezado Z"", ""Gahl WA"", ""Byrne BJ"", ""Flotte TR"", ""Jiang X"", ""Thurm A"", ""Gross AL"", ""Keeler AM"", ""Martin DR"", ""Sena-Esteves M"", ""Gray-Edwards HL"", ""Wang RY"", ""Acosta MT"", ""Tifft CJ""]}"
PMID:42410243,paper,Brain aging in Type II GM1 gangliosidosis.,,"{""journal"": ""Commun Med (Lond)"", ""pubdate"": ""2026 Jul 6"", ""authors"": [""Lewis CJ"", ""Chipman SI"", ""D'Souza P"", ""Johnston JM"", ""Yousef MH"", ""Gahl WA"", ""Tifft CJ"", ""Acosta MT""]}"
PMID:42160923,paper,Diagnostic and therapeutic applications of the glycan biomarker H3N2b in GM1 Gangliosidosis.,,"{""journal"": ""Mol Genet Metab"", ""pubdate"": ""2026 Jul"", ""authors"": [""Kell P"", ""Mishra S"", ""D'Souza P"", ""Tifft CJ"", ""Dietzen DJ"", ""Lasio LD"", ""Carson JP"", ""Hong X"", ""Schiffmann R"", ""Ledesma MD"", ""Tayebi N"", ""Dickson PI"", ""Porter FD"", ""Ory DS"", ""Jiang X""]}"
NCT04470713,trial,"Natural History Study for Pediatric Patients With Early Onset of Either GM1 Gangliosidosis, GM2 Gangliosidoses, or Gaucher Disease Type 2",,"{""status"": ""COMPLETED"", ""phase"": """", ""countries"": [""BE"", ""BR"", ""CH"", ""DE"", ""ES"", ""FR"", ""GB"", ""IT"", ""PT"", ""US""]}"
ORG:Idorsia_Pharmaceuticals_Ltd,organization,Idorsia Pharmaceuticals Ltd.,,"{""kind"": ""industry""}"
NCT04624789,trial,Registry Gangliosidoses,,"{""status"": ""UNKNOWN"", ""phase"": """", ""countries"": [""DE""]}"
ORG:SphinCS_Lyso_Gemeinnutzige_UG_Haftungsbe,organization,SphinCS Lyso Gemeinnutzige UG (Haftungsbeschrankt),,"{""kind"": ""other""}"
NCT00418847,trial,Pharmacokinetics and Tolerability of Zavesca® (Miglustat) In Patients With Juvenile GM2 Gangliosidosis,,"{""status"": ""COMPLETED"", ""phase"": ""PHASE2"", ""countries"": [""CA""]}"
ORG:The_Hospital_for_Sick_Children,organization,The Hospital for Sick Children,,"{""kind"": ""other""}"
INTERVENTION:miglustat,intervention,miglustat,,"{""kind"": ""drug""}"
PMID:41111867,paper,GM2 Gangliosidosis AB Variant: A Hidden Truth.,,"{""journal"": ""Cureus"", ""pubdate"": ""2025 Sep"", ""authors"": [""Noites I"", ""Coelho AS"", ""Magalh\u00e3es C"", ""Ramos S"", ""Laranjeira F"", ""Lacerda L"", ""Taipa R"", ""Garrido C"", ""Temudo T"", ""Figueiroa S""]}"
PMID:40543381,paper,Secondary accumulation of lyso-platelet activating factors in lysosomal storage diseases.,,"{""journal"": ""Mol Genet Metab"", ""pubdate"": ""2025 Aug"", ""authors"": [""Kell P"", ""Mishra S"", ""Gray-Edwards HL"", ""Martin DR"", ""Gaudioso A"", ""Ledesma MD"", ""Bongarzone ER"", ""Sands MS"", ""Sidransky E"", ""Ory DS"", ""Jiang X""]}"
PMID:40386041,paper,GM2 activator deficiency: An ultra-rare disorder with a new case and review of 22 published cases.,,"{""journal"": ""Mol Genet Metab Rep"", ""pubdate"": ""2025 Jun"", ""authors"": [""Yolda\u015f \u00c7elik M"", ""K\u00f6\u015feci B"", ""Burga\u00e7 E"", ""Yararba\u015f K""]}"
PMID:39644670,paper,Clinical and biochemical abnormalities in a feline model of GM2 activator deficiency.,,"{""journal"": ""Mol Genet Metab"", ""pubdate"": ""2025 Jan"", ""authors"": [""Beecy SJ"", ""Gross AL"", ""Maguire AS"", ""Hoffman LMK"", ""Diffie EB"", ""Cuddon P"", ""Kell P"", ""Jiang X"", ""Gray-Edwards HL"", ""Martin DR""]}"
PMID:38165373,paper,"Clinical, Imaging, Genetic, and Disease Course Characteristics in Patients With GM2 Gangliosidosis: Beyond Age of Onset.",,"{""journal"": ""Neurology"", ""pubdate"": ""2024 Jan 9"", ""authors"": [""Kern J"", ""B\u00f6hringer J"", ""Timmann D"", ""Trollmann R"", ""Stendel C"", ""Kamm C"", ""R\u00f6bl M"", ""Santhanakumaran V"", ""Groeschel S"", ""Beck-W\u00f6dl S"", ""G\u00f6ricke S"", ""Kr\u00e4geloh-Mann I"", ""Synofzik M""]}"
NCT06192576,trial,A Real-world Long-term Safety and Immunogenicity Study of Olipudase Alfa Therapy in Pediatric Patients Less Than 2 Years of Age With Acid Sphingomyelinase Deficiency (ASMD),,"{""status"": ""RECRUITING"", ""phase"": """", ""countries"": [""US""]}"
ORG:Sanofi,organization,Sanofi,,"{""kind"": ""industry""}"
INTERVENTION:Olipudase_alfa,intervention,Olipudase alfa,,"{""kind"": ""drug""}"
PMID:42800888,paper,"From guidelines to real-world practice: clinical, biochemical, and genetic insights in a series of Moroccan patients with acid sphingomyelinase deficiency.",,"{""journal"": ""J Pediatr Endocrinol Metab"", ""pubdate"": ""2026 Sep 28"", ""authors"": [""Assiri I"", ""Hammoud M"", ""Hakmaoui A"", ""Najeh S"", ""Jakani M"", ""Sabir ES"", ""Lafhal K"", ""Berrachid A"", ""Elfoutat S"", ""Del Castillo FJ"", ""Imad N"", ""Ait Sab I"", ""Bourrahouat A"", ""Rodrigues AMS"", ""Houel E"", ""Stien D"", ""Fdil N""]}"
PMID:42786969,paper,Acid Sphingomyelinase Deficiency in an Adult with Unexplained Splenomegaly Despite Negative SMPD1 Sequencing: A Case Report.,,"{""journal"": ""Turk J Haematol"", ""pubdate"": ""2026 Sep 25"", ""authors"": [""Cinli TA"", ""Akman \u0130lik Z""]}"
PMID:42684456,paper,"Targeting of Acid Sphingomyelinase, a Lysosomal Membrane Protein, Using Apolipoprotein E3-containing Nanodiscs.",,"{""journal"": ""J Membr Biol"", ""pubdate"": ""2026 Sep 2"", ""authors"": [""Metkar V"", ""Benedicto VG"", ""Zheng J"", ""Zivkovic AM"", ""Plascencia ND"", ""Gredig T"", ""Narayanaswami V""]}"
PMID:42641356,paper,Multiplex MSMS measurement of lysosomal enzymes enables incidental diagnosis of acid sphingomyelinase deficiency in patients evaluated for Gaucher disease.,,"{""journal"": ""Mol Genet Metab"", ""pubdate"": ""2026 Sep-Oct"", ""authors"": [""Rivaux A"", ""Guffon N"", ""Pagan C"", ""Brassier A"", ""Gu\u00e9rin F"", ""Pasquier L"", ""Sekkach Y"", ""Ndiaye B"", ""Fouilhoux A"", ""Acquaviva-Bourdain C"", ""Ruet S"", ""Froissart R"", ""Pettazzoni M""]}"
PMID:42587127,paper,Targeting CD44 reverses sphingomyelin-induced oligodendrocyte maturation arrest in acid sphingomyelinase deficiency.,,"{""journal"": ""EMBO Mol Med"", ""pubdate"": ""2026 Sep"", ""authors"": [""Guerrero-Valero M"", ""Melgarejo E"", ""Marchena MA"", ""Fern\u00e1ndez-G\u00f3mez B"", ""Mulero-Franco J"", ""de Castro F"", ""Schuchman EH"", ""Ledesma MD""]}"
NCT06214507,trial,Danon Disease Natural History Study,,"{""status"": ""RECRUITING"", ""phase"": """", ""countries"": [""DE"", ""ES"", ""GB"", ""IL"", ""IT"", ""US""]}"
ORG:Rocket_Pharmaceuticals_Inc,organization,Rocket Pharmaceuticals Inc.,,"{""kind"": ""industry""}"
NCT06092034,trial,A Gene Therapy Study of RP-A501 in Male Patients With Danon Disease,,"{""status"": ""RECRUITING"", ""phase"": ""PHASE2"", ""countries"": [""DE"", ""GB"", ""IT"", ""US""]}"
INTERVENTION:RP_A501,intervention,RP-A501,,"{""kind"": ""genetic""}"
NCT07336394,trial,Precision Diagnosis and Risk Stratification of Rare Cardiomyopathies Based on Novel Cardiac Magnetic Resonance Techniques,,"{""status"": ""RECRUITING"", ""phase"": """", ""countries"": [""CN""]}"
ORG:Chinese_Academy_of_Medical_Sciences_Fuwa,organization,"Chinese Academy of Medical Sciences, Fuwai Hospital",,"{""kind"": ""other""}"
NCT06795152,trial,Rare Glycogen Storage Diseases Natural History Study,,"{""status"": ""RECRUITING"", ""phase"": """", ""countries"": [""US""]}"
NCT05548855,trial,Natural History of Danon Disease,,"{""status"": ""COMPLETED"", ""phase"": """", ""countries"": [""CZ"", ""ES"", ""FR"", ""IE"", ""IT""]}"
COUNTRY:IE,country,Ireland,,{}
RePORTER:R35GM154665,grant,Defining the mechanisms of the glycophagy shunt and its role in metabolism,,"{""fiscal_year"": 2024, ""org"": ""LSU PENNINGTON BIOMEDICAL RESEARCH CTR""}"
PERSON:11942734,person,Timothy D. Heden,,"{""last"": ""Heden"", ""first"": ""Timothy""}"
PMID:42776111,paper,Phenotypic Transition From Danon Disease to Arrhythmogenic Cardiomyopathy: Multimodality and Histopathologic Evidence.,,"{""journal"": ""JACC Case Rep"", ""pubdate"": ""2026 Sep 23"", ""authors"": [""Quintella Sangiorgi Olivetti N"", ""Belitardo GP"", ""Cerqueira Matheus F"", ""Belfort D"", ""Benvenuti LA"", ""Sacilotto L"", ""Bocchi E"", ""Napolitano G"", ""Krieger JE"", ""Ayub S""]}"
PMID:42758711,paper,Shotgun metagenomic profiling of the fecal microbiome in Lamp2 knockout mice reveals limited genotype-associated differences under standard housing.,,"{""journal"": ""PLoS One"", ""pubdate"": ""2026"", ""authors"": [""Emfietzoglou M"", ""Bantounou MA"", ""Osmani S"", ""Narimatsu T"", ""Baroutis KG"", ""Varsamidaki A"", ""Skondra D"", ""Papaconstantinou D"", ""Theodossiadis P"", ""Chatziralli I"", ""Miller JW"", ""Vavvas DG""]}"
PMID:42590185,paper,Serial Cardiovascular Magnetic Resonance Evolution of Late-Onset Female Danon Disease Initially Diagnosed as Hypertrophic Cardiomyopathy: A Case Report.,,"{""journal"": ""J Clin Med"", ""pubdate"": ""2026 Aug 5"", ""authors"": [""Liu X"", ""Liang S"", ""Chen J"", ""Chen Y""]}"
PMID:42382315,paper,Cardiac characteristics of Chinese patients with Danon disease associated with LAMP2 p.Leu325fs variants.,,"{""journal"": ""Int J Cardiol Heart Vasc"", ""pubdate"": ""2026 Aug"", ""authors"": [""Yin K"", ""Li Y"", ""Zhao H"", ""Xu J"", ""Yang H"", ""Meng Y"", ""Sun Y"", ""Wang S"", ""Zhou Z""]}"
PMID:42493727,paper,Danon disease: a rare etiology of left ventricular hypertrophy.,,"{""journal"": ""Intern Emerg Med"", ""pubdate"": ""2026 Jul 23"", ""authors"": [""Liang S"", ""Yu M"", ""Chen Y""]}"
NCT00001215,trial,Genetic Studies of Lysosomal Storage Disorders,,"{""status"": ""ENROLLING_BY_INVITATION"", ""phase"": """", ""countries"": [""US""]}"
NCT04127578,trial,Phase 1/2a Clinical Trial of PR001 (LY3884961) in Patients With Parkinson's Disease With at Least One GBA1 Mutation (PROPEL),,"{""status"": ""ACTIVE_NOT_RECRUITING"", ""phase"": ""PHASE1,PHASE2"", ""countries"": [""IL"", ""US""]}"
ORG:Prevail_Therapeutics,organization,Prevail Therapeutics,,"{""kind"": ""industry""}"
INTERVENTION:LY3884961,intervention,LY3884961,,"{""kind"": ""biological""}"
NCT04101968,trial,The GBA Multimodal Study in Parkinson's Disease,,"{""status"": ""COMPLETED"", ""phase"": """", ""countries"": [""CA"", ""US""]}"
ORG:Pacific_Parkinson_s_Research_Centre,organization,Pacific Parkinson's Research Centre,,"{""kind"": ""other""}"
NCT07522606,trial,Compassionate Use for BIA 28-6156 in Patients With Parkinson's Disease (PD) Who Have a Pathogenic Variant in the GBA1 Gene (GBA-PD) and Completed the ACTIVATE Study,,"{""status"": ""NO_LONGER_AVAILABLE"", ""phase"": """", ""countries"": [""ES"", ""GB"", ""IT"", ""PT"", ""US""]}"
ORG:Bial_R_D_Investments_S_A,organization,"Bial R&D Investments, S.A.",,"{""kind"": ""industry""}"
INTERVENTION:BIA_28_6156,intervention,BIA 28-6156,,"{""kind"": ""drug""}"
RePORTER:R21NS146759,grant,Identification of the Palmitoyltransferase for Glucocerebrosidase Trafficking Receptor LIMP2 and Restoration of GBA1 Function in Parkinson Disease and Lewy Body Dementia.,,"{""fiscal_year"": 2026, ""org"": ""BRIGHAM AND WOMEN'S HOSPITAL""}"
PERSON:14796901,person,Gary P. H. Ho,,"{""last"": ""Ho"", ""first"": ""Gary""}"
RePORTER:ZIAAI001086,grant,Detection of Prions,,"{""fiscal_year"": 2025, ""org"": ""NATIONAL INSTITUTE OF ALLERGY AND INFECTIOUS DISEASES""}"
PERSON:6568487,person,Byron Caughey,,"{""last"": ""CAUGHEY"", ""first"": ""BYRON""}"
ORG:NIH_NIAID,organization,NIH NIAID,,"{""kind"": ""funder""}"
PMID:42697520,paper,Microbiota-derived metabolite-GPCR signalling in neurodegeneration.,,"{""journal"": ""Neuroscience"", ""pubdate"": ""2026 Nov 3"", ""authors"": [""Sharma A"", ""Jatana N""]}"
PMID:42825921,paper,"Founder mutations in movement disorders: global distribution, molecular mechanisms, and clinical consequences-a scoping review.",,"{""journal"": ""Neurogenetics"", ""pubdate"": ""2026 Oct 2"", ""authors"": [""Gowda N"", ""Harish S""]}"
PMID:42821122,paper,The close relationship between a rare disease and a common disease: Case report of a patient with gaucher disease and parkinsonism.,,"{""journal"": ""Neurol Sci"", ""pubdate"": ""2026 Oct 1"", ""authors"": [""Oliveira JLG"", ""Montenegro MVB"", ""Fontoura NM"", ""Trindade SMS"", ""Reis APB"", ""de Freitas RIR"", ""Dos Santos Silva AM"", ""Dos Santos Lobato BL"", ""Santana-da-Silva LC""]}"
PMID:42817906,paper,Timing of Deep Brain Stimulation and Cognitive Trajectories in GBA1-Associated Parkinson's Disease.,,"{""journal"": ""Mov Disord"", ""pubdate"": ""2026 Oct 1"", ""authors"": [""Asimakidou E"", ""Avenali M"", ""Aasly JO"", ""Afshari M"", ""Alcalay RN"", ""Anderson S"", ""Artusi CA"", ""Bernard B"", ""Bozzali M"", ""Bressman S"", ""Calandra-Buonaura G"", ""Cavallieri F"", ""Cilia R"", ""Corvol JC"", ""Cocco A"", ""de Bie RMA"", ""Ehrlich D"", ""Eleopra R"", ""Foltynie T"", ""Di Fonzo A"", ""Giannini G"", ""Goetz C"", ""Hall D"", ""Jimenez-Shahed J"", ""Lopiano L"", ""Lythe V"", ""Malaguti MC"", ""Mameli F"", ""Mangone G"", ""Marder K"", ""Mouradian MM"", ""Rini A"", ""Sambati L"", ""Saunders-Pullman R"", ""Shanker VL"", ""Spagnolo F"", ""Welter ML"", ""Zangaglia R"", ""Pal G"", ""Valente EM"", ""PARKNET Study Group""]}"
NCT07503444,trial,A Phase 3 Study of Fenfluramine Hydrochloride in Rett Syndrome,,"{""status"": ""RECRUITING"", ""phase"": ""PHASE3"", ""countries"": [""BE"", ""DE"", ""ES"", ""FR"", ""HU"", ""IT"", ""JP"", ""PL"", ""US""]}"
COUNTRY:HU,country,Hungary,,{}
ORG:UCB_BIOSCIENCES_Inc,organization,"UCB BIOSCIENCES, Inc.",,"{""kind"": ""industry""}"
INTERVENTION:fenfluramine_hydrochloride,intervention,fenfluramine hydrochloride,,"{""kind"": ""drug""}"
NCT06139172,trial,Web Intervention for Parents of Youth With Genetic Syndromes (WINGS),,"{""status"": ""ACTIVE_NOT_RECRUITING"", ""phase"": ""NA"", ""countries"": [""US""]}"
ORG:Rush_University_Medical_Center,organization,Rush University Medical Center,,"{""kind"": ""other""}"
NCT07150013,trial,Rett REVOLUTION Trial: An Exploratory Evaluation of the Safety and Efficacy of Vorinostat in Rett Syndrome,,"{""status"": ""RECRUITING"", ""phase"": ""PHASE1"", ""countries"": [""CO""]}"
ORG:Unravel_Biosciences_Inc,organization,"Unravel Biosciences, Inc.",,"{""kind"": ""industry""}"
INTERVENTION:Vorinostat_SAHA,intervention,Vorinostat (SAHA),,"{""kind"": ""drug""}"
NCT06739434,trial,GCB-002 in Treatment of Patients With Rett Syndrome,,"{""status"": ""ENROLLING_BY_INVITATION"", ""phase"": ""NA"", ""countries"": [""CN""]}"
ORG:Genecombio_Ltd,organization,Genecombio Ltd.,,"{""kind"": ""other""}"
INTERVENTION:GCB_002,intervention,GCB-002,,"{""kind"": ""genetic""}"
NCT07257978,trial,Efficacy and Safety of NTI164 in Children and Young Adults With Rett Syndrome,,"{""status"": ""NOT_YET_RECRUITING"", ""phase"": ""PHASE2,PHASE3"", ""countries"": [""AU""]}"
ORG:Fenix_Innovation_Group,organization,Fenix Innovation Group,,"{""kind"": ""industry""}"
INTERVENTION:NTI164,intervention,NTI164,,"{""kind"": ""drug""}"
RePORTER:R01NS138604,grant,High Fidelity Genome Editing for the Correction of MECP2 Mutations and Physiologic Regulation of Expression in Rett Syndrome,,"{""fiscal_year"": 2026, ""org"": ""BECKMAN RESEARCH INSTITUTE/CITY OF HOPE""}"
PERSON:8227165,person,Saswati Chatterjee,,"{""last"": ""Chatterjee"", ""first"": ""Saswati""}"
PERSON:1905796,person,Vinodh Narayanan,,"{""last"": ""NARAYANAN"", ""first"": ""VINODH""}"
RePORTER:F31NS143400,grant,Mechanism of Motor Learning Impacting Cognitive and Emotional State,,"{""fiscal_year"": 2026, ""org"": ""GEORGE WASHINGTON UNIVERSITY""}"
PERSON:79047388,person,Natalie R. Boyle,,"{""last"": ""Boyle"", ""first"": ""Natalie""}"
RePORTER:K99NS140545,grant,Astrocyte-neuron interactions in Rett Syndrome and Fragile X Syndrome,,"{""fiscal_year"": 2026, ""org"": ""SALK INSTITUTE FOR BIOLOGICAL STUDIES""}"
PERSON:14279238,person,Kristine Anne Lyon,,"{""last"": ""Lyon"", ""first"": ""Kristine""}"
RePORTER:F31HL167553,grant,Contributions of Astrocyte Kir4.1/5.1 Channels to Disordered Breathing in Rett Syndrome,,"{""fiscal_year"": 2026, ""org"": ""UNIVERSITY OF CONNECTICUT STORRS""}"
PERSON:78496617,person,Monica Strain,,"{""last"": ""Strain"", ""first"": ""Monica""}"
RePORTER:F30HD115371,grant,Epigenetic and Neuronal Mechanisms of MECP2 Reactivation to rescue Rett Syndrome,,"{""fiscal_year"": 2026, ""org"": ""COLUMBIA UNIVERSITY HEALTH SCIENCES""}"
PERSON:16529563,person,Richard Li Cheng Pan,,"{""last"": ""Pan"", ""first"": ""Richard""}"
PMID:42632612,paper,Exploration of the therapeutic potential of the HRH3 histamine receptor in MECP2-related disorders.,,"{""journal"": ""Neuropharmacology"", ""pubdate"": ""2026 Dec 1"", ""authors"": [""Weiss K"", ""Vermudez SAD"", ""Freitas G"", ""Dogra S"", ""Meadows MJ"", ""Gogliotti RG"", ""Niswender CM""]}"
PMID:42287113,paper,Rett syndrome and real-world treatment patterns of trofinetide in the United States.,,"{""journal"": ""J Med Econ"", ""pubdate"": ""2026 Dec"", ""authors"": [""Rashid N"", ""Yakkala VK"", ""Syed SS"", ""Rajagopalan K""]}"
PMID:41605700,paper,Unexpectedly competent immune response to SARS-CoV-2 vaccination in Rett syndrome.,,"{""journal"": ""Hum Vaccin Immunother"", ""pubdate"": ""2026 Dec"", ""authors"": [""Soldateschi L"", ""Leoncini S"", ""Fiorino F"", ""Lucchesi S"", ""Polvere J"", ""Boasiako L"", ""Pastore G"", ""Fazzi C"", ""Altamura M"", ""Scandurra V"", ""Grosso S"", ""Montagnani F"", ""De Felice C"", ""Ciabattini A"", ""Medaglini D""]}"
PMID:42468881,paper,Cytochrome P450-mediated vitamin D and cholesterol metabolism in the pathophysiology of neurodevelopmental disorders.,,"{""journal"": ""J Steroid Biochem Mol Biol"", ""pubdate"": ""2026 Nov"", ""authors"": [""Vellingiri B"", ""Kinoshita M"", ""Elangovan A"", ""Dahiya B"", ""Kumar N"", ""Uvarajan D"", ""Ohara H"", ""Durairajan SSK"", ""Siama Z"", ""Narayanasamy A"", ""Khatri DK"", ""HariKrishnaReddy D"", ""Wander A"", ""Iyer M""]}"
PMID:42431354,paper,"Cellular, electrophysiological and behavioral improvements in a mouse model of Rett syndrome following gene therapy combined with focused ultrasound-mediated blood-brain barrier opening.",,"{""journal"": ""Exp Neurol"", ""pubdate"": ""2026 Nov"", ""authors"": [""Felix MS"", ""Bourcin L"", ""Borloz E"", ""Metwally K"", ""Larrat B"", ""Mensah S"", ""Belaidouni Y"", ""Gaiarsa JL"", ""Novell A"", ""Villard L"", ""Roux JC""]}"
NCT07856329,trial,"A Clinical Study to Assess Safety, Efficacy and Pharmacodynamic Profile of GNT0004 in Duchenne Muscular Dystrophy",,"{""status"": ""RECRUITING"", ""phase"": ""PHASE2,PHASE3"", ""countries"": [""BE"", ""ES"", ""FR"", ""GB""]}"
ORG:Genethon,organization,Genethon,,"{""kind"": ""other""}"
INTERVENTION:GNT0004_1x10e13_vg_kg,intervention,GNT0004 (1x10e13 vg/kg),,"{""kind"": ""genetic""}"
INTERVENTION:GNT0004_3x10e13_vg_kg,intervention,GNT0004 (3x10e13 vg/kg),,"{""kind"": ""genetic""}"
NCT07287189,trial,Phase 2 Study of SAT-3247 in Pediatric Ambulatory Patients,,"{""status"": ""ACTIVE_NOT_RECRUITING"", ""phase"": ""PHASE2"", ""countries"": [""AU"", ""BE"", ""CA"", ""ES"", ""GB"", ""PL"", ""RS"", ""US""]}"
COUNTRY:RS,country,Serbia,,{}
ORG:Satellos_Bioscience_Inc,organization,"Satellos Bioscience, Inc.",,"{""kind"": ""industry""}"
INTERVENTION:SAT_3247,intervention,SAT-3247,,"{""kind"": ""drug""}"
NCT07704099,trial,Safety and Efficacy of KER-065 in Participants With Duchenne Muscular Dystrophy,,"{""status"": ""RECRUITING"", ""phase"": ""PHASE2"", ""countries"": [""NZ""]}"
COUNTRY:NZ,country,New Zealand,,{}
ORG:Keros_Therapeutics_Inc,organization,"Keros Therapeutics, Inc.",,"{""kind"": ""industry""}"
INTERVENTION:KER_065,intervention,KER-065,,"{""kind"": ""drug""}"
NCT07587242,trial,A Phase 3 Study to Evaluate the Safety and Efficacy of AOC 1044 (Also Referred to as Delpacibart Zotadirsen) in Participants With DMD With Gene Mutations Amenable to Exon 44 Skipping,,"{""status"": ""RECRUITING"", ""phase"": ""PHASE3"", ""countries"": [""BE"", ""DE"", ""ES"", ""FR"", ""GB"", ""IT"", ""NL""]}"
ORG:Avidity_Biosciences_Inc,organization,"Avidity Biosciences, Inc.",,"{""kind"": ""industry""}"
INTERVENTION:AOC_1044,intervention,AOC 1044,,"{""kind"": ""drug""}"
NCT07160634,trial,A Study of SGT-003 Gene Therapy in Ambulant Males With Duchenne Muscular Dystrophy (IMPACT DUCHENNE),,"{""status"": ""RECRUITING"", ""phase"": ""PHASE3"", ""countries"": [""AU"", ""CA"", ""US""]}"
ORG:Solid_Biosciences_Inc,organization,Solid Biosciences Inc.,,"{""kind"": ""industry""}"
INTERVENTION:SGT_003,intervention,SGT-003,,"{""kind"": ""drug""}"
RePORTER:R01AR083368,grant,Development and optimization of skeletal muscle delivery vehicles,,"{""fiscal_year"": 2026, ""org"": ""CINCINNATI CHILDRENS HOSP MED CTR""}"
PERSON:10114437,person,Douglas Paul Millay,,"{""last"": ""Millay"", ""first"": ""Douglas""}"
RePORTER:R01HL140067,grant,Metabolic mechanisms of cardioprotection through alpha-1A adrenergic receptor activation,,"{""fiscal_year"": 2026, ""org"": ""UNIV OF NORTH CAROLINA CHAPEL HILL""}"
PERSON:9612494,person,Brian C Jensen,,"{""last"": ""Jensen"", ""first"": ""Brian""}"
RePORTER:R01AI177600,grant,Mechanism of immune response to muscle-directed AAV gene transfer,,"{""fiscal_year"": 2026, ""org"": ""INDIANA UNIVERSITY INDIANAPOLIS""}"
PERSON:8011294,person,Dongsheng Duan,,"{""last"": ""Duan"", ""first"": ""Dongsheng""}"
PERSON:6720719,person,Roland W. Herzog,,"{""last"": ""Herzog"", ""first"": ""Roland""}"
RePORTER:P20GM130459,grant,The role of macrophages in Duchenne Muscular Dystrophy cardiomyopathy,,"{""fiscal_year"": 2026, ""org"": ""UNIVERSITY OF NEVADA RENO""}"
PERSON:15039716,person,Andreia Nunes,,"{""last"": ""Nunes"", ""first"": ""Andreia""}"
RePORTER:R01HD090019,grant,Precision Medicine Policy and Treatment (PreEMPT) Model II,,"{""fiscal_year"": 2026, ""org"": ""HARVARD PILGRIM HEALTH CARE, INC.""}"
PERSON:6262581,person,Kurt Derek Christensen,,"{""last"": ""Christensen"", ""first"": ""Kurt""}"
PMID:42701876,paper,Delayed diagnosis and genetic testing in spinal muscular atrophy: a case series.,,"{""journal"": ""Ann Med"", ""pubdate"": ""2026 Dec"", ""authors"": [""Guo X"", ""Luo Y"", ""Li M"", ""Li C"", ""Chang Z"", ""Zhu S"", ""Wang Q"", ""Huang Y""]}"
PMID:42647968,paper,"Sauchinone-loaded chitosan nanoparticles simultaneously suppress NF-κB-driven inflammation, activate the Nrf2/HO-1 axis, and restore sarcolemmal utrophin in a murine model of Duchenne muscular dystrophy.",,"{""journal"": ""Colloids Surf B Biointerfaces"", ""pubdate"": ""2026 Dec"", ""authors"": [""Shim JH"", ""Lee JY"", ""Han J"", ""Ahn BK""]}"
PMID:42324661,paper,FDA-approved antisense oligonucleotide therapies for duchenne muscular dystrophy: current status and future outlook.,,"{""journal"": ""RNA Biol"", ""pubdate"": ""2026 Dec"", ""authors"": [""Moriyama H"", ""Moriyama S"", ""Yokota T""]}"
PMID:42632343,paper,Predicting gene compensation in disease with graph embedding techniques.,,"{""journal"": ""Artif Intell Med"", ""pubdate"": ""2026 Nov"", ""authors"": [""Garc\u00eda-Criado F"", ""P\u00e9rez-Garc\u00eda J"", ""Rojano E"", ""Seoane-Zonjic P"", ""Ranea JAG""]}"
PMID:42594836,paper,ATP6AP2 dysregulation as a central hub in DMD pathogenesis: An integrated multi-omics and therapeutic study.,,"{""journal"": ""Int Immunopharmacol"", ""pubdate"": ""2026 Nov 1"", ""authors"": [""Zhou L"", ""Zhang Y"", ""Tan X"", ""Tao L"", ""Wu X""]}"
NCT07755904,trial,BHB-1893 Versus Metoprolol for Symptomatic Obstructive Hypertrophic Cardiomyopathy,,"{""status"": ""RECRUITING"", ""phase"": ""PHASE3"", ""countries"": [""US""]}"
ORG:Braveheart_Bio_Inc,organization,"Braveheart Bio, Inc.",,"{""kind"": ""industry""}"
INTERVENTION:BHB_1893,intervention,BHB-1893,,"{""kind"": ""drug""}"
INTERVENTION:Metoprolol,intervention,Metoprolol,,"{""kind"": ""drug""}"
NCT07549490,trial,Human Experimental Models of Pain (HEMP),,"{""status"": ""NOT_YET_RECRUITING"", ""phase"": ""NA"", ""countries"": [""US""]}"
ORG:National_Center_for_Complementary_and_In,organization,National Center for Complementary and Integrative Health (NCCIH),,"{""kind"": ""nih""}"
INTERVENTION:Naproxen,intervention,Naproxen,,"{""kind"": ""drug""}"
INTERVENTION:Pregabalin,intervention,Pregabalin,,"{""kind"": ""drug""}"
NCT07806149,trial,NHLBI SESAME (SEptal Scoring Along Midline Endocardium) Multi-Center Prospective Study Using Improvised Off-Label Devices,,"{""status"": ""NOT_YET_RECRUITING"", ""phase"": ""NA"", ""countries"": [""US""]}"
ORG:National_Heart_Lung_and_Blood_Institute,organization,"National Heart, Lung, and Blood Institute (NHLBI)",,"{""kind"": ""nih""}"
NCT06372457,trial,COLLIGO-HCM: A Multinational Observational Study of the Real-World Effectiveness of Mavacamten Among Patients With Symptomatic Obstructive Hypertrophic Cardiomyopathy (oHCM),,"{""status"": ""ACTIVE_NOT_RECRUITING"", ""phase"": """", ""countries"": [""US""]}"
ORG:Bristol_Myers_Squibb,organization,Bristol-Myers Squibb,,"{""kind"": ""industry""}"
INTERVENTION:Approved_Hypertrophic_Cardiomyopathy_dru,intervention,Approved Hypertrophic Cardiomyopathy drug treatments,,"{""kind"": ""drug""}"
INTERVENTION:Mavacamten,intervention,Mavacamten,,"{""kind"": ""drug""}"
NCT07107373,trial,A Study to Assess the Treatment of Obstructive Hypertrophic Cardiomyopathy (oHCM) With Mavacamten in the US,,"{""status"": ""ACTIVE_NOT_RECRUITING"", ""phase"": """", ""countries"": [""US""]}"
RePORTER:I01BX006428,grant,High-throughput functional characterization of MYH7 variants in genome-edited cardiomyocytes,,"{""fiscal_year"": 2025, ""org"": ""VA PUGET SOUND HEALTHCARE SYSTEM""}"
PERSON:15689308,person,Kai-Chun Daniel Yang,,"{""last"": ""Yang"", ""first"": ""Kai-Chun""}"
ORG:NIH_VA,organization,NIH VA,,"{""kind"": ""funder""}"
RePORTER:R01HL171174,grant,Deep mutational scanning of MYH7 in genome-edited cardiomyocytes,,"{""fiscal_year"": 2026, ""org"": ""UNIVERSITY OF WASHINGTON""}"
RePORTER:R00HL168239,grant,Mechanisms linking the frail sarcomere to noncompaction cardiomyopathy,,"{""fiscal_year"": 2026, ""org"": ""ICAHN SCHOOL OF MEDICINE AT MOUNT SINAI""}"
PERSON:14106350,person,Tanner O Monroe,,"{""last"": ""Monroe"", ""first"": ""Tanner""}"
RePORTER:K99HL177347,grant,High-Throughput Studies of MYH7 Variant Cardiomyocytes to Identify Pathogenic Variants and Factors Governing Variable Expressivity of Hypertrophic Cardiomyopathy,,"{""fiscal_year"": 2026, ""org"": ""UNIVERSITY OF WASHINGTON""}"
PERSON:12617121,person,Clayton E Friedman,,"{""last"": ""Friedman"", ""first"": ""Clayton""}"
PMID:42692018,paper,Epi-Allele elicits compensatory expression of the non-targeted allele and prevents haploinsufficiency in dominant genetic diseases.,,"{""journal"": ""Cell Stem Cell"", ""pubdate"": ""2026 Oct 1"", ""authors"": [""Wang Z"", ""Han C"", ""Huang Y"", ""Fu Y"", ""Hu K"", ""Huang Z"", ""Meng W"", ""Chen Q"", ""Wu L"", ""Wang Q"", ""Zhang J"", ""Luo H"", ""Wang Y"", ""Zuo L"", ""Li Y"", ""Tan Y"", ""Zhou Q"", ""Mao S"", ""Peng W"", ""Meng J"", ""Chen M"", ""Tian Z"", ""Chen S"", ""Hu Z"", ""Zhao L"", ""Shen Y"", ""Chen S"", ""Shen Z"", ""Mo L"", ""Gao J"", ""Li Q"", ""Cai S"", ""Xue J"", ""Song Y"", ""Sun Y"", ""Ge J"", ""Zhou C""]}"
PMID:42779549,paper,Clinical Characteristics and Outcomes of Hypertrophic Cardiomyopathy Associated With Thin Filament Variants: Insights From the SHaRe Registry.,,"{""journal"": ""Circ Genom Precis Med"", ""pubdate"": ""2026 Sep 24"", ""authors"": [""Argir\u00f2 A"", ""Meisner J"", ""Adler E"", ""Bertero E"", ""Maurizi N"", ""Claggett B"", ""Lakdawala NK"", ""Owens A"", ""Ryan TD"", ""Miller EM"", ""Saberi S"", ""Bundgaard H"", ""Axelsson Raja A"", ""Rossano JW"", ""Lin K"", ""Girolami F"", ""Michels M"", ""Zwetsloot PP"", ""Abrams D"", ""Lampert R"", ""Stendahl JC"", ""Ware J"", ""Parikh VN"", ""Ashley E"", ""Ingles J"", ""Gray B"", ""Castillo RL"", ""Tardiff J"", ""Crotti L"", ""Pereira A"", ""Ho CY"", ""Day S"", ""Helms A"", ""Olivotto I""]}"
PMID:42772561,paper,Different Substitutions at the Same β-Myosin Residue Underlie Divergent Molecular Phenotypes and Distinct Cardiomyopathies.,,"{""journal"": ""J Biol Chem"", ""pubdate"": ""2026 Sep 22"", ""authors"": [""Lehman SJ"", ""Meller A"", ""Solieva SO"", ""Lotthammer JM"", ""Greenberg L"", ""Langer SJ"", ""Greenberg MJ"", ""Tardiff JC"", ""Bowman GR"", ""Leinwand L""]}"
PMID:42761940,paper,Hypertrophic Cardiomyopathy is a Disease of Sarcomere Proteins.,,"{""journal"": ""Methodist Debakey Cardiovasc J"", ""pubdate"": ""2026"", ""authors"": [""Marian AJ""]}"
PMID:42746568,paper,Potential Contribution of DES (p.Leu88Met) and MYH7 (p.Arg787His) Variants to Familial Restrictive Cardiomyopathy.,,"{""journal"": ""Cardiol Res Pract"", ""pubdate"": ""2026"", ""authors"": [""Bagherimoghaddam M"", ""Kalayinia S"", ""Fazelifar AF"", ""Jalilian M"", ""Taghavi S"", ""Khajali Z"", ""Maleki M"", ""Amin A"", ""Malakootian M""]}"
NCT04126005,trial,Natural History Study of Patients With Canavan Disease (CANinform Study),,"{""status"": ""COMPLETED"", ""phase"": """", ""countries"": [""DE"", ""US""]}"
ORG:Aspa_Therapeutics,organization,Aspa Therapeutics,,"{""kind"": ""industry""}"
NCT04998396,trial,A Study of AAV9 Gene Therapy in Participants With Canavan Disease (CANaspire Clinical Trial),,"{""status"": ""RECRUITING"", ""phase"": ""PHASE1,PHASE2"", ""countries"": [""US""]}"
INTERVENTION:AAV9_BBP_812,intervention,AAV9 BBP-812,,"{""kind"": ""biological""}"
NCT04833907,trial,rAAV-Olig001-ASPA Gene Therapy for Treatment of Children With Typical Canavan Disease,,"{""status"": ""ENROLLING_BY_INVITATION"", ""phase"": ""PHASE1,PHASE2"", ""countries"": [""US""]}"
ORG:Myrtelle_Inc,organization,Myrtelle Inc.,,"{""kind"": ""industry""}"
INTERVENTION:rAAV_Olig001_ASPA,intervention,rAAV-Olig001-ASPA,,"{""kind"": ""drug""}"
INTERVENTION:Levetiracetam,intervention,Levetiracetam,,"{""kind"": ""drug""}"
NCT02699190,trial,LeukoSEQ: Whole Genome Sequencing as a First-Line Diagnostic Tool for Leukodystrophies,,"{""status"": ""COMPLETED"", ""phase"": """", ""countries"": [""US""]}"
ORG:Children_s_Hospital_of_Philadelphia,organization,Children's Hospital of Philadelphia,,"{""kind"": ""other""}"
RePORTER:R01NS076991,grant,Oligodendrocyte-focused rAAV gene therapy strategies for Canavan disease and Leukodystrophies,,"{""fiscal_year"": 2026, ""org"": ""UNIV OF MASSACHUSETTS MED SCH WORCESTER""}"
PERSON:7179141,person,Guangping Gao,,"{""last"": ""Gao"", ""first"": ""Guangping""}"
RePORTER:R01NS108151,grant,Transport Cycle and Inhibition of Human Na+-dicarboxylate Cotransporter NaDC3,,"{""fiscal_year"": 2026, ""org"": ""NEW YORK UNIVERSITY SCHOOL OF MEDICINE""}"
PERSON:2106055,person,Daneng Wang,,"{""last"": ""WANG"", ""first"": ""DANENG""}"
RePORTER:U54NS115052,grant,Project 4: an observational study in parallel to a gene therapy trial in Canavan,,"{""fiscal_year"": 2025, ""org"": ""CHILDREN'S HOSP OF PHILADELPHIA""}"
PERSON:6579783,person,Florian S Eichler,,"{""last"": ""EICHLER"", ""first"": ""FLORIAN""}"
RePORTER:R61NS136652,grant,Development of NAT8L inhibitors for the Treatment of Canavan Disease,,"{""fiscal_year"": 2025, ""org"": ""JOHNS HOPKINS UNIVERSITY""}"
PERSON:10442611,person,Barbara Stauch Slusher,,"{""last"": ""Slusher"", ""first"": ""Barbara""}"
PERSON:9888956,person,Takashi Tsukamoto,,"{""last"": ""Tsukamoto"", ""first"": ""Takashi""}"
PMID:42330600,paper,Aspartoacylase (ASPA) gene mutations and neuroimaging features in Iranian patients with Canavan disease: a descriptive study.,,"{""journal"": ""Brain Dev"", ""pubdate"": ""2026 Aug"", ""authors"": [""Rahimian E"", ""Tahsini MR"", ""Karimzadeh P"", ""Khalilian S"", ""Fathi M"", ""Miryounesi M"", ""Farahvash MA"", ""Saket S"", ""Fard SG""]}"
PMID:42529236,paper,Diagnostic value of quantitative MR spectroscopy metabolite ratios for Canavan disease.,,"{""journal"": ""Front Radiol"", ""pubdate"": ""2026"", ""authors"": [""Tahsini MR"", ""Wylezinska-Arridge M"", ""Zare M"", ""Saket S"", ""Farahvash MA"", ""Morovvati M"", ""Rahimian E"", ""Bisdas S""]}"
PMID:20301412,paper,Canavan Disease.,,"{""journal"": """", ""pubdate"": ""1993"", ""authors"": [""Adam MP"", ""Bick S"", ""Mirzaa GM"", ""Wallace SE"", ""Amemiya A"", ""Nagy A"", ""Bley AE"", ""Eichler F""]}"
PMID:40954385,paper,A genome-wide association study identifies Asian-specific genetic susceptibility for epigenetic age acceleration.,,"{""journal"": ""Geroscience"", ""pubdate"": ""2026 Jun"", ""authors"": [""Oh K"", ""Yun D"", ""Yang S"", ""Yuk M"", ""Lee C"", ""Kim B"", ""Heo S"", ""Dong Q"", ""Wang Z"", ""Park H"", ""Song N""]}"
PMID:42143119,paper,Prevalence and carrier frequency of Canavan disease in a South Indian community with implications for research and public health.,,"{""journal"": ""Sci Rep"", ""pubdate"": ""2026 May 16"", ""authors"": [""Aaron R"", ""Chapla A"", ""Jayaprabha M"", ""Elangovan J"", ""Chellappa RK"", ""Krishnamurthy A"", ""Raghavan R"", ""Peters M"", ""Thomas M"", ""Danda S""]}"
PMID:10601282,paper,Expression and characterization of wild type and mutant recombinant human sulfamidase. Implications for Sanfilippo (Mucopolysaccharidosis IIIA) syndrome.,,"{""journal"": ""J Biol Chem"", ""pubdate"": ""1999 Dec 24"", ""authors"": [""Perkins KJ"", ""Byers S"", ""Yogalingam G"", ""Weber B"", ""Hopwood JJ""]}"
MECH:lysosomal_enzyme_deficiency,mechanism,Lysosomal enzyme deficiency,,"{""label"": ""Lysosomal enzyme deficiency""}"
MECH:substrate_storage_heparan_sulfate,mechanism,Heparan sulfate storage,,"{""label"": ""Heparan sulfate storage""}"
PMID:12000360,paper,Identification and characterization of mutations underlying Sanfilippo syndrome type A (mucopolysaccharidosis type IIIA).,,"{""journal"": ""Clin Genet"", ""pubdate"": ""2002 Mar"", ""authors"": [""Lee-Chen GJ"", ""Lin SP"", ""Ko MH"", ""Chuang CK"", ""Chen CP"", ""Lee HH"", ""Cheng SC"", ""Shen CH"", ""Tseng KL"", ""Li CL""]}"
PMID:25439061,paper,From hypertransaminasemia to mucopolysaccharidosis IIIA.,,"{""journal"": ""Ital J Pediatr"", ""pubdate"": ""2014 Dec 2"", ""authors"": [""Krawiec P"", ""Pac-Ko\u017cuchowska E"", ""Me\u0142ges B"", ""Mroczkowska-Juchkiewicz A"", ""Skomra S"", ""Paw\u0142owska-Kamieniak A"", ""Kominek K""]}"
PMID:16032141,paper,Mucopolysaccharidosis IIIA (Sanfilippo syndrome) in a New Zealand Huntaway dog with ataxia.,,"{""journal"": ""N Z Vet J"", ""pubdate"": ""2000 Oct"", ""authors"": [""Jolly RD"", ""Allan FJ"", ""Collett MG"", ""Rozaklis T"", ""Muller VJ"", ""Hopwood JJ""]}"
PMID:17846229,paper,Pathology of mucopolysaccharidosis IIIA in Huntaway dogs.,,"{""journal"": ""Vet Pathol"", ""pubdate"": ""2007 Sep"", ""authors"": [""Jolly RD"", ""Johnstone AC"", ""Norman EJ"", ""Hopwood JJ"", ""Walkley SU""]}"
MECH:substrate_storage_glycogen,mechanism,Glycogen storage,,"{""label"": ""Glycogen storage""}"
PMID:31385193,paper,Bioinformatics classification of mutations in patients with Mucopolysaccharidosis IIIA.,,"{""journal"": ""Metab Brain Dis"", ""pubdate"": ""2019 Dec"", ""authors"": [""Tanwar H"", ""Kumar DT"", ""Doss CGP"", ""Zayed H""]}"
PMID:24816101,paper,Structure of sulfamidase provides insight into the molecular pathology of mucopolysaccharidosis IIIA.,,"{""journal"": ""Acta Crystallogr D Biol Crystallogr"", ""pubdate"": ""2014 May"", ""authors"": [""Sidhu NS"", ""Schreiber K"", ""Pr\u00f6pper K"", ""Becker S"", ""Us\u00f3n I"", ""Sheldrick GM"", ""G\u00e4rtner J"", ""Kr\u00e4tzner R"", ""Steinfeld R""]}"
PMID:23863627,paper,Whole body correction of mucopolysaccharidosis IIIA by intracerebrospinal fluid gene therapy.,,"{""journal"": ""J Clin Invest"", ""pubdate"": ""2013 Aug 1"", ""authors"": [""Haurigot V"", ""Marc\u00f3 S"", ""Ribera A"", ""Garcia M"", ""Ruzo A"", ""Villacampa P"", ""Ayuso E"", ""A\u00f1or S"", ""Andaluz A"", ""Pineda M"", ""Garc\u00eda-Fructuoso G"", ""Molas M"", ""Maggioni L"", ""Mu\u00f1oz S"", ""Motas S"", ""Ruberte J"", ""Mingozzi F"", ""Pumarola M"", ""Bosch F""]}"
INTERVENTION:intra_CSF_AAV9_gene_therapy,intervention,intra-CSF AAV9 gene therapy,,"{""kind"": ""genetic""}"
PMID:32057196,paper,Haematopoietic stem cell gene therapy with IL-1Ra rescues cognitive loss in mucopolysaccharidosis IIIA.,,"{""journal"": ""EMBO Mol Med"", ""pubdate"": ""2020 Mar 6"", ""authors"": [""Parker H"", ""Ellison SM"", ""Holley RJ"", ""O'Leary C"", ""Liao A"", ""Asadi J"", ""Glover E"", ""Ghosh A"", ""Jones S"", ""Wilkinson FL"", ""Brough D"", ""Pinteaux E"", ""Boutin H"", ""Bigger BW""]}"
MECH:neuroinflammation,mechanism,Neuroinflammation,,"{""label"": ""Neuroinflammation""}"
INTERVENTION:haematopoietic_stem_cell_gene_therapy_wi,intervention,haematopoietic stem cell gene therapy with IL-1Ra,,"{""kind"": ""genetic""}"
INTERVENTION:IL_1_receptor_type_1_knockout,intervention,IL-1 receptor type 1 knockout,,"{""kind"": ""genetic""}"
PMID:31788497,paper,Enhancing the Therapeutic Potential of Sulfamidase for the Treatment of Mucopolysaccharidosis IIIA.,,"{""journal"": ""Mol Ther Methods Clin Dev"", ""pubdate"": ""2019 Dec 13"", ""authors"": [""Sorrentino NC"", ""Cacace V"", ""De Risi M"", ""Maffia V"", ""Strollo S"", ""Tedesco N"", ""Nusco E"", ""Romagnoli N"", ""Ventrella D"", ""Huang Y"", ""Liu N"", ""Kalled SL"", ""Choi VW"", ""De Leonibus E"", ""Fraldi A""]}"
INTERVENTION:AAV9_mediated_sulfamidase_gene_therapy,intervention,AAV9-mediated sulfamidase gene therapy,,"{""kind"": ""genetic""}"
PMID:32111039,paper,Proteomic Analysis of Mucopolysaccharidosis IIIB Mouse Brain.,,"{""journal"": ""Biomolecules"", ""pubdate"": ""2020 Feb 26"", ""authors"": [""De Pasquale V"", ""Costanzo M"", ""Siciliano RA"", ""Mazzeo MF"", ""Pistorio V"", ""Bianchi L"", ""Marchese E"", ""Ruoppolo M"", ""Pavone LM"", ""Caterino M""]}"
MECH:synaptic_dysfunction,mechanism,Synaptic dysfunction,,"{""label"": ""Synaptic dysfunction""}"
MECH:neuronal_loss,mechanism,Neuronal loss / neurodegeneration,,"{""label"": ""Neuronal loss / neurodegeneration""}"
PMID:18443291,paper,Structural and mechanistic insight into the basis of mucopolysaccharidosis IIIB.,,"{""journal"": ""Proc Natl Acad Sci U S A"", ""pubdate"": ""2008 May 6"", ""authors"": [""Ficko-Blean E"", ""Stubbs KA"", ""Nemirovsky O"", ""Vocadlo DJ"", ""Boraston AB""]}"
INTERVENTION:chemical_chaperones,intervention,chemical chaperones,,"{""kind"": ""drug""}"
PMID:22096577,paper,Defects in the medial entorhinal cortex and dentate gyrus in the mouse model of Sanfilippo syndrome type B.,,"{""journal"": ""PLoS One"", ""pubdate"": ""2011"", ""authors"": [""Ohmi K"", ""Zhao HZ"", ""Neufeld EF""]}"
INTERVENTION:LiCl,intervention,LiCl,,"{""kind"": ""drug""}"
PMID:24723233,paper,Pathological and biochemical studies of mucopolysaccharidosis type IIIB (Sanfilippo syndrome type B) in juvenile emus (Dromaius novaehollandiae).,,"{""journal"": ""Vet Pathol"", ""pubdate"": ""2015 Jan"", ""authors"": [""Palmieri C"", ""Giger U"", ""Wang P"", ""Pizarro M"", ""Shivaprasad HL""]}"
PMID:37762291,paper,Femoral Structure and Biomechanical Characteristics in Sanfilippo Syndrome Type-B Mice.,,"{""journal"": ""Int J Mol Sci"", ""pubdate"": ""2023 Sep 12"", ""authors"": [""Ashby FJ"", ""Castillo EJ"", ""Ludwig Y"", ""Andraka NK"", ""Chen C"", ""Jamieson JC"", ""Kabbej N"", ""Sommerville JD"", ""Aguirre JI"", ""Heldermon CD""]}"
INTERVENTION:SBC_103,intervention,SBC-103,,"{""kind"": ""biological""}"
INTERVENTION:AX250,intervention,AX250,,"{""kind"": ""biological""}"
PMID:16151907,paper,Molecular defects in Sanfilippo syndrome type B (mucopolysaccharidosis IIIB).,,"{""journal"": ""J Inherit Metab Dis"", ""pubdate"": ""2005"", ""authors"": [""Beesley CE"", ""Jackson M"", ""Young EP"", ""Vellodi A"", ""Winchester BG""]}"
PMID:28911234,paper,Mucopolysaccharidosis IIIB (Sanfilippo syndrome B) in a commercial emu (Dromaius novaehollandiae) flock.,,"{""journal"": ""Avian Pathol"", ""pubdate"": ""2018 Feb"", ""authors"": [""Genger SC"", ""Mizukami K"", ""Martin MP"", ""Applegate JR Jr"", ""Barnes HJ"", ""Giger U""]}"
PMID:21408219,paper,Blood-brain barrier impairment in an animal model of MPS III B.,,"{""journal"": ""PLoS One"", ""pubdate"": ""2011 Mar 7"", ""authors"": [""Garbuzova-Davis S"", ""Louis MK"", ""Haller EM"", ""Derasari HM"", ""Rawls AE"", ""Sanberg PR""]}"
PMID:3938624,paper,Neuropathological study and chemico-pathological correlation in sibling cases of Sanfilippo syndrome type B.,,"{""journal"": ""Brain Dev"", ""pubdate"": ""1985"", ""authors"": [""Tamagawa K"", ""Morimatsu Y"", ""Fujisawa K"", ""Hara A"", ""Taketomi T""]}"
MECH:demyelination,mechanism,Demyelination,,"{""label"": ""Demyelination""}"
PMID:20179679,paper,"Therapeutic efficacy of bone marrow transplant, intracranial AAV-mediated gene therapy, or both in the mouse model of MPS IIIB.",,"{""journal"": ""Mol Ther"", ""pubdate"": ""2010 May"", ""authors"": [""Heldermon CD"", ""Ohlemiller KK"", ""Herzog ED"", ""Vogler C"", ""Qin E"", ""Wozniak DF"", ""Tan Y"", ""Orrock JL"", ""Sands MS""]}"
PMID:17033958,paper,Mutations in TMEM76* cause mucopolysaccharidosis IIIC (Sanfilippo C syndrome).,,"{""journal"": ""Am J Hum Genet"", ""pubdate"": ""2006 Nov"", ""authors"": [""Hreb\u00edcek M"", ""Mr\u00e1zov\u00e1 L"", ""Seyrantepe V"", ""Durand S"", ""Roslin NM"", ""Noskov\u00e1 L"", ""Hartmannov\u00e1 H"", ""Iv\u00e1nek R"", ""C\u00edzkova A"", ""Poupetov\u00e1 H"", ""Sikora J"", ""Urinovsk\u00e1 J"", ""Straneck\u00fd V"", ""Zeman J"", ""Lepage P"", ""Roquis D"", ""Verner A"", ""Ausseil J"", ""Beesley CE"", ""Maire I"", ""Poorthuis BJ"", ""van de Kamp J"", ""van Diggelen OP"", ""Wevers RA"", ""Hudson TJ"", ""Fujiwara TM"", ""Majewski J"", ""Morgan K"", ""Kmoch S"", ""Pshezhetsky AV""]}"
PMID:35704026,paper,Glucosamine amends CNS pathology in mucopolysaccharidosis IIIC mouse expressing misfolded HGSNAT.,,"{""journal"": ""J Exp Med"", ""pubdate"": ""2022 Aug 1"", ""authors"": [""Pan X"", ""Taherzadeh M"", ""Bose P"", ""Heon-Roberts R"", ""Nguyen ALA"", ""Xu T"", ""Par\u00e1 C"", ""Yamanaka Y"", ""Priestman DA"", ""Platt FM"", ""Khan S"", ""Fnu N"", ""Tomatsu S"", ""Morales CR"", ""Pshezhetsky AV""]}"
MECH:er_stress_misfolding,mechanism,Protein misfolding / ER stress,,"{""label"": ""Protein misfolding / ER stress""}"
MECH:substrate_storage_glycosphingolipid,mechanism,Glycosphingolipid storage,,"{""label"": ""Glycosphingolipid storage""}"
INTERVENTION:glucosamine,intervention,glucosamine,,"{""kind"": ""drug""}"
PMID:19479962,paper,Sanfilippo syndrome type C: mutation spectrum in the heparan sulfate acetyl-CoA: alpha-glucosaminide N-acetyltransferase (HGSNAT) gene.,,"{""journal"": ""Hum Mutat"", ""pubdate"": ""2009 Jun"", ""authors"": [""Feldhammer M"", ""Durand S"", ""Mr\u00e1zov\u00e1 L"", ""Boucher RM"", ""Laframboise R"", ""Steinfeld R"", ""Wraith JE"", ""Michelakakis H"", ""van Diggelen OP"", ""Hreb\u00edcek M"", ""Kmoch S"", ""Pshezhetsky AV""]}"
PMID:15591281,paper,Localisation of a gene for mucopolysaccharidosis IIIC to the pericentromeric region of chromosome 8.,,"{""journal"": ""J Med Genet"", ""pubdate"": ""2004 Dec"", ""authors"": [""Ausseil J"", ""Loredo-Osti JC"", ""Verner A"", ""Darmond-Zwaig C"", ""Maire I"", ""Poorthuis B"", ""van Diggelen OP"", ""Hudson TJ"", ""Fujiwara TM"", ""Morgan K"", ""Pshezhetsky AV""]}"
PMID:20583299,paper,Functional analysis of the HGSNAT gene in patients with mucopolysaccharidosis IIIC (Sanfilippo C Syndrome).,,"{""journal"": ""Hum Mutat"", ""pubdate"": ""2010 Jul"", ""authors"": [""Fedele AO"", ""Hopwood JJ""]}"
MECH:lysosomal_membrane_protein_defect,mechanism,Lysosomal membrane protein defect,,"{""label"": ""Lysosomal membrane protein defect""}"
PMID:18024218,paper,Clinical and genetic spectrum of Sanfilippo type C (MPS IIIC) disease in The Netherlands.,,"{""journal"": ""Mol Genet Metab"", ""pubdate"": ""2008 Feb"", ""authors"": [""Ruijter GJ"", ""Valstar MJ"", ""van de Kamp JM"", ""van der Helm RM"", ""Durand S"", ""van Diggelen OP"", ""Wevers RA"", ""Poorthuis BJ"", ""Pshezhetsky AV"", ""Wijburg FA""]}"
PMID:23301227,paper,The first Korean case of mucopolysaccharidosis IIIC (Sanfilippo syndrome type C) confirmed by biochemical and molecular investigation.,,"{""journal"": ""Ann Lab Med"", ""pubdate"": ""2013 Jan"", ""authors"": [""Huh HJ"", ""Seo JY"", ""Cho SY"", ""Ki CS"", ""Lee SY"", ""Kim JW"", ""Park HD"", ""Jin DK""]}"
PMID:16960811,paper,Identification of the gene encoding the enzyme deficient in mucopolysaccharidosis IIIC (Sanfilippo disease type C).,,"{""journal"": ""Am J Hum Genet"", ""pubdate"": ""2006 Oct"", ""authors"": [""Fan X"", ""Zhang H"", ""Zhang S"", ""Bagshaw RD"", ""Tropak MB"", ""Callahan JW"", ""Mahuran DJ""]}"
PMID:6794963,paper,Sanfilippo syndrome type C: assay for acetyl-CoA: alpha-glucosaminide N-acetyltransferase in leukocytes for detection of homozygous and heterozygous individuals.,,"{""journal"": ""Clin Genet"", ""pubdate"": ""1981 Jul"", ""authors"": [""Klein U"", ""van de Kamp JJ"", ""von Figura K"", ""Pohlmann R""]}"
PMID:38613342,paper,Identification and characterization of novel genetic variants in the first Chinese family of mucopolysaccharidosis IIIC (Sanfilippo C syndrome).,,"{""journal"": ""J Cell Mol Med"", ""pubdate"": ""2024 Apr"", ""authors"": [""Zhao H"", ""Wang L"", ""Zhang M"", ""Wang H"", ""Zhang S"", ""Wu J"", ""Tang Y""]}"
PMID:11243730,paper,Metabolic studies of glycosphingolipid accumulation in mucopolysaccharidosis IIID.,,"{""journal"": ""Mol Genet Metab"", ""pubdate"": ""2001 Mar"", ""authors"": [""Liour SS"", ""Jones MZ"", ""Suzuki M"", ""Bieberich E"", ""Yu RK""]}"
INTERVENTION:recombinant_human_α_N_acetylglucosamine,intervention,recombinant human α-N-acetylglucosamine-6-sulfatase,,"{""kind"": ""biological""}"
PMID:9039471,paper,The ultrastructure of skin from a patient with mucopolysaccharidosis IIID.,,"{""journal"": ""Acta Neuropathol"", ""pubdate"": ""1997 Feb"", ""authors"": [""Alroy J"", ""Jones MZ"", ""Rutledge JC"", ""Taylor JW"", ""Toone J"", ""Applegarth D"", ""Hopwood JJ""]}"
PMID:1434515,paper,N-acetylglucosamine 6-sulphatase deficiency in a Nubian goat: a model of Sanfilippo syndrome type D (mucopolysaccharidosis IIID).,,"{""journal"": ""J Inherit Metab Dis"", ""pubdate"": ""1992"", ""authors"": [""Thompson JN"", ""Jones MZ"", ""Dawson G"", ""Huffman PS""]}"
PMID:11303788,paper,Caprine mucopolysaccharidosis IIID: a preliminary trial of enzyme replacement therapy.,,"{""journal"": ""J Mol Neurosci"", ""pubdate"": ""2000 Dec"", ""authors"": [""Downs-Kelly E"", ""Jones MZ"", ""Alroy J"", ""Cavanagh KT"", ""King B"", ""Lucas RE"", ""Baker JC"", ""Kraemer SA"", ""Hopwood JJ""]}"
INTERVENTION:enzyme_replacement_therapy,intervention,enzyme replacement therapy,,"{""kind"": ""biological""}"
PMID:9329460,paper,"Human mucopolysaccharidosis IIID: clinical, biochemical, morphological and immunohistochemical characteristics.",,"{""journal"": ""J Neuropathol Exp Neurol"", ""pubdate"": ""1997 Oct"", ""authors"": [""Jones MZ"", ""Alroy J"", ""Rutledge JC"", ""Taylor JW"", ""Alvord EC Jr"", ""Toone J"", ""Applegarth D"", ""Hopwood JJ"", ""Skutelsky E"", ""Ianelli C"", ""Thorley-Lawson D"", ""Mitchell-Herpolsheimer C"", ""Arias A"", ""Sharp P"", ""Evans W"", ""Sillence D"", ""Cavanagh KT""]}"
PMID:16990043,paper,Identification and characterisation of an 8.7 kb deletion and a novel nonsense mutation in two Italian families with Sanfilippo syndrome type D (mucopolysaccharidosis IIID).,,"{""journal"": ""Mol Genet Metab"", ""pubdate"": ""2007 Jan"", ""authors"": [""Beesley CE"", ""Concolino D"", ""Filocamo M"", ""Winchester BG"", ""Strisciuglio P""]}"
PMID:17998446,paper,Sanfilippo syndrome type D: natural history and identification of 3 novel mutations in the GNS Gene.,,"{""journal"": ""Arch Neurol"", ""pubdate"": ""2007 Nov"", ""authors"": [""Jansen AC"", ""Cao H"", ""Kaplan P"", ""Silver K"", ""Leonard G"", ""De Meirleir L"", ""Lissens W"", ""Liebaers I"", ""Veilleux M"", ""Andermann F"", ""Hegele RA"", ""Andermann E""]}"
PMID:15456941,paper,Caprine mucopolysaccharidosis IIID: fetal and neonatal brain and liver glycosaminoglycan and morphological perturbations.,,"{""journal"": ""J Mol Neurosci"", ""pubdate"": ""2004"", ""authors"": [""Jones MZ"", ""Alroy J"", ""Downs-Kelly E"", ""Lucas RE"", ""Kraemer SA"", ""Cavanagh KT"", ""King B"", ""Hopwood JJ""]}"
PMID:32188113,paper,Mucopolysaccharidosis Type I.,,"{""journal"": ""Diagnostics (Basel)"", ""pubdate"": ""2020 Mar 16"", ""authors"": [""Kubaski F"", ""de Oliveira Poswar F"", ""Michelin-Tirelli K"", ""Matte UDS"", ""Horovitz DD"", ""Barth AL"", ""Baldo G"", ""Vairo F"", ""Giugliani R""]}"
MECH:substrate_storage_dermatan_sulfate,mechanism,Dermatan sulfate storage,,"{""label"": ""Dermatan sulfate storage""}"
INTERVENTION:hematopoietic_stem_cell_transplantation,intervention,hematopoietic stem cell transplantation,,"{""kind"": ""biological""}"
INTERVENTION:Intravenous_enzyme_replacement,intervention,Intravenous enzyme replacement,,"{""kind"": ""biological""}"
INTERVENTION:Intrathecal_enzyme_replacement_therapy,intervention,Intrathecal enzyme replacement therapy,,"{""kind"": ""biological""}"
PMID:30335294,paper,Hurler Syndrome.,,"{""journal"": """", ""pubdate"": ""2023 Jan"", ""authors"": [""Sakuru R"", ""Bollu PC""]}"
PMID:20301341,paper,Mucopolysaccharidosis Type I.,,"{""journal"": """", ""pubdate"": ""1993"", ""authors"": [""Adam MP"", ""Bick S"", ""Mirzaa GM"", ""Wallace SE"", ""Amemiya A"", ""Clarke LA""]}"
INTERVENTION:laronidase,intervention,laronidase,,"{""kind"": ""biological""}"
PMID:38691622,paper,Early skeletal outcomes after hematopoietic stem and progenitor cell gene therapy for Hurler syndrome.,,"{""journal"": ""Sci Transl Med"", ""pubdate"": ""2024 May"", ""authors"": [""Consiglieri G"", ""Tucci F"", ""De Pellegrin M"", ""Guerrini B"", ""Cattoni A"", ""Risca G"", ""Scarparo S"", ""Sarzana M"", ""Pontesilli S"", ""Mellone R"", ""Gasperini S"", ""Galimberti S"", ""Silvani P"", ""Filisetti C"", ""Darin S"", ""Forni G"", ""Miglietta S"", ""Santi L"", ""Facchini M"", ""Corti A"", ""Fumagalli F"", ""Cicalese MP"", ""Calbi V"", ""Migliavacca M"", ""Barzaghi F"", ""Ferrua F"", ""Gallo V"", ""Recupero S"", ""Canarutto D"", ""Doglio M"", ""Tedesco L"", ""Volpi N"", ""Rovelli A"", ""la Marca G"", ""Valsecchi MG"", ""Zancan S"", ""Ciceri F"", ""Naldini L"", ""Baldoli C"", ""Parini R"", ""Gentner B"", ""Aiuti A"", ""Bernardo ME""]}"
INTERVENTION:lentiviral_based_hematopoietic_stem_prog,intervention,lentiviral-based hematopoietic stem progenitor cell-gene therapy,,"{""kind"": ""genetic""}"
INTERVENTION:allogeneic_hematopoietic_stem_cell_trans,intervention,allogeneic hematopoietic stem cell transplantation,,"{""kind"": ""biological""}"
PMID:34788506,paper,Hematopoietic Stem- and Progenitor-Cell Gene Therapy for Hurler Syndrome.,,"{""journal"": ""N Engl J Med"", ""pubdate"": ""2021 Nov 18"", ""authors"": [""Gentner B"", ""Tucci F"", ""Galimberti S"", ""Fumagalli F"", ""De Pellegrin M"", ""Silvani P"", ""Camesasca C"", ""Pontesilli S"", ""Darin S"", ""Ciotti F"", ""Sarzana M"", ""Consiglieri G"", ""Filisetti C"", ""Forni G"", ""Passerini L"", ""Tomasoni D"", ""Cesana D"", ""Calabria A"", ""Spinozzi G"", ""Cicalese MP"", ""Calbi V"", ""Migliavacca M"", ""Barzaghi F"", ""Ferrua F"", ""Gallo V"", ""Miglietta S"", ""Zonari E"", ""Cheruku PS"", ""Forni C"", ""Facchini M"", ""Corti A"", ""Gabaldo M"", ""Zancan S"", ""Gasperini S"", ""Rovelli A"", ""Boelens JJ"", ""Jones SA"", ""Wynn R"", ""Baldoli C"", ""Montini E"", ""Gregori S"", ""Ciceri F"", ""Valsecchi MG"", ""la Marca G"", ""Parini R"", ""Naldini L"", ""Aiuti A"", ""Bernardo ME"", ""MPSI Study Group""]}"
INTERVENTION:IDUA_gene_therapy,intervention,IDUA gene therapy,,"{""kind"": ""genetic""}"
PMID:33572941,paper,"Mucopolysaccharidosis Type I: Current Treatments, Limitations, and Prospects for Improvement.",,"{""journal"": ""Biomolecules"", ""pubdate"": ""2021 Jan 29"", ""authors"": [""Hampe CS"", ""Wesley J"", ""Lund TC"", ""Orchard PJ"", ""Polgreen LE"", ""Eisengart JB"", ""McLoon LK"", ""Cureoglu S"", ""Schachern P"", ""McIvor RS""]}"
PMID:32764324,paper,Mucopolysaccharidosis Type I: A Review of the Natural History and Molecular Pathology.,,"{""journal"": ""Cells"", ""pubdate"": ""2020 Aug 5"", ""authors"": [""Hampe CS"", ""Eisengart JB"", ""Lund TC"", ""Orchard PJ"", ""Swietlicka M"", ""Wesley J"", ""McIvor RS""]}"
PMID:38222696,paper,Mucopolysaccharidosis type I Hurler-Scheie syndrome: a case report.,,"{""journal"": ""Ann Med Surg (Lond)"", ""pubdate"": ""2024 Jan"", ""authors"": [""Lamichhane S"", ""Sapkota A"", ""Sapkota S"", ""Adhikari N"", ""Aryal S"", ""Adhikari P""]}"
PMID:11405343,paper,Enzyme replacement therapy in mucopolysaccharidosis type I: progress and emerging difficulties.,,"{""journal"": ""J Inherit Metab Dis"", ""pubdate"": ""2001 Apr"", ""authors"": [""Wraith JE""]}"
MECH:cardiomyopathy_storage,mechanism,Cardiac involvement / cardiomyopathy,,"{""label"": ""Cardiac involvement / cardiomyopathy""}"
PMID:22918113,paper,Inner ear changes in mucopolysaccharidosis type I/Hurler syndrome.,,"{""journal"": ""Otol Neurotol"", ""pubdate"": ""2012 Oct"", ""authors"": [""Kariya S"", ""Schachern PA"", ""Nishizaki K"", ""Paparella MM"", ""Cureoglu S""]}"
PMID:39617925,paper,Molecular basis of mucopolysaccharidosis type II (Hunter syndrome): first review and classification of published IDS gene variants.,,"{""journal"": ""Hum Genomics"", ""pubdate"": ""2024 Dec 2"", ""authors"": [""Zanetti A"", ""D'Avanzo F"", ""Tomanin R""]}"
PMID:31877959,paper,Identification and Functional Characterization of IDS Gene Mutations Underlying Taiwanese Hunter Syndrome (Mucopolysaccharidosis Type II).,,"{""journal"": ""Int J Mol Sci"", ""pubdate"": ""2019 Dec 23"", ""authors"": [""Lin HY"", ""Tu RY"", ""Chern SR"", ""Lo YT"", ""Fran S"", ""Wei FJ"", ""Huang SF"", ""Tsai SY"", ""Chang YH"", ""Lee CL"", ""Lin SP"", ""Chuang CK""]}"
PMID:25345092,paper,"Mucopolysaccharidosis type II, Hunter's syndrome.",,"{""journal"": ""Pediatr Endocrinol Rev"", ""pubdate"": ""2014 Sep"", ""authors"": [""Tylki-Szyma\u0144ska A""]}"
INTERVENTION:Haematopoietic_stem_cell_therapy,intervention,Haematopoietic stem cell therapy,,"{""kind"": ""biological""}"
INTERVENTION:gene_therapy,intervention,gene therapy,,"{""kind"": ""genetic""}"
INTERVENTION:substrate_reduction_therapy,intervention,substrate reduction therapy,,"{""kind"": ""drug""}"
PMID:32809664,paper,Mucopolysaccharidosis Type II.,,"{""journal"": """", ""pubdate"": ""2023 Jan"", ""authors"": [""Hashmi MS"", ""Gupta V""]}"
PMID:33476780,paper,Bow Hunter's Syndrome.,,"{""journal"": ""World Neurosurg"", ""pubdate"": ""2021 Apr"", ""authors"": [""Judy BF"", ""Theodore N""]}"
PMID:21235446,paper,Mucopolysaccharidosis Type II (Hunter Syndrome): clinical picture and treatment.,,"{""journal"": ""Curr Pharm Biotechnol"", ""pubdate"": ""2011 Jun"", ""authors"": [""Beck M""]}"
PMID:20301451,paper,Mucopolysaccharidosis Type II.,,"{""journal"": """", ""pubdate"": ""1993"", ""authors"": [""Adam MP"", ""Bick S"", ""Mirzaa GM"", ""Wallace SE"", ""Amemiya A"", ""Scarpa M"", ""Lampe C""]}"
INTERVENTION:tividenofusp_alfa_eknm,intervention,tividenofusp alfa-eknm,,"{""kind"": ""biological""}"
PMID:37371763,paper,Diagnosis and Management of Mucopolysaccharidosis Type II (Hunter Syndrome) in Poland.,,"{""journal"": ""Biomedicines"", ""pubdate"": ""2023 Jun 8"", ""authors"": [""\u017buber Z"", ""Kie\u0107-Wilk B"", ""Ka\u0142u\u017cny \u0141"", ""Wierzba J"", ""Tylki-Szyma\u0144ska A""]}"
PMID:28640238,paper,Treatment of mucopolysaccharidosis type II (Hunter syndrome): results from a systematic evidence review.,,"{""journal"": ""Genet Med"", ""pubdate"": ""2017 Nov"", ""authors"": [""Bradley LA"", ""Haddow HRM"", ""Palomaki GE""]}"
PMID:24399699,paper,Enzyme replacement therapy with idursulfase for mucopolysaccharidosis type II (Hunter syndrome).,,"{""journal"": ""Cochrane Database Syst Rev"", ""pubdate"": ""2014 Jan 8"", ""authors"": [""da Silva EM"", ""Strufaldi MW"", ""Andriolo RB"", ""Silva LA""]}"
PMID:32745073,paper,"Pompe disease: pathogenesis, molecular genetics and diagnosis.",,"{""journal"": ""Aging (Albany NY)"", ""pubdate"": ""2020 Aug 3"", ""authors"": [""Taverna S"", ""Cammarata G"", ""Colomba P"", ""Sciarrino S"", ""Zizzo C"", ""Francofonte D"", ""Zora M"", ""Scalia S"", ""Brando C"", ""Curto AL"", ""Marsana EM"", ""Olivieri R"", ""Vitale S"", ""Duro G""]}"
PMID:37759679,paper,A Comprehensive Update on Late-Onset Pompe Disease.,,"{""journal"": ""Biomolecules"", ""pubdate"": ""2023 Aug 22"", ""authors"": [""Labella B"", ""Cotti Piccinelli S"", ""Risi B"", ""Caria F"", ""Damioli S"", ""Bertella E"", ""Poli L"", ""Padovani A"", ""Filosto M""]}"
PMID:30117059,paper,Pompe Disease: From Basic Science to Therapy.,,"{""journal"": ""Neurotherapeutics"", ""pubdate"": ""2018 Oct"", ""authors"": [""Kohler L"", ""Puertollano R"", ""Raben N""]}"
MECH:lysosomal_dysfunction,mechanism,General lysosomal dysfunction,,"{""label"": ""General lysosomal dysfunction""}"
MECH:autophagy_defect,mechanism,Autophagy / lysosomal clearance defect,,"{""label"": ""Autophagy / lysosomal clearance defect""}"
PMID:31342611,paper,"GAA variants and phenotypes among 1,079 patients with Pompe disease: Data from the Pompe Registry.",,"{""journal"": ""Hum Mutat"", ""pubdate"": ""2019 Nov"", ""authors"": [""Reuser AJJ"", ""van der Ploeg AT"", ""Chien YH"", ""Llerena J Jr"", ""Abbott MA"", ""Clemens PR"", ""Kimonis VE"", ""Leslie N"", ""Maruti SS"", ""Sanson BJ"", ""Araujo R"", ""Periquet M"", ""Toscano A"", ""Kishnani PS"", ""On Behalf Of The Pompe Registry Sites""]}"
PMID:32962155,paper,Pompe Disease: New Developments in an Old Lysosomal Storage Disorder.,,"{""journal"": ""Biomolecules"", ""pubdate"": ""2020 Sep 18"", ""authors"": [""Meena NK"", ""Raben N""]}"
PMID:40237692,paper,Improving the treatment of Pompe disease with enzyme replacement therapy: current strategies and clinical evidence.,,"{""journal"": ""Expert Opin Pharmacother"", ""pubdate"": ""2025 May"", ""authors"": [""Corsini A""]}"
INTERVENTION:alglucosidase_alfa,intervention,alglucosidase alfa,,"{""kind"": ""biological""}"
PMID:17217857,paper,Acid alpha-glucosidase deficiency (Pompe disease).,,"{""journal"": ""Curr Neurol Neurosci Rep"", ""pubdate"": ""2007 Jan"", ""authors"": [""Fukuda T"", ""Roberts A"", ""Plotz PH"", ""Raben N""]}"
PMID:36310651,paper,Newborn screening for Pompe disease in Italy: Long-term results and future challenges.,,"{""journal"": ""Mol Genet Metab Rep"", ""pubdate"": ""2022 Dec"", ""authors"": [""Gragnaniello V"", ""Pijnappel PWWM"", ""Burlina AP"", ""In 't Groen SLM"", ""Gueraldi D"", ""Cazzorla C"", ""Maines E"", ""Polo G"", ""Salviati L"", ""Di Salvo G"", ""Burlina AB""]}"
INTERVENTION:Enzymatic_replacement_therapy,intervention,Enzymatic replacement therapy,,"{""kind"": ""biological""}"
PMID:39295144,paper,Preclinical lentiviral hematopoietic stem cell gene therapy corrects Pompe disease-related muscle and neurological manifestations.,,"{""journal"": ""Mol Ther"", ""pubdate"": ""2024 Nov 6"", ""authors"": [""Yoon JK"", ""Schindler JW"", ""Loperfido M"", ""Baricordi C"", ""DeAndrade MP"", ""Jacobs ME"", ""Treleaven C"", ""Plasschaert RN"", ""Yan A"", ""Barese CN"", ""Dogan Y"", ""Chen VP"", ""Fiorini C"", ""Hull F"", ""Barbarossa L"", ""Unnisa Z"", ""Ivanov D"", ""Kutner RH"", ""Guda S"", ""Oborski C"", ""Maiwald T"", ""Michaud V"", ""Rothe M"", ""Schambach A"", ""Pfeifer R"", ""Mason C"", ""Biasco L"", ""van Til NP""]}"
INTERVENTION:lentiviral_HSPC_gene_therapy,intervention,lentiviral HSPC gene therapy,,"{""kind"": ""genetic""}"
PMID:40183436,paper,Management of Pompe disease alongside and beyond ERT: a narrative review.,,"{""journal"": ""Acta Myol"", ""pubdate"": ""2025 Mar"", ""authors"": [""Risi B"", ""Caria F"", ""Bertella E"", ""Giovanelli G"", ""Gatti S"", ""Poli L"", ""Gazzina S"", ""Leggio U"", ""Bozzoni V"", ""Volonghi I"", ""Allali NA"", ""Ottelli E"", ""Ferrari E"", ""Marrello A"", ""Ricci G"", ""Siciliano G"", ""Padovani A"", ""Filosto M""]}"
PMID:35439918,paper,Gaucher Disease for Hematologists.,,"{""journal"": ""Turk J Haematol"", ""pubdate"": ""2022 Jun 1"", ""authors"": [""\u00d6zdemir GN"", ""G\u00fcnd\u00fcz E""]}"
PMID:25755533,paper,Gaucher disease.,,"{""journal"": ""J Clin Exp Hepatol"", ""pubdate"": ""2014 Mar"", ""authors"": [""Nagral A""]}"
INTERVENTION:Bone_marrow_transplantation,intervention,Bone marrow transplantation,,"{""kind"": ""biological""}"
INTERVENTION:Splenectomy,intervention,Splenectomy,,"{""kind"": null}"
PMID:25377906,paper,Gaucher disease and bone manifestations.,,"{""journal"": ""Calcif Tissue Int"", ""pubdate"": ""2014 Dec"", ""authors"": [""Marcucci G"", ""Zimran A"", ""Bembi B"", ""Kanis J"", ""Reginster JY"", ""Rizzoli R"", ""Cooper C"", ""Brandi ML""]}"
PMID:36286736,paper,[Gaucher disease: achievements and prospects].,,"{""journal"": ""Ter Arkh"", ""pubdate"": ""2021 Jul 23"", ""authors"": [""Ponomarev RV"", ""Lukina EA""]}"
PMID:35951996,paper,Gaucher Disease.,,"{""journal"": """", ""pubdate"": ""1994"", ""authors"": []}"
PMID:24588457,paper,Gaucher disease: haematological presentations and complications.,,"{""journal"": ""Br J Haematol"", ""pubdate"": ""2014 May"", ""authors"": [""Thomas AS"", ""Mehta A"", ""Hughes DA""]}"
PMID:31718920,paper,"Gaucher disease, myelodysplastic syndrome and ICUS.",,"{""journal"": ""Blood Cells Mol Dis"", ""pubdate"": ""2020 Feb"", ""authors"": [""Ruchlemer R"", ""Mittelman M"", ""Zimran A""]}"
PMID:26329151,paper,[Gaucher Disease].,,"{""journal"": ""Brain Nerve"", ""pubdate"": ""2015 Sep"", ""authors"": [""Okuyama T""]}"
INTERVENTION:chemical_chaperon_therapy,intervention,chemical chaperon therapy,,"{""kind"": ""drug""}"
PMID:27265538,paper,Hyperferritinemia and iron metabolism in Gaucher disease: Potential pathophysiological implications.,,"{""journal"": ""Blood Rev"", ""pubdate"": ""2016 Nov"", ""authors"": [""Regenboog M"", ""van Kuilenburg AB"", ""Verheij J"", ""Swinkels DW"", ""Hollak CE""]}"
PMID:31783225,paper,Glycosphingolipids and lysosomal storage disorders as illustrated by gaucher disease.,,"{""journal"": ""Curr Opin Chem Biol"", ""pubdate"": ""2019 Dec"", ""authors"": [""Aerts JMFG"", ""Kuo CL"", ""Lelieveld LT"", ""Boer DEC"", ""van der Lienden MJC"", ""Overkleeft HS"", ""Artola M""]}"
PMID:33602475,paper,Cardiac Involvement in Fabry Disease: JACC Review Topic of the Week.,,"{""journal"": ""J Am Coll Cardiol"", ""pubdate"": ""2021 Feb 23"", ""authors"": [""Pieroni M"", ""Moon JC"", ""Arbustini E"", ""Barriales-Villa R"", ""Camporeale A"", ""Vujkovac AC"", ""Elliott PM"", ""Hagege A"", ""Kuusisto J"", ""Linhart A"", ""Nordbeck P"", ""Olivotto I"", ""Pietil\u00e4-Effati P"", ""Namdar M""]}"
INTERVENTION:oral_chaperone_therapy,intervention,oral chaperone therapy,,"{""kind"": ""drug""}"
PMID:29562089,paper,A Review of Fabry Disease.,,"{""journal"": ""Skin Therapy Lett"", ""pubdate"": ""2018 Mar"", ""authors"": [""Chan B"", ""Adam DN""]}"
PMID:28674962,paper,Fabry disease.,,"{""journal"": ""J Echocardiogr"", ""pubdate"": ""2017 Dec"", ""authors"": [""Yuasa T"", ""Takenaka T"", ""Higuchi K"", ""Uchiyama N"", ""Horizoe Y"", ""Cyaen H"", ""Mizukami N"", ""Takasaki K"", ""Kisanuki A"", ""Miyata M"", ""Ohishi M""]}"
PMID:25987173,paper,Fabry disease and the heart.,,"{""journal"": ""Best Pract Res Clin Endocrinol Metab"", ""pubdate"": ""2015 Mar"", ""authors"": [""Seydelmann N"", ""Wanner C"", ""St\u00f6rk S"", ""Ertl G"", ""Weidemann F""]}"
PMID:32640076,paper,An expert consensus document on the management of cardiovascular manifestations of Fabry disease.,,"{""journal"": ""Eur J Heart Fail"", ""pubdate"": ""2020 Jul"", ""authors"": [""Linhart A"", ""Germain DP"", ""Olivotto I"", ""Akhtar MM"", ""Anastasakis A"", ""Hughes D"", ""Namdar M"", ""Pieroni M"", ""Hag\u00e8ge A"", ""Cecchi F"", ""Gimeno JR"", ""Limongelli G"", ""Elliott P""]}"
INTERVENTION:pharmacological_chaperones,intervention,pharmacological chaperones,,"{""kind"": ""drug""}"
PMID:33058644,paper,[Fabry disease].,,"{""journal"": ""Rev Prat"", ""pubdate"": ""2020 May"", ""authors"": [""Subran B"", ""Montagner C"", ""London J"", ""Lidove O"", ""Mauhin W""]}"
INTERVENTION:pharmacologic_chaperone,intervention,pharmacologic chaperone,,"{""kind"": ""drug""}"
PMID:38289538,paper,Fabry Disease: Cardiac Implications and Molecular Mechanisms.,,"{""journal"": ""Curr Heart Fail Rep"", ""pubdate"": ""2024 Apr"", ""authors"": [""Weissman D"", ""Dudek J"", ""Sequeira V"", ""Maack C""]}"
MECH:mitochondrial_dysfunction,mechanism,Mitochondrial dysfunction,,"{""label"": ""Mitochondrial dysfunction""}"
MECH:other,mechanism,Other mechanism,,"{""label"": ""Other mechanism""}"
PMID:16511611,paper,Fabry disease.,,"{""journal"": ""Drugs Today (Barc)"", ""pubdate"": ""2006 Jan"", ""authors"": [""Levin M""]}"
INTERVENTION:enzyme_infusion,intervention,enzyme infusion,,"{""kind"": ""biological""}"
PMID:23931807,paper,Fabry disease.,,"{""journal"": ""Handb Clin Neurol"", ""pubdate"": ""2013"", ""authors"": [""Toyooka K""]}"
PMID:29264031,paper,Fabry disease and its cardiac involvement.,,"{""journal"": ""J Gen Fam Med"", ""pubdate"": ""2017 Oct"", ""authors"": [""Kubo T""]}"
PMID:37928748,paper,Globoid Cell Leukodystrophy (Krabbe Disease): An Update.,,"{""journal"": ""Immunotargets Ther"", ""pubdate"": ""2023"", ""authors"": [""Maghazachi AA""]}"
INTERVENTION:autophagy_activators,intervention,autophagy activators,,"{""kind"": ""drug""}"
INTERVENTION:intravenous_immunoglobulin,intervention,intravenous immunoglobulin,,"{""kind"": ""biological""}"
INTERVENTION:pyroptosis_inhibitors,intervention,pyroptosis inhibitors,,"{""kind"": ""drug""}"
PMID:32965986,paper,Krabbe Disease.,,"{""journal"": """", ""pubdate"": ""2023 Jan"", ""authors"": [""Jain M"", ""De Jesus O""]}"
PMID:27638593,paper,Expression of individual mutations and haplotypes in the galactocerebrosidase gene identified by the newborn screening program in New York State and in confirmed cases of Krabbe's disease.,,"{""journal"": ""J Neurosci Res"", ""pubdate"": ""2016 Nov"", ""authors"": [""Saavedra-Matiz CA"", ""Luzi P"", ""Nichols M"", ""Orsini JJ"", ""Caggana M"", ""Wenger DA""]}"
PMID:35087711,paper,Krabbe disease: A personal perspective and hypothesis.,,"{""journal"": ""Bioimpacts"", ""pubdate"": ""2022"", ""authors"": [""Rafi MA""]}"
PMID:26795590,paper,Newborn screening for Krabbe disease in New York State: the first eight years' experience.,,"{""journal"": ""Genet Med"", ""pubdate"": ""2016 Mar"", ""authors"": [""Orsini JJ"", ""Kay DM"", ""Saavedra-Matiz CA"", ""Wenger DA"", ""Duffner PK"", ""Erbe RW"", ""Biski C"", ""Martin M"", ""Krein LM"", ""Nichols M"", ""Kurtzberg J"", ""Escolar ML"", ""Adams DJ"", ""Arnold GL"", ""Iglesias A"", ""Galvin-Parton P"", ""Kronn DF"", ""Kwon JM"", ""Levy PA"", ""Pellegrino JE"", ""Shur N"", ""Wasserstein MP"", ""Caggana M"", ""New York State Krabbe Disease Consortium""]}"
PMID:34670440,paper,Hospitalization Burden and Incidence of Krabbe Disease.,,"{""journal"": ""J Child Neurol"", ""pubdate"": ""2022 Jan"", ""authors"": [""Ghabash G"", ""Wilkes J"", ""Barney BJ"", ""Bonkowsky JL""]}"
PMID:34449528,paper,Advances in the Diagnosis and Treatment of Krabbe Disease.,,"{""journal"": ""Int J Neonatal Screen"", ""pubdate"": ""2021 Aug 18"", ""authors"": [""Wenger DA"", ""Luzi P"", ""Rafi MA""]}"
INTERVENTION:intra_venous_gene_therapy,intervention,intra-venous gene therapy,,"{""kind"": ""genetic""}"
PMID:27491217,paper,Insights into the Pathogenesis and Treatment of Krabbe Disease.,,"{""journal"": ""Pediatr Endocrinol Rev"", ""pubdate"": ""2016 Jun"", ""authors"": [""Bongarzone ER"", ""Escolar ML"", ""Gray SJ"", ""Kafri T"", ""Vite CH"", ""Sands MS""]}"
PMID:25260228,paper,"History, genetic, and recent advances on Krabbe disease.",,"{""journal"": ""Gene"", ""pubdate"": ""2015 Jan 15"", ""authors"": [""Graziano AC"", ""Cardile V""]}"
PMID:41414721,paper,Genetic and Clinical Characteristics of Chinese Adult Patients With Krabbe Disease.,,"{""journal"": ""CNS Neurosci Ther"", ""pubdate"": ""2025 Dec"", ""authors"": [""Zhang Y"", ""Huang HF"", ""Xie JJ"", ""Ni W"", ""Yu H"", ""Wu ZY""]}"
PMID:26462614,paper,Mutation Update of ARSA and PSAP Genes Causing Metachromatic Leukodystrophy.,,"{""journal"": ""Hum Mutat"", ""pubdate"": ""2016 Jan"", ""authors"": [""Cesani M"", ""Lorioli L"", ""Grossi S"", ""Amico G"", ""Fumagalli F"", ""Spiga I"", ""Filocamo M"", ""Biffi A""]}"
PMID:38613540,paper,Consensus guidelines for the monitoring and management of metachromatic leukodystrophy in the United States.,,"{""journal"": ""Cytotherapy"", ""pubdate"": ""2024 Jul"", ""authors"": [""Adang LA"", ""Bonkowsky JL"", ""Boelens JJ"", ""Mallack E"", ""Ahrens-Nicklas R"", ""Bernat JA"", ""Bley A"", ""Burton B"", ""Darling A"", ""Eichler F"", ""Eklund E"", ""Emrick L"", ""Escolar M"", ""Fatemi A"", ""Fraser JL"", ""Gaviglio A"", ""Keller S"", ""Patterson MC"", ""Orchard P"", ""Orthmann-Murphy J"", ""Santoro JD"", ""Sch\u00f6ls L"", ""Sevin C"", ""Srivastava IN"", ""Rajan D"", ""Rubin JP"", ""Van Haren K"", ""Wasserstein M"", ""Zerem A"", ""Fumagalli F"", ""Laugwitz L"", ""Vanderver A""]}"
INTERVENTION:ex_vivo_gene_therapy,intervention,ex vivo gene therapy,,"{""kind"": ""genetic""}"
INTERVENTION:hematopoietic_cell_transplant,intervention,hematopoietic cell transplant,,"{""kind"": ""biological""}"
PMID:37480112,paper,Predicting disease severity in metachromatic leukodystrophy using protein activity and a patient phenotype matrix.,,"{""journal"": ""Genome Biol"", ""pubdate"": ""2023 Jul 21"", ""authors"": [""Trinidad M"", ""Hong X"", ""Froelich S"", ""Daiker J"", ""Sacco J"", ""Nguyen HP"", ""Campagna M"", ""Suhr D"", ""Suhr T"", ""LeBowitz JH"", ""Gelb MH"", ""Clark WT""]}"
PMID:33195324,paper,"Metachromatic Leukodystrophy: Diagnosis, Modeling, and Treatment Approaches.",,"{""journal"": ""Front Med (Lausanne)"", ""pubdate"": ""2020"", ""authors"": [""Shaimardanova AA"", ""Chulpanova DS"", ""Solovyeva VV"", ""Mullagulova AI"", ""Kitaeva KV"", ""Allegrucci C"", ""Rizvanov AA""]}"
INTERVENTION:ARSA_gene_therapy,intervention,ARSA gene therapy,,"{""kind"": ""genetic""}"
INTERVENTION:mesenchymal_stem_cell_therapy,intervention,mesenchymal stem cell therapy,,"{""kind"": ""biological""}"
INTERVENTION:combined_gene_cell_therapy,intervention,combined gene-cell therapy,,"{""kind"": ""genetic""}"
PMID:20571983,paper,Metachromatic leukodystrophy--an update.,,"{""journal"": ""Neuropediatrics"", ""pubdate"": ""2010 Feb"", ""authors"": [""Gieselmann V"", ""Kr\u00e4geloh-Mann I""]}"
INTERVENTION:stem_cell_transplantation,intervention,stem cell transplantation,,"{""kind"": ""biological""}"
INTERVENTION:enzyme_replacement,intervention,enzyme replacement,,"{""kind"": ""biological""}"
PMID:25987178,paper,Metachromatic leukodystrophy: Disease spectrum and approaches for treatment.,,"{""journal"": ""Best Pract Res Clin Endocrinol Metab"", ""pubdate"": ""2015 Mar"", ""authors"": [""van Rappard DF"", ""Boelens JJ"", ""Wolf NI""]}"
PMID:31684987,paper,Peripheral neuropathy in metachromatic leukodystrophy: current status and future perspective.,,"{""journal"": ""Orphanet J Rare Dis"", ""pubdate"": ""2019 Nov 4"", ""authors"": [""Beerepoot S"", ""Nierkens S"", ""Boelens JJ"", ""Lindemans C"", ""Bugiani M"", ""Wolf NI""]}"
PMID:40751594,paper,ARSA Variants Associated With Cognitive Decline and Long-Term Preservation of Motor Function in Metachromatic Leukodystrophy.,,"{""journal"": ""J Inherit Metab Dis"", ""pubdate"": ""2025 Sep"", ""authors"": [""Beerepoot S"", ""Schoenmakers DH"", ""Fumagalli F"", ""Groeschel S"", ""Sch\u00f6ls L"", ""Schiffmann R"", ""Wong S"", ""Boespflug-Tanguy O"", ""Sevin C"", ""Nadjar Y"", ""Bley A"", ""Mochel F"", ""Horn MA"", ""Baldoli C"", ""Locatelli S"", ""Hengel H"", ""Laugwitz L"", ""Hollak CEM"", ""Gieselmann V"", ""van der Knaap MS"", ""Wolf NI""]}"
PMID:23622382,paper,Lysosomal leukodystrophies: Krabbe disease and metachromatic leukodystrophy.,,"{""journal"": ""Handb Clin Neurol"", ""pubdate"": ""2013"", ""authors"": [""Kohlsch\u00fctter A""]}"
PMID:36811406,paper,Atidarsagene autotemcel for metachromatic leukodystrophy.,,"{""journal"": ""Drugs Today (Barc)"", ""pubdate"": ""2023 Feb"", ""authors"": [""Messina M"", ""Gissen P""]}"
INTERVENTION:atidarsagene_autotemcel,intervention,atidarsagene autotemcel,,"{""kind"": ""genetic""}"
PMID:33232090,paper,Tay-Sachs Disease.,,"{""journal"": """", ""pubdate"": ""2024 Jan"", ""authors"": [""Lui F"", ""Ramani PK"", ""Parayil Sankaran B""]}"
MECH:gm2_ganglioside_storage,mechanism,GM2 ganglioside storage,,"{""label"": ""GM2 ganglioside storage""}"
PMID:35865957,paper,Therapeutic Strategies For Tay-Sachs Disease.,,"{""journal"": ""Front Pharmacol"", ""pubdate"": ""2022"", ""authors"": [""Picache JA"", ""Zheng W"", ""Chen CZ""]}"
INTERVENTION:pharmaceutical_chaperone_therapy,intervention,pharmaceutical chaperone therapy,,"{""kind"": ""drug""}"
INTERVENTION:hematopoietic_stem_cell_replacement_ther,intervention,hematopoietic stem cell replacement therapy,,"{""kind"": ""biological""}"
PMID:9090523,paper,Tay-Sachs disease-causing mutations and neutral polymorphisms in the Hex A gene.,,"{""journal"": ""Hum Mutat"", ""pubdate"": ""1997"", ""authors"": [""Myerowitz R""]}"
PMID:35145305,paper,AAV gene therapy for Tay-Sachs disease.,,"{""journal"": ""Nat Med"", ""pubdate"": ""2022 Feb"", ""authors"": [""Flotte TR"", ""Cataltepe O"", ""Puri A"", ""Batista AR"", ""Moser R"", ""McKenna-Yasek D"", ""Douthwright C"", ""Gernoux G"", ""Blackwood M"", ""Mueller C"", ""Tai PWL"", ""Jiang X"", ""Bateman S"", ""Spanakis SG"", ""Parzych J"", ""Keeler AM"", ""Abayazeed A"", ""Rohatgi S"", ""Gibson L"", ""Finberg R"", ""Barton BA"", ""Vardar Z"", ""Shazeeb MS"", ""Gounis M"", ""Tifft CJ"", ""Eichler FS"", ""Brown RH Jr"", ""Martin DR"", ""Gray-Edwards HL"", ""Sena-Esteves M""]}"
INTERVENTION:AAV_gene_therapy,intervention,AAV gene therapy,,"{""kind"": ""genetic""}"
PMID:40710901,paper,"Advances in Diagnosis, Pathological Mechanisms, Clinical Impact, and Future Therapeutic Perspectives in Tay-Sachs Disease.",,"{""journal"": ""Neurol Int"", ""pubdate"": ""2025 Jun 25"", ""authors"": [""Gonz\u00e1lez-S\u00e1nchez M"", ""Ram\u00edrez-Exp\u00f3sito MJ"", ""Mart\u00ednez-Martos JM""]}"
INTERVENTION:gemfibrozil,intervention,gemfibrozil,,"{""kind"": ""drug""}"
PMID:8411703,paper,[Tay-Sachs disease].,,"{""journal"": ""Nihon Rinsho"", ""pubdate"": ""1993 Sep"", ""authors"": [""Tanaka A""]}"
PMID:28739864,paper,Late-onset Tay-Sachs disease.,,"{""journal"": ""Pract Neurol"", ""pubdate"": ""2017 Oct"", ""authors"": [""Barritt AW"", ""Anderson SJ"", ""Leigh PN"", ""Ridha BH""]}"
PMID:1834320,paper,Biochemistry and genetics of Tay-Sachs disease.,,"{""journal"": ""Can J Neurol Sci"", ""pubdate"": ""1991 Aug"", ""authors"": [""Gravel RA"", ""Triggs-Raine BL"", ""Mahuran DJ""]}"
PMID:20301397,paper,HEXA Disorders.,,"{""journal"": """", ""pubdate"": ""1993"", ""authors"": [""Adam MP"", ""Bick S"", ""Mirzaa GM"", ""Wallace SE"", ""Amemiya A"", ""Toro C"", ""Shirvan L"", ""Tifft C""]}"
PMID:30524313,paper,New Approaches to Tay-Sachs Disease Therapy.,,"{""journal"": ""Front Physiol"", ""pubdate"": ""2018"", ""authors"": [""Solovyeva VV"", ""Shaimardanova AA"", ""Chulpanova DS"", ""Kitaeva KV"", ""Chakrabarti L"", ""Rizvanov AA""]}"
INTERVENTION:adeno_associated_virus_gene_therapy,intervention,adeno-associated virus gene therapy,,"{""kind"": ""genetic""}"
PMID:35420740,paper,Sandhoff Disease.,,"{""journal"": """", ""pubdate"": ""1993"", ""authors"": [""Adam MP"", ""Bick S"", ""Mirzaa GM"", ""Wallace SE"", ""Amemiya A"", ""Xiao C"", ""Tifft C"", ""Toro C""]}"
PMID:36596541,paper,[Pathophysiology of Sandhoff Disease and Novel Thrapeutic Targets].,,"{""journal"": ""Yakugaku Zasshi"", ""pubdate"": ""2023"", ""authors"": [""Oishi K""]}"
INTERVENTION:Hexb_gene,intervention,Hexb gene,,"{""kind"": ""genetic""}"
INTERVENTION:immunosuppression,intervention,immunosuppression,,"{""kind"": ""drug""}"
PMID:33407268,paper,Infantile onset Sandhoff disease: clinical manifestation and a novel common mutation in Thai patients.,,"{""journal"": ""BMC Pediatr"", ""pubdate"": ""2021 Jan 7"", ""authors"": [""Tim-Aroon T"", ""Wichajarn K"", ""Katanyuwong K"", ""Tanpaiboon P"", ""Vatanavicharn N"", ""Sakpichaisakul K"", ""Kongkrapan A"", ""Eu-Ahsunthornwattana J"", ""Thongpradit S"", ""Moolsuwan K"", ""Satproedprai N"", ""Mahasirimongkol S"", ""Lerksuthirat T"", ""Suktitipat B"", ""Jinawath N"", ""Wattanasirichaigoon D""]}"
PMID:8411702,paper,[Lysosome disease--Sandhoff disease].,,"{""journal"": ""Nihon Rinsho"", ""pubdate"": ""1993 Sep"", ""authors"": [""Eguchi I"", ""Wakamatsu N"", ""Nakano R"", ""Tsuji S""]}"
PMID:7270152,paper,Sandhoff disease.,,"{""journal"": ""Acta Pathol Jpn"", ""pubdate"": ""1981 May"", ""authors"": [""Tatematsu M"", ""Imaida K"", ""Ito N"", ""Togari H"", ""Suzuki Y"", ""Ogiu T""]}"
PMID:39605340,paper,Intravenous gene therapy improves lifespan and clinical outcomes in feline Sandhoff Disease.,,"{""journal"": ""bioRxiv"", ""pubdate"": ""2024 Nov 18"", ""authors"": [""Maguire AS"", ""Ta L"", ""Gross AL"", ""Osterhoudt DE"", ""Cannon JS"", ""Hall PI"", ""Sandey M"", ""Seyfried TN"", ""Gray-Edwards HL"", ""Sena-Esteves M"", ""Martin DR""]}"
PMID:34193703,paper,[Glial cells and pharmacological targets in Sandhoff disease].,,"{""journal"": ""Nihon Yakurigaku Zasshi"", ""pubdate"": ""2021"", ""authors"": [""Ogawa Y"", ""Sakuraba H"", ""Oishi K""]}"
INTERVENTION:istradefylline,intervention,istradefylline,,"{""kind"": ""drug""}"
PMID:35711818,paper,"Adult-Onset Sandhoff Disease in a Filipino Patient: Asymmetric Weakness, Whole HEXB Gene Deletion, and Coexisting MYH7 Pathogenic Variant.",,"{""journal"": ""Neurol Genet"", ""pubdate"": ""2022 Jun"", ""authors"": [""Beecher G"", ""Liewluck T"", ""Milone M""]}"
PMID:25284324,paper,Biomarkers for disease progression and AAV therapeutic efficacy in feline Sandhoff disease.,,"{""journal"": ""Exp Neurol"", ""pubdate"": ""2015 Jan"", ""authors"": [""Bradbury AM"", ""Gray-Edwards HL"", ""Shirley JL"", ""McCurdy VJ"", ""Colaco AN"", ""Randle AN"", ""Christopherson PW"", ""Bird AC"", ""Johnson AK"", ""Wilson DU"", ""Hudson JA"", ""De Pompa NL"", ""Sorjonen DC"", ""Brunson BL"", ""Jeyakumar M"", ""Platt FM"", ""Baker HJ"", ""Cox NR"", ""Sena-Esteves M"", ""Martin DR""]}"
PMID:39484433,paper,Myeloid-derived β-hexosaminidase is essential for neuronal health and lysosome function: implications for Sandhoff disease.,,"{""journal"": ""bioRxiv"", ""pubdate"": ""2024 Oct 22"", ""authors"": [""Tsourmas KI"", ""Butler CA"", ""Kwang NE"", ""Sloane ZR"", ""Dykman KJG"", ""Maloof GO"", ""Prekopa CA"", ""Krattli RP"", ""El-Khatib SM"", ""Swarup V"", ""Acharya MM"", ""Hohsfield LA"", ""Green KN""]}"
INTERVENTION:bone_marrow_transplant,intervention,bone marrow transplant,,"{""kind"": ""biological""}"
INTERVENTION:colony_stimulating_factor_1_receptor_inh,intervention,colony stimulating factor 1 receptor inhibition,,"{""kind"": null}"
PMID:34418116,paper,"Efficacy and safety of arimoclomol in Niemann-Pick disease type C: Results from a double-blind, randomised, placebo-controlled, multinational phase 2/3 trial of a novel treatment.",,"{""journal"": ""J Inherit Metab Dis"", ""pubdate"": ""2021 Nov"", ""authors"": [""Mengel E"", ""Patterson MC"", ""Da Riol RM"", ""Del Toro M"", ""Deodato F"", ""Gautschi M"", ""Grunewald S"", ""Gr\u00f8nborg S"", ""Harmatz P"", ""H\u00e9ron B"", ""Maier EM"", ""Roubertie A"", ""Santra S"", ""Tylki-Szymanska A"", ""Day S"", ""Andreasen AK"", ""Geist MA"", ""Havns\u00f8e Torp Petersen N"", ""Ingemann L"", ""Hansen T"", ""Blaettler T"", ""Kirkegaard T"", ""\u00cd Dali C""]}"
INTERVENTION:arimoclomol,intervention,arimoclomol,,"{""kind"": ""drug""}"
PMID:34290407,paper,Tonic prime-boost of STING signalling mediates Niemann-Pick disease type C.,,"{""journal"": ""Nature"", ""pubdate"": ""2021 Aug"", ""authors"": [""Chu TT"", ""Tu X"", ""Yang K"", ""Wu J"", ""Repa JJ"", ""Yan N""]}"
INTERVENTION:Sting1_deletion,intervention,Sting1 deletion,,"{""kind"": ""genetic""}"
INTERVENTION:Irf3_deletion,intervention,Irf3 deletion,,"{""kind"": ""genetic""}"
INTERVENTION:Cgas_deletion,intervention,Cgas deletion,,"{""kind"": ""genetic""}"
PMID:34387740,paper,Efficacy and safety of N-acetyl-L-leucine in Niemann-Pick disease type C.,,"{""journal"": ""J Neurol"", ""pubdate"": ""2022 Mar"", ""authors"": [""Bremova-Ertl T"", ""Claassen J"", ""Foltan T"", ""Gascon-Bayarri J"", ""Gissen P"", ""Hahn A"", ""Hassan A"", ""Hennig A"", ""Jones SA"", ""Kolnikova M"", ""Martakis K"", ""Raethjen J"", ""Ramaswami U"", ""Sharma R"", ""Schneider SA""]}"
PMID:20301473,paper,Niemann-Pick Disease Type C.,,"{""journal"": """", ""pubdate"": ""1993"", ""authors"": [""Adam MP"", ""Bick S"", ""Mirzaa GM"", ""Wallace SE"", ""Amemiya A"", ""Bremova-Ertl T"", ""Patterson M""]}"
INTERVENTION:levacetylleucine,intervention,levacetylleucine,,"{""kind"": ""drug""}"
PMID:33892845,paper,"Niemann-Pick Disease, Type C: Diagnosis, Management and Disease-Targeted Therapies in Development.",,"{""journal"": ""Semin Pediatr Neurol"", ""pubdate"": ""2021 Apr"", ""authors"": [""Berry-Kravis E""]}"
PMID:27923544,paper,"Niemann-Pick disease, type C and Roscoe Brady.",,"{""journal"": ""Mol Genet Metab"", ""pubdate"": ""2017 Jan-Feb"", ""authors"": [""Patterson MC"", ""Walkley SU""]}"
MECH:cholesterol_trafficking_defect,mechanism,Cholesterol trafficking defect,,"{""label"": ""Cholesterol trafficking defect""}"
PMID:12974729,paper,Niemann-Pick disease type C.,,"{""journal"": ""Clin Genet"", ""pubdate"": ""2003 Oct"", ""authors"": [""Vanier MT"", ""Millat G""]}"
PMID:32998104,paper,Biomarker analysis of Niemann-Pick disease type C using chromatography and mass spectrometry.,,"{""journal"": ""J Pharm Biomed Anal"", ""pubdate"": ""2020 Nov 30"", ""authors"": [""Maekawa M"", ""Iwahori A"", ""Mano N""]}"
PMID:38136141,paper,Niemann-Pick Disease Type C (NPDC) by Mutation of NPC1 and NPC2: Aberrant Lysosomal Cholesterol Trafficking and Oxidative Stress.,,"{""journal"": ""Antioxidants (Basel)"", ""pubdate"": ""2023 Nov 21"", ""authors"": [""Lee D"", ""Hong JH""]}"
INTERVENTION:antioxidants,intervention,antioxidants,,"{""kind"": ""drug""}"
PMID:22378675,paper,Niemann-pick disease type C: implications for sedation and anesthesia for diagnostic procedures.,,"{""journal"": ""J Child Neurol"", ""pubdate"": ""2012 Dec"", ""authors"": [""Miao N"", ""Lu X"", ""O'Grady NP"", ""Yanjanin N"", ""Porter FD"", ""Quezado ZM""]}"
PMID:38101904,paper,Safety and efficacy of cerliponase alfa in children with neuronal ceroid lipofuscinosis type 2 (CLN2 disease): an open-label extension study.,,"{""journal"": ""Lancet Neurol"", ""pubdate"": ""2024 Jan"", ""authors"": [""Schulz A"", ""Specchio N"", ""de Los Reyes E"", ""Gissen P"", ""Nickel M"", ""Trivisano M"", ""Aylward SC"", ""Chakrapani A"", ""Schwering C"", ""Wibbeler E"", ""Westermann LM"", ""Ballon DJ"", ""Dyke JP"", ""Cherukuri A"", ""Bondade S"", ""Slasor P"", ""Cohen Pfeffer J""]}"
PMID:28335910,paper,Management Strategies for CLN2 Disease.,,"{""journal"": ""Pediatr Neurol"", ""pubdate"": ""2017 Apr"", ""authors"": [""Williams RE"", ""Adams HR"", ""Blohm M"", ""Cohen-Pfeffer JL"", ""de Los Reyes E"", ""Denecke J"", ""Drago K"", ""Fairhurst C"", ""Frazier M"", ""Guelbert N"", ""Kiss S"", ""Kofler A"", ""Lawson JA"", ""Lehwald L"", ""Leung MA"", ""Mikhaylova S"", ""Mink JW"", ""Nickel M"", ""Shediac R"", ""Sims K"", ""Specchio N"", ""Topcu M"", ""von L\u00f6bbecke I"", ""West A"", ""Zernikow B"", ""Schulz A""]}"
MECH:ceroid_lipofuscin_storage,mechanism,Ceroid lipofuscin storage,,"{""label"": ""Ceroid lipofuscin storage""}"
PMID:32146219,paper,Symmetric Age Association of Retinal Degeneration in Patients with CLN2-Associated Batten Disease.,,"{""journal"": ""Ophthalmol Retina"", ""pubdate"": ""2020 Jul"", ""authors"": [""Kovacs KD"", ""Patel S"", ""Orlin A"", ""Kim K"", ""Van Everen S"", ""Conner T"", ""Sondhi D"", ""Kaminsky SM"", ""D'Amico DJ"", ""Crystal RG"", ""Kiss S""]}"
PMID:27491216,paper,CLN2 Disease (Classic Late Infantile Neuronal Ceroid Lipofuscinosis).,,"{""journal"": ""Pediatr Endocrinol Rev"", ""pubdate"": ""2016 Jun"", ""authors"": [""Kohlsch\u00fctter A"", ""Schulz A""]}"
PMID:32280231,paper,Changing Times for CLN2 Disease: The Era of Enzyme Replacement Therapy.,,"{""journal"": ""Ther Clin Risk Manag"", ""pubdate"": ""2020"", ""authors"": [""Specchio N"", ""Pietrafusa N"", ""Trivisano M""]}"
PMID:36100791,paper,A Novel Porcine Model of CLN2 Batten Disease that Recapitulates Patient Phenotypes.,,"{""journal"": ""Neurotherapeutics"", ""pubdate"": ""2022 Oct"", ""authors"": [""Swier VJ"", ""White KA"", ""Johnson TB"", ""Sieren JC"", ""Johnson HJ"", ""Knoernschild K"", ""Wang X"", ""Rohret FA"", ""Rogers CS"", ""Pearce DA"", ""Brudvig JJ"", ""Weimer JM""]}"
PMID:27553878,paper,Diagnosis of neuronal ceroid lipofuscinosis type 2 (CLN2 disease): Expert recommendations for early detection and laboratory diagnosis.,,"{""journal"": ""Mol Genet Metab"", ""pubdate"": ""2016 Sep"", ""authors"": [""Fietz M"", ""AlSayed M"", ""Burke D"", ""Cohen-Pfeffer J"", ""Cooper JD"", ""Dvo\u0159\u00e1kov\u00e1 L"", ""Giugliani R"", ""Izzo E"", ""Jahnov\u00e1 H"", ""Lukacs Z"", ""Mole SE"", ""Noher de Halac I"", ""Pearce DA"", ""Poupetova H"", ""Schulz A"", ""Specchio N"", ""Xin W"", ""Miller N""]}"
PMID:36918063,paper,Cynomolgus macaque model of neuronal ceroid lipofuscinosis type 2 disease.,,"{""journal"": ""Exp Neurol"", ""pubdate"": ""2023 May"", ""authors"": [""Munesue Y"", ""Ageyama N"", ""Kimura N"", ""Takahashi I"", ""Nakayama S"", ""Okabayashi S"", ""Katakai Y"", ""Koie H"", ""Yagami KI"", ""Ishii K"", ""Tamaoka A"", ""Yasutomi Y"", ""Shimozawa N""]}"
PMID:32329550,paper,Neuronal ceroid lipofuscinosis type 2: an Australian case series.,,"{""journal"": ""J Paediatr Child Health"", ""pubdate"": ""2020 Aug"", ""authors"": [""Johnson AM"", ""Mandelstam S"", ""Andrews I"", ""Boysen K"", ""Yaplito-Lee J"", ""Fietz M"", ""Nagarajan L"", ""Rodriguez-Casero V"", ""Ryan MM"", ""Smith N"", ""Scheffer IE"", ""Ellaway C""]}"
PMID:34469436,paper,Next-generation sequencing in childhood-onset epilepsies: Diagnostic yield and impact on neuronal ceroid lipofuscinosis type 2 (CLN2) disease diagnosis.,,"{""journal"": ""PLoS One"", ""pubdate"": ""2021"", ""authors"": [""Gall K"", ""Izzo E"", ""Sepp\u00e4l\u00e4 EH"", ""Alakurtti K"", ""Koskinen L"", ""Saarinen I"", ""Singh A"", ""Myllykangas S"", ""Koskenvuo J"", ""Alastalo TP""]}"
PMID:36131016,paper,CLN3 is required for the clearance of glycerophosphodiesters from lysosomes.,,"{""journal"": ""Nature"", ""pubdate"": ""2022 Sep"", ""authors"": [""Laqtom NN"", ""Dong W"", ""Medoh UN"", ""Cangelosi AL"", ""Dharamdasani V"", ""Chan SH"", ""Kunchok T"", ""Lewis CA"", ""Heinze I"", ""Tang R"", ""Grimm C"", ""Dang Do AN"", ""Porter FD"", ""Ori A"", ""Sabatini DM"", ""Abu-Remaileh M""]}"
PMID:26748992,paper,Vision loss in juvenile neuronal ceroid lipofuscinosis (CLN3 disease).,,"{""journal"": ""Ann N Y Acad Sci"", ""pubdate"": ""2016 May"", ""authors"": [""Ouseph MM"", ""Kleinman ME"", ""Wang QJ""]}"
PMID:30050370,paper,Juvenile neuronal ceroid lipofuscinosis (Batten disease): current insights.,,"{""journal"": ""Degener Neurol Neuromuscul Dis"", ""pubdate"": ""2016"", ""authors"": [""Ostergaard JR""]}"
PMID:23470553,paper,Juvenile neuronal ceroid lipofuscinosis and education.,,"{""journal"": ""Biochim Biophys Acta"", ""pubdate"": ""2013 Nov"", ""authors"": [""von Tetzchner S"", ""Fosse P"", ""Elmerskog B""]}"
PMID:19539834,paper,Juvenile neuronal ceroid lipofuscinosis (JNCL) and the eye.,,"{""journal"": ""Surv Ophthalmol"", ""pubdate"": ""2009 Jul-Aug"", ""authors"": [""Bozorg S"", ""Ramirez-Montealegre D"", ""Chung M"", ""Pearce DA""]}"
PMID:17896996,paper,Juvenile neuronal ceroid-lipofuscinosis (Batten disease): a brief review and update.,,"{""journal"": ""Curr Mol Med"", ""pubdate"": ""2007 Sep"", ""authors"": [""Rakheja D"", ""Narayan SB"", ""Bennett MJ""]}"
PMID:39163421,paper,Batten Disease (Juvenile Neuronal Ceroid Lipofuscinosis).,,"{""journal"": """", ""pubdate"": ""2024 Jan"", ""authors"": [""Bose A"", ""Tripathy K""]}"
PMID:9932957,paper,Delayed classic and protracted phenotypes of compound heterozygous juvenile neuronal ceroid lipofuscinosis.,,"{""journal"": ""Neurology"", ""pubdate"": ""1999 Jan 15"", ""authors"": [""Lauronen L"", ""Munroe PB"", ""J\u00e4rvel\u00e4 I"", ""Autti T"", ""Mitchison HM"", ""O'Rawe AM"", ""Gardiner RM"", ""Mole SE"", ""Puranen J"", ""H\u00e4kkinen AM"", ""Kirveskari E"", ""Santavuori P""]}"
PMID:31568712,paper,The CLN3 gene and protein: What we know.,,"{""journal"": ""Mol Genet Genomic Med"", ""pubdate"": ""2019 Dec"", ""authors"": [""Mirza M"", ""Vainshtein A"", ""DiRonza A"", ""Chandrachud U"", ""Haslett LJ"", ""Palmieri M"", ""Storch S"", ""Groh J"", ""Dobzinski N"", ""Napolitano G"", ""Schmidtke C"", ""Kerkovich DM""]}"
PMID:16503390,paper,Protracted juvenile neuronal ceroid lipofuscinosis--an autopsy report and immunohistochemical analysis.,,"{""journal"": ""Brain Dev"", ""pubdate"": ""2006 Aug"", ""authors"": [""Anzai Y"", ""Hayashi M"", ""Fueki N"", ""Kurata K"", ""Ohya T""]}"
PMID:33859490,paper,GM1 Gangliosidosis: Mechanisms and Management.,,"{""journal"": ""Appl Clin Genet"", ""pubdate"": ""2021"", ""authors"": [""Rha AK"", ""Maguire AS"", ""Martin DR""]}"
INTERVENTION:adeno_associated_virus_mediated_GLB1_del,intervention,adeno-associated virus-mediated GLB1 delivery,,"{""kind"": ""genetic""}"
PMID:34539759,paper,GM1 Gangliosidosis-A Mini-Review.,,"{""journal"": ""Front Genet"", ""pubdate"": ""2021"", ""authors"": [""Nicoli ER"", ""Annunziata I"", ""d'Azzo A"", ""Platt FM"", ""Tifft CJ"", ""Stepien KM""]}"
INTERVENTION:GLB1_gene_therapy,intervention,GLB1 gene therapy,,"{""kind"": ""genetic""}"
PMID:38018878,paper,Gene therapy approaches for GM1 gangliosidosis: Focus on animal and cellular studies.,,"{""journal"": ""Cell Biochem Funct"", ""pubdate"": ""2023 Dec"", ""authors"": [""Hosseini K"", ""Fallahi J"", ""Tabei SMB"", ""Razban V""]}"
PMID:36461157,paper,Anesthesia outcomes in lysosomal disorders: CLN3 and GM1 gangliosidosis.,,"{""journal"": ""Am J Med Genet A"", ""pubdate"": ""2023 Mar"", ""authors"": [""Luckett A"", ""Yousef M"", ""Tifft C"", ""Jenkins K"", ""Smith A"", ""Munoz A"", ""Quimby R"", ""Porter FD"", ""Dang Do AN""]}"
PMID:36541412,paper,GM1-gangliosidosis: The caregivers' assessments of symptom impact and most important symptoms to treat.,,"{""journal"": ""Am J Med Genet A"", ""pubdate"": ""2023 Feb"", ""authors"": [""Bingaman A"", ""Waggoner C"", ""Andrews SM"", ""Pangonis D"", ""Trad M"", ""Giugliani R"", ""Giorgino R"", ""Jarnes J"", ""Vakili R"", ""Ballard V"", ""Peay HL""]}"
PMID:23290321,paper,"Chaperone therapy update: Fabry disease, GM1-gangliosidosis and Gaucher disease.",,"{""journal"": ""Brain Dev"", ""pubdate"": ""2013 Jun"", ""authors"": [""Suzuki Y""]}"
INTERVENTION:NOEV,intervention,NOEV,,"{""kind"": ""drug""}"
INTERVENTION:MTD118,intervention,MTD118,,"{""kind"": ""drug""}"
PMID:37042746,paper,GM1 gangliosidosis: patients with different phenotypic features and novel mutations.,,"{""journal"": ""J Pediatr Endocrinol Metab"", ""pubdate"": ""2023 Jun 27"", ""authors"": [""Emecen Sanli M"", ""Dogan M""]}"
PMID:31761138,paper,The Clinical and Molecular Spectrum of GM1 Gangliosidosis.,,"{""journal"": ""J Pediatr"", ""pubdate"": ""2019 Dec"", ""authors"": [""Arash-Kaps L"", ""Komlosi K"", ""Seegr\u00e4ber M"", ""Diederich S"", ""Paschke E"", ""Amraoui Y"", ""Beblo S"", ""Dieckmann A"", ""Smitka M"", ""Hennermann JB""]}"
PMID:38737101,paper,Therapeutic developments for neurodegenerative GM1 gangliosidosis.,,"{""journal"": ""Front Neurosci"", ""pubdate"": ""2024"", ""authors"": [""Foster D"", ""Williams L"", ""Arnold N"", ""Larsen J""]}"
INTERVENTION:stem_cell_therapy,intervention,stem cell therapy,,"{""kind"": ""biological""}"
INTERVENTION:gene_editing,intervention,gene editing,,"{""kind"": ""genetic""}"
PMID:35965426,paper,Single Institutional Experience with GM1 Gangliosidosis: Clinical and Laboratory Results of 14 Patients.,,"{""journal"": ""Balkan Med J"", ""pubdate"": ""2022 Sep 9"", ""authors"": [""Akar HT"", ""Y\u0131ld\u0131z Y"", ""G\u00fcvenkaya G"", ""\u00c7\u0131k\u0131 K"", ""Kahraman AB"", ""Erdal \u0130"", ""Co\u015fkun T"", ""Dursun A"", ""Sivri HS"", ""Tokatl\u0131 A""]}"
PMID:36007105,paper,GM2 Activator Deficiency.,,"{""journal"": """", ""pubdate"": ""1993"", ""authors"": [""Adam MP"", ""Bick S"", ""Mirzaa GM"", ""Wallace SE"", ""Amemiya A"", ""Xiao C"", ""Toro C"", ""Tifft C""]}"
PMID:26082327,paper,"GM2-Gangliosidosis, AB Variant: Clinical, Ophthalmological, MRI, and Molecular Findings.",,"{""journal"": ""JIMD Rep"", ""pubdate"": ""2016"", ""authors"": [""Renaud D"", ""Brodsky M""]}"
PMID:9932959,paper,GM2 gangliosidosis AB variant: clinical and biochemical studies of a Japanese patient.,,"{""journal"": ""Neurology"", ""pubdate"": ""1999 Jan 15"", ""authors"": [""Sakuraba H"", ""Itoh K"", ""Shimmoto M"", ""Utsumi K"", ""Kase R"", ""Hashimoto Y"", ""Ozawa T"", ""Ohwada Y"", ""Imataka G"", ""Eguchi M"", ""Furukawa T"", ""Schepers U"", ""Sandhoff K""]}"
PMID:35925454,paper,GM2 gangliosidosis AB variant: first case of late onset and review of the literature.,,"{""journal"": ""Neurol Sci"", ""pubdate"": ""2022 Nov"", ""authors"": [""Ganne B"", ""Dauriat B"", ""Richard L"", ""Lamari F"", ""Ghorab K"", ""Magy L"", ""Benkirane M"", ""Perani A"", ""Marquet V"", ""Calvas P"", ""Yardin C"", ""Bourthoumieu S""]}"
PMID:8244332,paper,Molecular genetics of GM2-gangliosidosis AB variant: a novel mutation and expression in BHK cells.,,"{""journal"": ""Hum Genet"", ""pubdate"": ""1993 Nov"", ""authors"": [""Schr\u00f6der M"", ""Schnabel D"", ""Hurwitz R"", ""Young E"", ""Suzuki K"", ""Sandhoff K""]}"
PMID:8900233,paper,Molecular analysis of a GM2-activator deficiency in two patients with GM2-gangliosidosis AB variant.,,"{""journal"": ""Am J Hum Genet"", ""pubdate"": ""1996 Nov"", ""authors"": [""Schepers U"", ""Glombitza G"", ""Lemm T"", ""Hoffmann A"", ""Chabas A"", ""Ozand P"", ""Sandhoff K""]}"
PMID:28540636,paper,GM2 Activator Deficiency Caused by a Homozygous Exon 2 Deletion in GM2A.,,"{""journal"": ""JIMD Rep"", ""pubdate"": ""2018"", ""authors"": [""Hall PL"", ""Laine R"", ""Alexander JJ"", ""Ankala A"", ""Teot LA"", ""Lidov HGW"", ""Anselm I""]}"
PMID:7713516,paper,"The mouse gene encoding the GM2 activator protein (Gm2a): cDNA sequence, expression, and chromosome mapping.",,"{""journal"": ""Genomics"", ""pubdate"": ""1994 Dec"", ""authors"": [""Yamanaka S"", ""Johnson ON"", ""Lyu MS"", ""Kozak CA"", ""Proia RL""]}"
PMID:9972878,paper,Recombinant GM2-activator protein stimulates in vivo degradation of GA2 in GM2 gangliosidosis AB variant fibroblasts but exhibits no detectable binding of GA2 in an in vitro assay.,,"{""journal"": ""Neurochem Res"", ""pubdate"": ""1999 Feb"", ""authors"": [""Bierfreund U"", ""Lemm T"", ""Hoffmann A"", ""Uhlhorn-Dierks G"", ""Childs RA"", ""Yuen CT"", ""Feizi T"", ""Sandhoff K""]}"
INTERVENTION:recombinant_GM2_activator_protein,intervention,recombinant GM2-activator protein,,"{""kind"": ""biological""}"
PMID:37069638,paper,"Consensus clinical management guidelines for acid sphingomyelinase deficiency (Niemann-Pick disease types A, B and A/B).",,"{""journal"": ""Orphanet J Rare Dis"", ""pubdate"": ""2023 Apr 17"", ""authors"": [""Geberhiwot T"", ""Wasserstein M"", ""Wanninayake S"", ""Bolton SC"", ""Dardis A"", ""Lehman A"", ""Lidove O"", ""Dawson C"", ""Giugliani R"", ""Imrie J"", ""Hopkin J"", ""Green J"", ""de Vicente Corbeira D"", ""Madathil S"", ""Mengel E"", ""Ezg\u00fc F"", ""Pettazzoni M"", ""Sjouke B"", ""Hollak C"", ""Vanier MT"", ""McGovern M"", ""Schuchman E""]}"
PMID:20301544,paper,Acid Sphingomyelinase Deficiency.,,"{""journal"": """", ""pubdate"": ""1993"", ""authors"": [""Adam MP"", ""Bick S"", ""Mirzaa GM"", ""Wallace SE"", ""Amemiya A"", ""Wasserstein MP"", ""Schuchman EH""]}"
PMID:21214563,paper,Brain pathology in Niemann Pick disease type A: insights from the acid sphingomyelinase knockout mice.,,"{""journal"": ""J Neurochem"", ""pubdate"": ""2011 Mar"", ""authors"": [""Ledesma MD"", ""Prinetti A"", ""Sonnino S"", ""Schuchman EH""]}"
PMID:21063112,paper,Acid sphingomyelinase deficiency attenuates bleomycin-induced lung inflammation and fibrosis in mice.,,"{""journal"": ""Cell Physiol Biochem"", ""pubdate"": ""2010"", ""authors"": [""Dhami R"", ""He X"", ""Schuchman EH""]}"
PMID:31835809,paper,Acid Sphingomyelinase Deficiency Ameliorates Farber Disease.,,"{""journal"": ""Int J Mol Sci"", ""pubdate"": ""2019 Dec 11"", ""authors"": [""Beckmann N"", ""Becker KA"", ""Kadow S"", ""Schumacher F"", ""Kramer M"", ""K\u00fchn C"", ""Schulz-Schaeffer WJ"", ""Edwards MJ"", ""Kleuser B"", ""Gulbins E"", ""Carpinteiro A""]}"
PMID:40414757,paper,[Acid sphingomyelinase deficiency: A review].,,"{""journal"": ""Rev Med Interne"", ""pubdate"": ""2025 Nov"", ""authors"": [""Michaud M"", ""Mauhin W"", ""Villeneuve T"", ""Lidove O""]}"
PMID:30795770,paper,Chronic visceral acid sphingomyelinase deficiency (Niemann-Pick disease type B) in 16 Polish patients: long-term follow-up.,,"{""journal"": ""Orphanet J Rare Dis"", ""pubdate"": ""2019 Feb 22"", ""authors"": [""Lipi\u0144ski P"", ""Kuchar L"", ""Zakharova EY"", ""Baydakova GV"", ""\u0141ugowska A"", ""Tylki-Szyma\u0144ska A""]}"
PMID:27198631,paper,Cause of death in patients with chronic visceral and chronic neurovisceral acid sphingomyelinase deficiency (Niemann-Pick disease type B and B variant): Literature review and report of new cases.,,"{""journal"": ""Mol Genet Metab"", ""pubdate"": ""2016 Jul"", ""authors"": [""Cassiman D"", ""Packman S"", ""Bembi B"", ""Turkia HB"", ""Al-Sayed M"", ""Schiff M"", ""Imrie J"", ""Mabe P"", ""Takahashi T"", ""Mengel KE"", ""Giugliani R"", ""Cox GF""]}"
PMID:35207195,paper,Acid Sphingomyelinase Deficiency: Sharing Experience of Disease Monitoring and Severity in France.,,"{""journal"": ""J Clin Med"", ""pubdate"": ""2022 Feb 10"", ""authors"": [""Mauhin W"", ""Borie R"", ""Dalbies F"", ""Douillard C"", ""Guffon N"", ""Lavigne C"", ""Lidove O"", ""Brassier A""]}"
PMID:34768550,paper,Prevalence of Cancer in Acid Sphingomyelinase Deficiency.,,"{""journal"": ""J Clin Med"", ""pubdate"": ""2021 Oct 28"", ""authors"": [""Mauhin W"", ""Levade T"", ""Vanier MT"", ""Froissart R"", ""Lidove O""]}"
PMID:37821174,paper,International Consensus on Differential Diagnosis and Management of Patients With Danon Disease: JACC State-of-the-Art Review.,,"{""journal"": ""J Am Coll Cardiol"", ""pubdate"": ""2023 Oct 17"", ""authors"": [""Hong KN"", ""Eshraghian EA"", ""Arad M"", ""Argir\u00f2 A"", ""Brambatti M"", ""Bui Q"", ""Caspi O"", ""de Frutos F"", ""Greenberg B"", ""Ho CY"", ""Kaski JP"", ""Olivotto I"", ""Taylor MRG"", ""Yesso A"", ""Garcia-Pavia P"", ""Adler ED""]}"
PMID:32134616,paper,Danon Disease.,,"{""journal"": """", ""pubdate"": ""1993"", ""authors"": [""Adam MP"", ""Bick S"", ""Mirzaa GM"", ""Wallace SE"", ""Amemiya A"", ""Taylor MRG"", ""Adler ED""]}"
INTERVENTION:heart_transplantation,intervention,heart transplantation,,"{""kind"": ""biological""}"
INTERVENTION:ablation_therapy,intervention,ablation therapy,,"{""kind"": ""biological""}"
PMID:31424795,paper,Danon Disease.,,"{""journal"": """", ""pubdate"": ""2023 Jan"", ""authors"": [""D'Souza RS"", ""Law L""]}"
PMID:33151750,paper,Clinical Profile of Cardiac Involvement in Danon Disease: A Multicenter European Registry.,,"{""journal"": ""Circ Genom Precis Med"", ""pubdate"": ""2020 Dec"", ""authors"": [""Lotan D"", ""Salazar-Mendiguch\u00eda J"", ""Mogensen J"", ""Rathore F"", ""Anastasakis A"", ""Kaski J"", ""Garcia-Pavia P"", ""Olivotto I"", ""Charron P"", ""Biagini E"", ""Baban A"", ""Limongelli G"", ""Ashram W"", ""Wasserstrum Y"", ""Galvin J"", ""Zorio E"", ""Iacovoni A"", ""Monserrat L"", ""Spirito P"", ""Iascone M"", ""Arad M"", ""Cooperating Investigators\u2021""]}"
INTERVENTION:LV_assist_device,intervention,LV assist device,,"{""kind"": ""biological""}"
PMID:39456205,paper,History and Perspective of LAMP-2 Deficiency (Danon Disease).,,"{""journal"": ""Biomolecules"", ""pubdate"": ""2024 Oct 9"", ""authors"": [""Sugie K"", ""Nishino I""]}"
INTERVENTION:AAV_vectors,intervention,AAV vectors,,"{""kind"": ""genetic""}"
PMID:40962681,paper,Danon disease: From genetic origins and molecular defects to therapeutic advances.,,"{""journal"": ""Dis Mon"", ""pubdate"": ""2025 Dec"", ""authors"": [""Chaudhary R"", ""Singh A""]}"
PMID:30857840,paper,Danon disease: Gender differences in presentation and outcomes.,,"{""journal"": ""Int J Cardiol"", ""pubdate"": ""2019 Jul 1"", ""authors"": [""Brambatti M"", ""Caspi O"", ""Maolo A"", ""Koshi E"", ""Greenberg B"", ""Taylor MRG"", ""Adler ED""]}"
PMID:31698507,paper,Review: Danon disease: Review of natural history and recent advances.,,"{""journal"": ""Neuropathol Appl Neurobiol"", ""pubdate"": ""2020 Jun"", ""authors"": [""Cenacchi G"", ""Papa V"", ""Pegoraro V"", ""Marozzo R"", ""Fanin M"", ""Angelini C""]}"
PMID:34737089,paper,Clinical features of Danon disease and insights gained from LAMP-2 deficiency models.,,"{""journal"": ""Trends Cardiovasc Med"", ""pubdate"": ""2023 Feb"", ""authors"": [""Zhai Y"", ""Miao J"", ""Peng Y"", ""Wang Y"", ""Dong J"", ""Zhao X""]}"
PMID:39556016,paper,Phase 1 Study of AAV9.LAMP2B Gene Therapy in Danon Disease.,,"{""journal"": ""N Engl J Med"", ""pubdate"": ""2025 Mar 6"", ""authors"": [""Greenberg B"", ""Taylor M"", ""Adler E"", ""Colan S"", ""Ricks D"", ""Yarabe P"", ""Battiprolu P"", ""Shah G"", ""Patel K"", ""Coggins M"", ""Carou-Keenan S"", ""Schwartz JD"", ""Rossano JW""]}"
PMID:39267121,paper,"Clinical, mechanistic, biomarker, and therapeutic advances in GBA1-associated Parkinson's disease.",,"{""journal"": ""Transl Neurodegener"", ""pubdate"": ""2024 Sep 12"", ""authors"": [""Zhang X"", ""Wu H"", ""Tang B"", ""Guo J""]}"
PMID:36598340,paper,Classification of GBA1 Variants in Parkinson's Disease: The GBA1-PD Browser.,,"{""journal"": ""Mov Disord"", ""pubdate"": ""2023 Mar"", ""authors"": [""Parlar SC"", ""Grenn FP"", ""Kim JJ"", ""Baluwendraat C"", ""Gan-Or Z""]}"
PMID:34151863,paper,Gene Therapy for Parkinson's Disease Associated with GBA1 Mutations.,,"{""journal"": ""J Parkinsons Dis"", ""pubdate"": ""2021"", ""authors"": [""Abeliovich A"", ""Hefti F"", ""Sevigny J""]}"
INTERVENTION:PR001,intervention,PR001,,"{""kind"": ""genetic""}"
PMID:39927608,paper,Classification and Genotype-Phenotype Relationships of GBA1 Variants: MDSGene Systematic Review.,,"{""journal"": ""Mov Disord"", ""pubdate"": ""2025 Apr"", ""authors"": [""Rossi M"", ""Schaake S"", ""Usnich T"", ""Boehm J"", ""Steffen N"", ""Schell N"", ""Kr\u00fcger C"", ""G\u00fcl-Demirkale T"", ""Bahr N"", ""Kleinz T"", ""Madoev H"", ""Laabs BH"", ""Gan-Or Z"", ""Alcalay RN"", ""Lohmann K"", ""Klein C""]}"
INTERVENTION:levodopa,intervention,levodopa,,"{""kind"": ""drug""}"
INTERVENTION:surgical_treatment,intervention,surgical treatment,,"{""kind"": null}"
PMID:33753743,paper,Dysregulation of mitochondria-lysosome contacts by GBA1 dysfunction in dopaminergic neuronal models of Parkinson's disease.,,"{""journal"": ""Nat Commun"", ""pubdate"": ""2021 Mar 22"", ""authors"": [""Kim S"", ""Wong YC"", ""Gao F"", ""Krainc D""]}"
INTERVENTION:GCase_modulator,intervention,GCase modulator,,"{""kind"": ""drug""}"
INTERVENTION:TBC1D15,intervention,TBC1D15,,"{""kind"": ""genetic""}"
PMID:42127935,paper,"New evidence on the clinical, genetic, and biochemical bases of GBA1-Parkinson's disease: prospects for treatment.",,"{""journal"": ""Lancet Neurol"", ""pubdate"": ""2026 Jun"", ""authors"": [""Menozzi E"", ""Toffoli M"", ""Deleidi M"", ""Di Monte DA"", ""Blandini F"", ""Krainc D"", ""Sidransky E"", ""Schapira AHV""]}"
MECH:alpha_synuclein_aggregation,mechanism,Alpha-synuclein aggregation,,"{""label"": ""Alpha-synuclein aggregation""}"
PMID:38924406,paper,The annotation of GBA1 has been concealed by its protein-coding pseudogene GBAP1.,,"{""journal"": ""Sci Adv"", ""pubdate"": ""2024 Jun 28"", ""authors"": [""Gustavsson EK"", ""Sethi S"", ""Gao Y"", ""Brenton JW"", ""Garc\u00eda-Ruiz S"", ""Zhang D"", ""Garza R"", ""Reynolds RH"", ""Evans JR"", ""Chen Z"", ""Grant-Peters M"", ""Macpherson H"", ""Montgomery K"", ""Dore R"", ""Wernick AI"", ""Arber C"", ""Wray S"", ""Gandhi S"", ""Esselborn J"", ""Blauwendraat C"", ""Douse CH"", ""Adami A"", ""Atacho DAM"", ""Kouli A"", ""Quaegebeur A"", ""Barker RA"", ""Englund E"", ""Platt F"", ""Jakobsson J"", ""Wood NW"", ""Houlden H"", ""Saini H"", ""Bento CF"", ""Hardy J"", ""Ryten M""]}"
PMID:38438297,paper,GBA1-and LRRK2-directed Treatments: The Way Forward.,,"{""journal"": ""Parkinsonism Relat Disord"", ""pubdate"": ""2024 May"", ""authors"": [""Maayan Eshed G"", ""Alcalay RN""]}"
PMID:40753162,paper,Classification of GBA1 variants and their impact on Parkinson's disease: an in silico score analysis.,,"{""journal"": ""NPJ Parkinsons Dis"", ""pubdate"": ""2025 Aug 2"", ""authors"": [""Lanore A"", ""Tesson C"", ""Basset A"", ""Lejeune FX"", ""Cogan G"", ""Mangone G"", ""Sambin S"", ""Bertille N"", ""Anheim M"", ""Arnulf I"", ""Ansquer S"", ""Brandel JP"", ""Brefel-Courbon C"", ""Defebvre L"", ""Drapier S"", ""Eusebsio A"", ""Fabbri M"", ""Giordana C"", ""Hainque E"", ""Lehericy S"", ""Marques A"", ""Moreau C"", ""Moro E"", ""Ory F"", ""Rolland AS"", ""Thobois S"", ""Vidailhet M"", ""Devos D"", ""Mariani LL"", ""Lesage S"", ""Brice A"", ""Corvol JC"", ""Predistim study group"", ""Iceberg study group"", ""NSPark study group""]}"
PMID:38976650,paper,"Gba1 E326K renders motor and non-motor symptoms with pathological α-synuclein, tau and glial activation.",,"{""journal"": ""Brain"", ""pubdate"": ""2024 Dec 3"", ""authors"": [""Kweon SH"", ""Ryu HG"", ""Kwon SH"", ""Park H"", ""Lee S"", ""Kim NS"", ""Ma SX"", ""Jee HJ"", ""Kim S"", ""Ko HS""]}"
PMID:39331775,paper,[Rett syndrome: from pathophysiology to developments in treatment].,,"{""journal"": ""Medicina (B Aires)"", ""pubdate"": ""2024 Sep"", ""authors"": [""Cabal-Herrera AM"", ""Beatty CW""]}"
PMID:7620591,paper,Rett syndrome.,,"{""journal"": ""Curr Opin Neurol"", ""pubdate"": ""1995 Apr"", ""authors"": [""Percy AK""]}"
PMID:12975709,paper,[Rett syndrome].,,"{""journal"": ""Braz J Psychiatry"", ""pubdate"": ""2003 Jun"", ""authors"": [""Schwartzman JS""]}"
PMID:35250460,paper,Excitation and Inhibition Imbalance in Rett Syndrome.,,"{""journal"": ""Front Neurosci"", ""pubdate"": ""2022"", ""authors"": [""Li W""]}"
PMID:38391695,paper,Rett Syndrome and the Role of MECP2: Signaling to Clinical Trials.,,"{""journal"": ""Brain Sci"", ""pubdate"": ""2024 Jan 24"", ""authors"": [""Lopes AG"", ""Loganathan SK"", ""Caliaperumal J""]}"
MECH:transcriptional_regulation_defect,mechanism,Transcriptional / chromatin regulation defect,,"{""label"": ""Transcriptional / chromatin regulation defect""}"
PMID:34209228,paper,Transcriptomic and Epigenomic Landscape in Rett Syndrome.,,"{""journal"": ""Biomolecules"", ""pubdate"": ""2021 Jun 30"", ""authors"": [""Marano D"", ""Fioriniello S"", ""D'Esposito M"", ""Della Ragione F""]}"
PMID:12928486,paper,DNA methylation and Rett syndrome.,,"{""journal"": ""Hum Mol Genet"", ""pubdate"": ""2003 Oct 15"", ""authors"": [""Kriaucionis S"", ""Bird A""]}"
PMID:34867203,paper,Rett Syndrome and Fragile X Syndrome: Different Etiology With Common Molecular Dysfunctions.,,"{""journal"": ""Front Cell Neurosci"", ""pubdate"": ""2021"", ""authors"": [""Bach S"", ""Shovlin S"", ""Moriarty M"", ""Bardoni B"", ""Tropea D""]}"
PMID:31273722,paper,MeCP2 Dysfunction in Rett Syndrome and Neuropsychiatric Disorders.,,"{""journal"": ""Methods Mol Biol"", ""pubdate"": ""2019"", ""authors"": [""Chin EWM"", ""Goh ELK""]}"
PMID:29185709,paper,Rett Syndrome: A Genetic Update and Clinical Review Focusing on Comorbidities.,,"{""journal"": ""ACS Chem Neurosci"", ""pubdate"": ""2018 Feb 21"", ""authors"": [""Gold WA"", ""Krishnarajy R"", ""Ellaway C"", ""Christodoulou J""]}"
PMID:32717791,paper,Therapeutic Strategies for Duchenne Muscular Dystrophy: An Update.,,"{""journal"": ""Genes (Basel)"", ""pubdate"": ""2020 Jul 23"", ""authors"": [""Sun C"", ""Shen L"", ""Zhang Z"", ""Xie X""]}"
MECH:dystrophin_loss,mechanism,Dystrophin loss,,"{""label"": ""Dystrophin loss""}"
INTERVENTION:dystrophin_restoration,intervention,dystrophin restoration,,"{""kind"": ""biological""}"
INTERVENTION:myogenic_cell_transplantation,intervention,myogenic cell transplantation,,"{""kind"": ""biological""}"
PMID:34417099,paper,[Update on Duchenne muscular dystrophy].,,"{""journal"": ""Semergen"", ""pubdate"": ""2021 Oct"", ""authors"": [""Leiva-Cepas F"", ""Monta\u00f1o Mart\u00ednez A"", ""L\u00f3pez-L\u00f3pez I""]}"
INTERVENTION:corticosteroids,intervention,corticosteroids,,"{""kind"": ""drug""}"
PMID:40581438,paper,Treatment Guidelines and Rehabilitation in Spinal Muscular Atrophy and Duchenne's Muscular Dystrophy.,,"{""journal"": ""Phys Med Rehabil Clin N Am"", ""pubdate"": ""2025 Aug"", ""authors"": [""Drakou E"", ""Wright S"", ""Delfiner LD"", ""Cancel D""]}"
PMID:38408879,paper,HDAC inhibitors as pharmacological treatment for Duchenne muscular dystrophy: a discovery journey from bench to patients.,,"{""journal"": ""Trends Mol Med"", ""pubdate"": ""2024 Mar"", ""authors"": [""Mozzetta C"", ""Sartorelli V"", ""Steinkuhler C"", ""Puri PL""]}"
INTERVENTION:HDAC_inhibitors,intervention,HDAC inhibitors,,"{""kind"": ""drug""}"
INTERVENTION:givinostat,intervention,givinostat,,"{""kind"": ""drug""}"
PMID:1457273,paper,Duchenne muscular dystrophy.,,"{""journal"": ""Curr Opin Rheumatol"", ""pubdate"": ""1992 Dec"", ""authors"": [""Gorospe JR"", ""Hoffman EP""]}"
PMID:1840869,paper,Duchenne muscular dystrophy.,,"{""journal"": ""Curr Opin Genet Dev"", ""pubdate"": ""1991 Jun"", ""authors"": [""Chamberlain JS""]}"
PMID:35386072,paper,Biomarkers in Duchenne Muscular Dystrophy.,,"{""journal"": ""Curr Heart Fail Rep"", ""pubdate"": ""2022 Apr"", ""authors"": [""Lee-Gannon T"", ""Jiang X"", ""Tassin TC"", ""Mammen PPA""]}"
PMID:27603567,paper,Noncoding RNAs and Duchenne muscular dystrophy.,,"{""journal"": ""Epigenomics"", ""pubdate"": ""2016 Nov"", ""authors"": [""Perry MM"", ""Muntoni F""]}"
PMID:33131659,paper,Lifetime Care of Duchenne Muscular Dystrophy.,,"{""journal"": ""Sleep Med Clin"", ""pubdate"": ""2020 Dec"", ""authors"": [""MacKintosh EW"", ""Chen ML"", ""Benditt JO""]}"
PMID:42425062,paper,Rewriting Duchenne muscular dystrophy therapy.,,"{""journal"": ""Cell"", ""pubdate"": ""2026 Jul 9"", ""authors"": [""Gonzalez-Perez P"", ""Blackstone C""]}"
INTERVENTION:exon_skipping_RNA_editing_based_therapy,intervention,"exon-skipping, RNA-editing-based therapy",,"{""kind"": ""genetic""}"
PMID:40018920,paper,Hypertrophic Cardiomyopathy: Genes and Mechanisms.,,"{""journal"": ""Front Biosci (Landmark Ed)"", ""pubdate"": ""2025 Feb 12"", ""authors"": [""Chen J"", ""Xing Y"", ""Sun J"", ""Liu Y"", ""Lang Z"", ""Zhang L"", ""Yang J""]}"
PMID:37079208,paper,MYH7 in cardiomyopathy and skeletal muscle myopathy.,,"{""journal"": ""Mol Cell Biochem"", ""pubdate"": ""2024 Feb"", ""authors"": [""Gao Y"", ""Peng L"", ""Zhao C""]}"
MECH:sarcomere_defect,mechanism,Sarcomere defect,,"{""label"": ""Sarcomere defect""}"
PMID:34542152,paper,A genome-first approach to rare variants in hypertrophic cardiomyopathy genes MYBPC3 and MYH7 in a medical biobank.,,"{""journal"": ""Hum Mol Genet"", ""pubdate"": ""2022 Mar 3"", ""authors"": [""Park J"", ""Packard EA"", ""Levin MG"", ""Judy RL"", ""Regeneron Genetics Center"", ""Damrauer SM"", ""Day SM"", ""Ritchie MD"", ""Rader DJ""]}"
PMID:37929589,paper,Meta-Analysis of Penetrance and Systematic Review on Transition to Disease in Genetic Hypertrophic Cardiomyopathy.,,"{""journal"": ""Circulation"", ""pubdate"": ""2024 Jan 9"", ""authors"": [""Topriceanu CC"", ""Pereira AC"", ""Moon JC"", ""Captur G"", ""Ho CY""]}"
PMID:12707239,paper,"Hypertrophic cardiomyopathy: distribution of disease genes, spectrum of mutations, and implications for a molecular diagnosis strategy.",,"{""journal"": ""Circulation"", ""pubdate"": ""2003 May 6"", ""authors"": [""Richard P"", ""Charron P"", ""Carrier L"", ""Ledeuil C"", ""Cheav T"", ""Pichereau C"", ""Benaiche A"", ""Isnard R"", ""Dubourg O"", ""Burban M"", ""Gueffet JP"", ""Millaire A"", ""Desnos M"", ""Schwartz K"", ""Hainque B"", ""Komajda M"", ""EUROGENE Heart Failure Project""]}"
PMID:36797478,paper,Base editing correction of hypertrophic cardiomyopathy in human cardiomyocytes and humanized mice.,,"{""journal"": ""Nat Med"", ""pubdate"": ""2023 Feb"", ""authors"": [""Chai AC"", ""Cui M"", ""Chemello F"", ""Li H"", ""Chen K"", ""Tan W"", ""Atmanli A"", ""McAnally JR"", ""Zhang Y"", ""Xu L"", ""Liu N"", ""Bassel-Duby R"", ""Olson EN""]}"
PMID:29121657,paper,Hypertrophic cardiomyopathy clinical phenotype is independent of gene mutation and mutation dosage.,,"{""journal"": ""PLoS One"", ""pubdate"": ""2017"", ""authors"": [""Viswanathan SK"", ""Sanders HK"", ""McNamara JW"", ""Jagadeesan A"", ""Jahangir A"", ""Tajik AJ"", ""Sadayappan S""]}"
PMID:30681346,paper,Evaluating the Clinical Validity of Hypertrophic Cardiomyopathy Genes.,,"{""journal"": ""Circ Genom Precis Med"", ""pubdate"": ""2019 Feb"", ""authors"": [""Ingles J"", ""Goldstein J"", ""Thaxton C"", ""Caleshu C"", ""Corty EW"", ""Crowley SB"", ""Dougherty K"", ""Harrison SM"", ""McGlaughon J"", ""Milko LV"", ""Morales A"", ""Seifert BA"", ""Strande N"", ""Thomson K"", ""Peter van Tintelen J"", ""Wallace K"", ""Walsh R"", ""Wells Q"", ""Whiffin N"", ""Witkowski L"", ""Semsarian C"", ""Ware JS"", ""Hershberger RE"", ""Funke B""]}"
PMID:20301725,paper,Nonsyndromic Hypertrophic Cardiomyopathy Overview.,,"{""journal"": """", ""pubdate"": ""1993"", ""authors"": [""Adam MP"", ""Bick S"", ""Mirzaa GM"", ""Wallace SE"", ""Amemiya A"", ""Cirino AL"", ""Channaoui N"", ""Ho C""]}"
PMID:24111713,paper,Genetics of hypertrophic cardiomyopathy in Norway.,,"{""journal"": ""Clin Genet"", ""pubdate"": ""2014 Oct"", ""authors"": [""Berge KE"", ""Leren TP""]}"
PMID:28613566,paper,Canavan Disease.,,"{""journal"": """", ""pubdate"": ""2023 Jan"", ""authors"": [""Bokhari MR"", ""Samanta D"", ""Bokhari SRA""]}"
MECH:aspartoacylase_deficiency_naa_accumulation,mechanism,Aspartoacylase deficiency / NAA accumulation,,"{""label"": ""Aspartoacylase deficiency / NAA accumulation""}"
PMID:35636725,paper,"The pathogenesis of, and pharmacological treatment for, Canavan disease.",,"{""journal"": ""Drug Discov Today"", ""pubdate"": ""2022 Sep"", ""authors"": [""Wei H"", ""Moffett JR"", ""Amanat M"", ""Fatemi A"", ""Tsukamoto T"", ""Namboodiri AM"", ""Slusher BS""]}"
PMID:8412017,paper,Canavan disease: biochemical and molecular studies.,,"{""journal"": ""J Inherit Metab Dis"", ""pubdate"": ""1993"", ""authors"": [""Matalon R"", ""Kaul R"", ""Michals K""]}"
PMID:38582917,paper,Cellular and molecular mechanisms of aspartoacylase and its role in Canavan disease.,,"{""journal"": ""Cell Biosci"", ""pubdate"": ""2024 Apr 6"", ""authors"": [""Gr\u00f8nb\u00e6k-Thygesen M"", ""Hartmann-Petersen R""]}"
PMID:24977939,paper,Canavan disease: clinical features and recent advances in research.,,"{""journal"": ""Pediatr Int"", ""pubdate"": ""2014 Aug"", ""authors"": [""Hoshino H"", ""Kubota M""]}"
INTERVENTION:dietary_supplements,intervention,dietary supplements,,"{""kind"": ""biological""}"
PMID:10227683,paper,Biochemistry and molecular biology of Canavan disease.,,"{""journal"": ""Neurochem Res"", ""pubdate"": ""1999 Apr"", ""authors"": [""Matalon R"", ""Michals-Matalon K""]}"
INTERVENTION:knockout_mouse,intervention,knockout mouse,,"{""kind"": ""genetic""}"
PMID:10464621,paper,Canavan disease: diagnosis and molecular analysis.,,"{""journal"": ""Genet Test"", ""pubdate"": ""1997"", ""authors"": [""Matalon R""]}"
PMID:16647192,paper,Canavan disease and the role of N-acetylaspartate in myelin synthesis.,,"{""journal"": ""Mol Cell Endocrinol"", ""pubdate"": ""2006 Jun 27"", ""authors"": [""Namboodiri AM"", ""Peethambaran A"", ""Mathew R"", ""Sambhu PA"", ""Hershfield J"", ""Moffett JR"", ""Madhavarao CN""]}"
PMID:12108830,paper,Canavan disease prenatal diagnosis and genetic counseling.,,"{""journal"": ""Obstet Gynecol Clin North Am"", ""pubdate"": ""2002 Jun"", ""authors"": [""Matalon R"", ""Matalon KM""]}"
ORG:Cure_Sanfilippo_Foundation,organization,Cure Sanfilippo Foundation,,"{""kind"": ""patient_group"", ""website"": ""https://curesanfilippofoundation.org/"", ""contact_email"": ""Contact@CureSanfilippoFoundation.org"", ""country"": ""US""}"
ORG:Sanfilippo_Children_s_Foundation,organization,Sanfilippo Children's Foundation,,"{""kind"": ""patient_group"", ""website"": null, ""contact_email"": null, ""country"": ""AU""}"
ASSET:Patient_Registry,asset,Patient Registry,,"{""kind"": ""registry"", ""website"": null}"
ORG:MPS_Society,organization,MPS Society,,"{""kind"": ""patient_group"", ""website"": null, ""contact_email"": ""fundraising@mpssociety.org.uk"", ""country"": ""GB""}"
ORG:Team_Sanfilippo_Foundation,organization,Team Sanfilippo Foundation,,"{""kind"": ""patient_group"", ""website"": null, ""contact_email"": ""contact@teamsanfilippo.com"", ""country"": ""US""}"
ORG:Fundación_Stop_Sanfilippo,organization,Fundación Stop Sanfilippo,,"{""kind"": ""patient_group"", ""website"": ""stopsanfilippo.org"", ""contact_email"": ""info@stopsanfilippo.org"", ""country"": ""ES""}"
ASSET:Registro_de_pacientes,asset,Registro de pacientes,,"{""kind"": ""registry"", ""website"": ""stopsanfilippo.org""}"
ORG:Stichting_Sanfilippo_Fonds,organization,Stichting Sanfilippo Fonds,,"{""kind"": ""patient_group"", ""website"": null, ""contact_email"": ""info@sanfilippofonds.nl"", ""country"": ""NL""}"
ORG:MPS_Deutschland_e_V,organization,MPS-Deutschland e.V.,,"{""kind"": ""patient_group"", ""website"": null, ""contact_email"": null, ""country"": ""DE""}"
ORG:Asociación_MPS_LISOSOMALES_España,organization,Asociación MPS-LISOSOMALES España,,"{""kind"": ""patient_group"", ""website"": null, ""contact_email"": ""info@mpslisosomales.org"", ""country"": ""ES""}"
ORG:AIMPS_ETS,organization,AIMPS ETS,,"{""kind"": ""patient_group"", ""website"": null, ""contact_email"": ""info@aimps.it"", ""country"": ""IT""}"
ORG:National_MPS_Society,organization,National MPS Society,,"{""kind"": ""patient_group"", ""website"": null, ""contact_email"": ""info@mpssociety.org"", ""country"": ""US""}"
ORG:Canadian_MPS_Society,organization,Canadian MPS Society,,"{""kind"": ""patient_group"", ""website"": null, ""contact_email"": ""info@mpssociety.ca"", ""country"": ""CA""}"
ORG:MPS_Austria,organization,MPS Austria,,"{""kind"": ""patient_group"", ""website"": null, ""contact_email"": ""office@mps-austria.at"", ""country"": ""AT""}"
ORG:Project_Alive,organization,Project Alive,,"{""kind"": ""patient_group"", ""website"": null, ""contact_email"": null, ""country"": ""US""}"
ORG:The_MPS_II_Research_Fund,organization,The MPS II Research Fund,,"{""kind"": ""patient_group"", ""website"": ""www.theisaacfoundation.com/MPSII/"", ""contact_email"": null, ""country"": ""CA"", ""contact_email_note"": ""personal address on page withheld""}"
ORG:Association_Shifa_des_Maladies_NeuroMusc,organization,Association Shifa des Maladies NeuroMusculaires (ASMNM),,"{""kind"": ""patient_group"", ""website"": ""http://shifadz.wix.com/asso"", ""contact_email"": null, ""country"": ""DZ""}"
COUNTRY:DZ,country,DZ,,"{""name"": ""DZ""}"
ORG:Asociación_de_Pacientes_de_Enfermedades,organization,Asociación de Pacientes de Enfermedades Lisosomales de la Republica Argentina (APELRA),,"{""kind"": ""patient_group"", ""website"": ""http://web.apelra.org.ar"", ""contact_email"": null, ""country"": ""AR""}"
ORG:Australian_Pompe_Association_APA,organization,Australian Pompe Association (APA),,"{""kind"": ""patient_group"", ""website"": ""http://australianpompe.org.au/"", ""contact_email"": null, ""country"": ""AU""}"
ORG:Selbsthilfeorganisation_Morbus_Pompe_Öst,organization,Selbsthilfeorganisation Morbus Pompe Österreich,,"{""kind"": ""patient_group"", ""website"": ""www.morbus-pompe.at/"", ""contact_email"": null, ""country"": ""AT""}"
ORG:Belgische_Organisatie_voor_kinderen_en_v,organization,Belgische Organisatie voor kinderen en volwassenen met een stofwisselingsziekte (BOKS),,"{""kind"": ""patient_group"", ""website"": ""www.boks.be"", ""contact_email"": null, ""country"": ""BE""}"
ORG:Vlaamse_Vereniging_Neuromusculaire_Aando,organization,Vlaamse Vereniging Neuromusculaire Aandoeningen (NEMA),,"{""kind"": ""patient_group"", ""website"": ""www.nema.be"", ""contact_email"": null, ""country"": ""BE""}"
ORG:APMPS_Doencas_Raras,organization,APMPS – Doencas Raras,,"{""kind"": ""patient_group"", ""website"": ""www.apmps.org.br"", ""contact_email"": null, ""country"": ""BR""}"
ORG:National_Alliance_of_People_with_Rare_Di,organization,National Alliance of People with Rare Diseases,,"{""kind"": ""patient_group"", ""website"": ""www.rarebg.org"", ""contact_email"": null, ""country"": ""BG""}"
COUNTRY:BG,country,BG,,"{""name"": ""BG""}"
ORG:Canadian_Association_of_Pompe,organization,Canadian Association of Pompe,,"{""kind"": ""patient_group"", ""website"": ""www.pompecanada.com"", ""contact_email"": null, ""country"": ""CA""}"
ORG:Fundación_Chilena_de_Pacientes_de_Enferm,organization,Fundación Chilena de Pacientes de Enfermedades Lisosomales (FELCH),,"{""kind"": ""patient_group"", ""website"": ""www.felch.cl"", ""contact_email"": null, ""country"": ""CL""}"
COUNTRY:CL,country,Chile,,"{""name"": ""Chile""}"
ORG:Asociación_Colombiana_de_Pacientes_con_E,organization,Asociación Colombiana de Pacientes con Enfermedades de Depósito Liposomal (ACOPEL),,"{""kind"": ""patient_group"", ""website"": ""www.acopel.org/web"", ""contact_email"": null, ""country"": ""CO""}"
ORG:Hrvatski_Savez_za_rijetke_bolesti,organization,Hrvatski Savez za rijetke bolesti,,"{""kind"": ""patient_group"", ""website"": ""www.rijetke-bolesti.hr"", ""contact_email"": null, ""country"": ""HR""}"
COUNTRY:HR,country,HR,,"{""name"": ""HR""}"
ORG:Asociace_muskulárních_dystofikù_v_ÈR,organization,Asociace muskulárních dystofikù v ÈR,,"{""kind"": ""patient_group"", ""website"": ""www.amd-mda.cz"", ""contact_email"": null, ""country"": ""CZ""}"
ORG:Fundación_Ecuatoriana_de_Pacientes_con_E,organization,Fundación Ecuatoriana de Pacientes con Enfermedades de Depósito Lisosomal (FEPEL DASHA),,"{""kind"": ""patient_group"", ""website"": ""www.fepeldasha.org"", ""contact_email"": null, ""country"": ""EC""}"
COUNTRY:EC,country,EC,,"{""name"": ""EC""}"
ORG:Association_Francophone_Glycogenose_AFG,organization,Association Francophone Glycogenose (AFG),,"{""kind"": ""patient_group"", ""website"": ""www.glycogenoses.org"", ""contact_email"": null, ""country"": ""FR""}"
ORG:Selbsthilfegruppe_Glykogenose_Deutschlan,organization,Selbsthilfegruppe Glykogenose Deutschland e.V.,,"{""kind"": ""patient_group"", ""website"": ""www.glykogenose.de"", ""contact_email"": null, ""country"": ""DE""}"
ORG:Pompe_Deutschland_e_V,organization,Pompe Deutschland e.V.,,"{""kind"": ""patient_group"", ""website"": ""www.mpompe.de"", ""contact_email"": null, ""country"": ""DE""}"
ORG:Greek_Lysosomal_Diseases_Association,organization,Greek Lysosomal Diseases Association,,"{""kind"": ""patient_group"", ""website"": ""greeklysosomal.blogspot.com"", ""contact_email"": null, ""country"": ""GR""}"
ORG:LSD_Support_Society_LSDSS,organization,LSD Support Society (LSDSS),,"{""kind"": ""patient_group"", ""website"": ""www.lsdss.org"", ""contact_email"": null, ""country"": ""IN""}"
ORG:Organisation_for_Rare_Diseases_India_ORD,organization,Organisation for Rare Diseases India (ORDI),,"{""kind"": ""patient_group"", ""website"": ""ordindia.org"", ""contact_email"": null, ""country"": ""IN""}"
ORG:Associazione_Italiana_Glicogenosi_AIGlic,organization,Associazione Italiana Glicogenosi (AIGlico),,"{""kind"": ""patient_group"", ""website"": ""www.aiglico.it"", ""contact_email"": null, ""country"": ""IT""}"
ORG:Pompe_House,organization,Pompe House,,"{""kind"": ""patient_group"", ""website"": ""pompe-family.com"", ""contact_email"": null, ""country"": ""JP""}"
ORG:Association_for_citizens_for_rare_diseas,organization,Association for citizens for rare diseases LIFE WITH CHALLENGES,,"{""kind"": ""patient_group"", ""website"": ""challenges.mk"", ""contact_email"": null, ""country"": ""MK""}"
COUNTRY:MK,country,MK,,"{""name"": ""MK""}"
ORG:Malaysia_Lysosomal_Diseases_Association,organization,Malaysia Lysosomal Diseases Association,,"{""kind"": ""patient_group"", ""website"": ""www.mymlda.com"", ""contact_email"": null, ""country"": ""MY""}"
COUNTRY:MY,country,MY,,"{""name"": ""MY""}"
ORG:Pide_Un_Deseo,organization,Pide Un Deseo,,"{""kind"": ""patient_group"", ""website"": ""iap.pideundeseo.org"", ""contact_email"": null, ""country"": ""MX""}"
ORG:Spierziekten_Nederland,organization,Spierziekten Nederland,,"{""kind"": ""patient_group"", ""website"": ""www.spierziekten.nl"", ""contact_email"": null, ""country"": ""NL""}"
ORG:New_Zealand_Pompe_Network,organization,New Zealand Pompe Network,,"{""kind"": ""patient_group"", ""website"": ""https://www.nzpompe.network"", ""contact_email"": null, ""country"": ""NZ""}"
ORG:Foreningen_for_Muskelsyke,organization,Foreningen for Muskelsyke,,"{""kind"": ""patient_group"", ""website"": ""www.ffm.no"", ""contact_email"": null, ""country"": ""NO""}"
ORG:Philippine_Society_for_Orphan_Disorders,organization,Philippine Society for Orphan Disorders (PSOD),,"{""kind"": ""patient_group"", ""website"": ""www.psod.org.ph"", ""contact_email"": null, ""country"": ""PH""}"
COUNTRY:PH,country,PH,,"{""name"": ""PH""}"
ORG:Rare_Disease_Organisation_Poland,organization,Rare Disease Organisation Poland,,"{""kind"": ""patient_group"", ""website"": ""www.rzadkiechoroby.pl"", ""contact_email"": null, ""country"": ""PL""}"
ORG:Raríssimas_Associação_Nacional_de_Defici,organization,Raríssimas – Associação Nacional de Deficiências Mentais e Raras,,"{""kind"": ""patient_group"", ""website"": ""www.linharara.pt"", ""contact_email"": null, ""country"": ""PT""}"
ORG:Portuguese_Association_of_Neuromuscular,organization,Portuguese Association of Neuromuscular Diseases,,"{""kind"": ""patient_group"", ""website"": ""http://apn.pt/apn"", ""contact_email"": null, ""country"": ""PT""}"
ORG:Alianța_Națională_pentru_Boli_Rare_din_R,organization,Alianța Națională pentru Boli Rare din România,,"{""kind"": ""patient_group"", ""website"": ""www.bolirareromania.ro"", ""contact_email"": null, ""country"": ""RO""}"
COUNTRY:RO,country,Romania,,"{""name"": ""Romania""}"
ORG:Interregional_Non_government_charitable,organization,Interregional Non-government charitable invalid organisation,,"{""kind"": ""patient_group"", ""website"": ""www.spiporz.ru"", ""contact_email"": null, ""country"": ""RU""}"
ORG:Russian_Association_for_Rare_Diseases_RA,organization,Russian Association for Rare Diseases (RARD),,"{""kind"": ""patient_group"", ""website"": ""www.rare-diseases.ru"", ""contact_email"": null, ""country"": ""RU""}"
ORG:National_Organisation_for_Rare_Diseases,organization,National Organisation for Rare Diseases of Serbia (NORBS),,"{""kind"": ""patient_group"", ""website"": ""www.norbs.rs"", ""contact_email"": null, ""country"": ""RS""}"
ORG:Rare_Disorders_Society_Singapore,organization,Rare Disorders Society (Singapore),,"{""kind"": ""patient_group"", ""website"": ""www.rdss.org.sg"", ""contact_email"": null, ""country"": ""SG""}"
COUNTRY:SG,country,Singapore,,"{""name"": ""Singapore""}"
ORG:Drustvo_Distrofikov_Slovenije,organization,Drustvo Distrofikov Slovenije,,"{""kind"": ""patient_group"", ""website"": ""www.drustvo-distrofikov.si"", ""contact_email"": null, ""country"": ""SI""}"
COUNTRY:SI,country,SI,,"{""name"": ""SI""}"
ORG:Rare_Disease_Society_of_South_Africa,organization,Rare Disease Society of South Africa,,"{""kind"": ""patient_group"", ""website"": ""http://rarediseases.co.za"", ""contact_email"": null, ""country"": ""ZA""}"
COUNTRY:ZA,country,South Africa,,"{""name"": ""South Africa""}"
ORG:Pompe_South_Africa,organization,Pompe South Africa,,"{""kind"": ""patient_group"", ""website"": ""www.pompesa.co.za"", ""contact_email"": null, ""country"": ""ZA""}"
ORG:Korea_Pompe_Disease_Society_KPDS,organization,Korea Pompe Disease Society (KPDS),,"{""kind"": ""patient_group"", ""website"": ""www.kpds.kr/"", ""contact_email"": null, ""country"": ""KR""}"
ORG:Asociacion_Espanola_de_Enfermos_de_Gluco,organization,Asociacion Espanola de Enfermos de Glucogenosis (AEEG),,"{""kind"": ""patient_group"", ""website"": ""www.glucogenosis.org"", ""contact_email"": null, ""country"": ""ES""}"
ORG:Asociación_Española_de_Enfermos_de_Pompe,organization,Asociación Española de Enfermos de Pompe (AEEP),,"{""kind"": ""patient_group"", ""website"": ""http://www.asociaciondepompe.org"", ""contact_email"": null, ""country"": ""ES""}"
ORG:Selbsthilfegruppe_M_Pompe_Schweiz,organization,Selbsthilfegruppe M. Pompe Schweiz,,"{""kind"": ""patient_group"", ""website"": ""www.mpompe.ch/"", ""contact_email"": null, ""country"": ""CH""}"
ORG:Taiwan_Foundation_for_Rare_Disorders,organization,Taiwan Foundation for Rare Disorders,,"{""kind"": ""patient_group"", ""website"": ""www.tfrd.org.tw"", ""contact_email"": null, ""country"": ""TW""}"
ORG:Genetic_LSD_Foundation_Thailand,organization,Genetic LSD Foundation Thailand,,"{""kind"": ""patient_group"", ""website"": ""www.lsdthailand.org"", ""contact_email"": null, ""country"": ""TH""}"
COUNTRY:TH,country,TH,,"{""name"": ""TH""}"
ORG:Association_for_Glycogen_Storage_Disease,organization,Association for Glycogen Storage Disease (UK) (AGSD-UK),,"{""kind"": ""patient_group"", ""website"": ""www.agsd.org.uk/"", ""contact_email"": null, ""country"": ""GB""}"
ORG:Pompe_Support_Network,organization,Pompe Support Network,,"{""kind"": ""patient_group"", ""website"": ""www.pompe.uk"", ""contact_email"": null, ""country"": ""GB""}"
ORG:Acid_Maltase_Deficiency_Association_AMDA,organization,Acid Maltase Deficiency Association (AMDA),,"{""kind"": ""patient_group"", ""website"": ""http://amda-pompe.org/"", ""contact_email"": null, ""country"": ""US""}"
ORG:United_Pompe_Foundation_UPF,organization,United Pompe Foundation (UPF),,"{""kind"": ""patient_group"", ""website"": ""www.unitedpompe.com/"", ""contact_email"": null, ""country"": ""US""}"
ORG:Asociacion_Uruguaya_De_Pacientes_Con_Enf,organization,Asociacion Uruguaya De Pacientes Con Enfermedades Lisosomales (AUPEL),,"{""kind"": ""patient_group"", ""website"": ""www.aupeluruguay.com"", ""contact_email"": null, ""country"": ""UY""}"
COUNTRY:UY,country,UY,,"{""name"": ""UY""}"
ORG:Acid_Maltase_Deficiency_Association,organization,Acid Maltase Deficiency Association,,"{""kind"": ""patient_group"", ""website"": null, ""contact_email"": ""info@amda-pompe.org"", ""country"": ""US""}"
ORG:Genzyme,organization,Genzyme,,"{""kind"": ""company"", ""website"": null, ""contact_email"": null, ""country"": ""US""}"
ORG:National_Gaucher_Foundation,organization,National Gaucher Foundation,,"{""kind"": ""patient_group"", ""website"": null, ""contact_email"": null, ""country"": ""US""}"
ORG:Gaucher_Association,organization,Gaucher Association,,"{""kind"": ""patient_group"", ""website"": ""www.gaucher.org.uk"", ""contact_email"": ""ga@gaucher.org.uk"", ""country"": ""GB""}"
ORG:ÖGG_Österreichische_Gaucher_Gesellschaft,organization,ÖGG – Österreichische Gaucher Gesellschaft,,"{""kind"": ""patient_group"", ""website"": ""www.morbus-gaucher-oegg.at"", ""contact_email"": ""pichler@liwest.at"", ""country"": ""AT""}"
ORG:Нациоанална_Асоциация_на_болните_от_Гоше,organization,Нациоанална Асоциация на болните от Гоше България,,"{""kind"": ""patient_group"", ""website"": ""www.gaucher-bg.org"", ""contact_email"": ""marina.terekhova@mail.ru"", ""country"": ""BG"", ""contact_email_note"": ""personal address on page withheld""}"
ORG:Občanské_sdružení_rodičů_dětí_a_dospělýc,organization,Občanské sdružení rodičů dětí a dospělých postižených Gaucherovou chorobou,,"{""kind"": ""patient_group"", ""website"": ""www.gaucherova-choroba.cz"", ""contact_email"": null, ""country"": ""CZ"", ""contact_email_note"": ""personal address on page withheld""}"
ORG:Gaucher_Association_Estonia,organization,Gaucher Association Estonia,,"{""kind"": ""patient_group"", ""website"": ""www.gaucher.ee"", ""contact_email"": ""info@gaucher.ee"", ""country"": ""EE""}"
COUNTRY:EE,country,EE,,"{""name"": ""EE""}"
ORG:Suomen_Gaucher_Yhdistys,organization,Suomen Gaucher Yhdistys,,"{""kind"": ""patient_group"", ""website"": null, ""contact_email"": null, ""country"": ""FI"", ""contact_email_note"": ""personal address on page withheld""}"
COUNTRY:FI,country,Finland,,"{""name"": ""Finland""}"
ORG:VAINCRE_LES_MALADIES_LYSOSOMALES,organization,VAINCRE LES MALADIES LYSOSOMALES,,"{""kind"": ""patient_group"", ""website"": ""www.vml-asso.org"", ""contact_email"": ""Antispam-scientifique@vml-asso.org"", ""country"": ""FR""}"
ORG:AssociazioneItaliana_Gaucher_ONLUS,organization,AssociazioneItaliana Gaucher - ONLUS,,"{""kind"": ""patient_group"", ""website"": ""www.gaucheritalia.org"", ""contact_email"": ""info@gaucheritalia.org"", ""country"": ""IT""}"
COUNTRY:JO,country,JO,,"{""name"": ""JO""}"
ORG:GOÐË_ASOCIACIJA,organization,GOÐË ASOCIACIJA,,"{""kind"": ""patient_group"", ""website"": ""www.lga.lt"", ""contact_email"": ""info@lga.lt"", ""country"": ""LT""}"
COUNTRY:LT,country,LT,,"{""name"": ""LT""}"
ORG:Gaucherforeningen_Norge,organization,Gaucherforeningen Norge,,"{""kind"": ""patient_group"", ""website"": ""http://sites.google.com/site/gaucherforeningeninorge/"", ""contact_email"": null, ""country"": ""NO"", ""contact_email_note"": ""personal address on page withheld""}"
ORG:Stowarzyszenie_Rodzin_osób_z_choroba_Gau,organization,Stowarzyszenie Rodzin osób z choroba Gauchera,,"{""kind"": ""patient_group"", ""website"": ""www.gaucher.pl"", ""contact_email"": ""wojtek85@poczta.fm"", ""country"": ""PL""}"
ORG:Udruzenje_gradjana_za_pomoc_u_lecenju_ob,organization,Udruzenje gradjana za pomoc u lecenju obolelih od Goseove bolesti,,"{""kind"": ""patient_group"", ""website"": null, ""contact_email"": ""gosescg@drenik.net"", ""country"": ""RS""}"
ORG:Društvo_bolnikov_z_gaucherjevo_boleznijo,organization,Društvo bolnikov z gaucherjevo boleznijo Slovenije,,"{""kind"": ""patient_group"", ""website"": ""www.gaucher-drustvo.si"", ""contact_email"": ""info@gaucher-drustvo.si"", ""country"": ""SI""}"
ORG:Gaucher_Society_of_South_Africa,organization,Gaucher Society of South Africa,,"{""kind"": ""patient_group"", ""website"": ""www.gaucherssa.co.za"", ""contact_email"": ""sevitz@tiscali.co.za"", ""country"": ""ZA""}"
ORG:ASOCIACIÓN_ESPAÑOLA_DE_ENFERMOS_Y_FAMILI,organization,ASOCIACIÓN ESPAÑOLA DE ENFERMOS Y FAMILIARES DE LA ENFERMEDAD,,"{""kind"": ""patient_group"", ""website"": ""www.aeefegaucher.es"", ""contact_email"": ""gaucher@eresmas.com"", ""country"": ""ES""}"
ORG:Morbus_Gaucherföreningen_i_Sverige,organization,Morbus Gaucherföreningen i Sverige,,"{""kind"": ""patient_group"", ""website"": ""www.morbusgaucher.se"", ""contact_email"": ""lars.em.magnusson@tele2.se"", ""country"": ""SE""}"
ORG:National_Gaucher_Foundation_Inc,organization,"National Gaucher Foundation, Inc.",,"{""kind"": ""patient_group"", ""website"": ""www.gaucherdisease.org"", ""contact_email"": ""rhonda@gaucherdisease.org"", ""country"": ""US""}"
ORG:Gaucher_Gesellschaft_Deutschland_e_V,organization,Gaucher Gesellschaft Deutschland e.V.,,"{""kind"": ""patient_group"", ""website"": null, ""contact_email"": null, ""country"": ""DE""}"
ORG:AEEFE_Gaucher,organization,AEEFE Gaucher,,"{""kind"": ""patient_group"", ""website"": null, ""contact_email"": null, ""country"": ""ES"", ""contact_email_note"": ""personal address on page withheld""}"
ORG:The_National_Fabry_Disease_Foundation,organization,The National Fabry Disease Foundation,,"{""kind"": ""patient_group"", ""website"": ""www.fabrydisease.org"", ""contact_email"": null, ""country"": ""US""}"
ORG:Fabry_Support_Information_Group,organization,Fabry Support & Information Group,,"{""kind"": ""patient_group"", ""website"": ""http://www.fabry.org"", ""contact_email"": ""info@fabry.org"", ""country"": ""US""}"
ORG:Canadian_Fabry_Association,organization,Canadian Fabry Association,,"{""kind"": ""patient_group"", ""website"": ""http://fabrycanada.com"", ""contact_email"": null, ""country"": ""CA""}"
ORG:ABRAFF,organization,ABRAFF,,"{""kind"": ""patient_group"", ""website"": ""http://www.fabry.org.br"", ""contact_email"": null, ""country"": ""BR""}"
ORG:Fabry_Ireland,organization,Fabry Ireland,,"{""kind"": ""patient_group"", ""website"": ""http://fabryireland.ie/"", ""contact_email"": null, ""country"": ""IE""}"
ORG:The_Fabry_Disease_Patients_Association_A,organization,The Fabry Disease Patients Association - APMF,,"{""kind"": ""patient_group"", ""website"": ""www.apmf-fabry.org/?lang=en"", ""contact_email"": null, ""country"": ""FR""}"
ORG:l_association_Vaincre_les_Maladies_Lysos,organization,l'association Vaincre les Maladies Lysosomales,,"{""kind"": ""patient_group"", ""website"": ""www.vml-asso.org"", ""contact_email"": null, ""country"": ""FR""}"
ORG:Fabry_Support_Informatie_Groep_Nederland,organization,Fabry Support & Informatie Groep Nederland,,"{""kind"": ""patient_group"", ""website"": ""www.fabry.nl"", ""contact_email"": null, ""country"": ""NL""}"
ORG:Strona_Stowarzyszenia_Rodzin_z_Chorobą_F,organization,Strona Stowarzyszenia Rodzin z Chorobą Fabry'ego,,"{""kind"": ""patient_group"", ""website"": ""http://www.fabry.org.pl"", ""contact_email"": null, ""country"": ""PL""}"
ORG:FabrySuisse,organization,FabrySuisse,,"{""kind"": ""patient_group"", ""website"": ""http://www.fabrysuisse.ch/"", ""contact_email"": null, ""country"": ""CH""}"
ORG:The_MPS_Society_Fabry,organization,The MPS Society - Fabry,,"{""kind"": ""patient_group"", ""website"": ""http://www.mpssociety.co.uk/"", ""contact_email"": null, ""country"": ""GB""}"
ORG:Italian_Association_of_Anderson_Fabry_Pa,organization,Italian Association of Anderson-Fabry Patients,,"{""kind"": ""patient_group"", ""website"": ""www.aipaf.org"", ""contact_email"": null, ""country"": ""IT""}"
ORG:Gruppo_Italiano_Pazienti_Fabry_G_I_P_F_O,organization,Gruppo Italiano Pazienti Fabry G.I.P.F.(Onlus),,"{""kind"": ""patient_group"", ""website"": ""www.fabryonlus.org"", ""contact_email"": null, ""country"": ""IT""}"
ORG:Spanish_Fabry_MSP_Asociation,organization,Spanish Fabry/MSP Asociation,,"{""kind"": ""patient_group"", ""website"": ""mpsesp.org"", ""contact_email"": null, ""country"": ""ES""}"
ORG:ADAC,organization,ADAC,,"{""kind"": ""patient_group"", ""website"": ""http://www.asociacionadac.com/adac/home.seam"", ""contact_email"": null, ""country"": ""ES""}"
ORG:Finnish_Fabry_Asociation,organization,Finnish Fabry Asociation,,"{""kind"": ""patient_group"", ""website"": ""http://fabry.ms-liitto.fi/"", ""contact_email"": null, ""country"": ""FI""}"
ORG:Patientföreningen_för_Fabrysjuka_i_Sveri,organization,Patientföreningen för Fabrysjuka i Sverige,,"{""kind"": ""patient_group"", ""website"": ""www.fabry.se"", ""contact_email"": null, ""country"": ""SE""}"
ORG:Fabry_Pasient_Foreningen,organization,Fabry Pasient Foreningen,,"{""kind"": ""patient_group"", ""website"": ""www.fabry.no"", ""contact_email"": null, ""country"": ""NO""}"
ORG:Fabry_Patientforeningen_Danmark,organization,Fabry Patientforeningen Danmark,,"{""kind"": ""patient_group"", ""website"": ""www.fabry.dk"", ""contact_email"": null, ""country"": ""DK""}"
COUNTRY:DK,country,Denmark,,"{""name"": ""Denmark""}"
ORG:BOKS,organization,BOKS,,"{""kind"": ""patient_group"", ""website"": ""http://www.boks.be/site/"", ""contact_email"": null, ""country"": ""BE""}"
ORG:Associação_Portuguesa_das_Doenças_do_Lis,organization,Associação Portuguesa das Doenças do Lisosoma,,"{""kind"": ""patient_group"", ""website"": ""http://www.aplisosoma.org/"", ""contact_email"": null, ""country"": ""PT""}"
ORG:Lysosomal_Diseases_New_Zealand,organization,Lysosomal Diseases New Zealand,,"{""kind"": ""patient_group"", ""website"": ""www.ldnz.org.nz"", ""contact_email"": null, ""country"": ""NZ""}"
ORG:Fabry_Support_Group_Australia_Inc_FSGA,organization,Fabry Support Group Australia Inc. (FSGA),,"{""kind"": ""patient_group"", ""website"": ""www.fabry.com.au"", ""contact_email"": null, ""country"": ""AU""}"
ORG:Fabry_International_Network,organization,Fabry International Network,,"{""kind"": ""patient_group"", ""website"": null, ""contact_email"": null, ""country"": ""BE""}"
ORG:KrabbeConnect,organization,KrabbeConnect,,"{""kind"": ""patient_group"", ""website"": ""krabbeconnect.org"", ""contact_email"": ""Info@KrabbeConnect.org"", ""country"": ""US""}"
ORG:Krabbe_UK,organization,Krabbe UK,,"{""kind"": ""patient_group"", ""website"": null, ""contact_email"": ""contactus@krabbeuk.org"", ""country"": ""GB""}"
ASSET:Krabbe_Disease_Global_Patient_Registry,asset,Krabbe Disease Global Patient Registry,,"{""kind"": ""registry"", ""website"": null}"
ORG:MLD_Foundation,organization,MLD Foundation,,"{""kind"": ""patient_group"", ""website"": null, ""contact_email"": null, ""country"": ""US""}"
ASSET:MLD_Patient_Powered_Registry,asset,MLD Patient Powered Registry,,"{""kind"": ""registry"", ""website"": null}"
ORG:MLD_initiative_MLDi,organization,MLD initiative (MLDi),,"{""kind"": ""registry_host"", ""website"": null, ""contact_email"": null, ""country"": ""NL""}"
ASSET:International_MLD_registry,asset,International MLD registry,,"{""kind"": ""registry"", ""website"": null}"
ORG:National_Tay_Sachs_Allied_Diseases_Assoc,organization,National Tay-Sachs & Allied Diseases Association,,"{""kind"": ""patient_group"", ""website"": null, ""contact_email"": ""info@ntsad.org"", ""country"": ""US""}"
ASSET:Virtual_Biorepository,asset,Virtual Biorepository,,"{""kind"": ""biobank"", ""website"": null}"
ASSET:Variant_Mutation_Database,asset,Variant (Mutation) Database,,"{""kind"": ""registry"", ""website"": null}"
ASSET:CanInform,asset,CanInform,,"{""kind"": ""natural_history_study"", ""website"": null}"
ASSET:Construction_and_Validation_of_the_Infan,asset,Construction and Validation of the Infantile onset GM2 Gangliosidosis Rating Scale,,"{""kind"": ""natural_history_study"", ""website"": null}"
ASSET:Natural_History_of_Glycosphingolipid_Sto,asset,Natural History of Glycosphingolipid Storage Disorders and Glycoprotein Disorders (NIH),,"{""kind"": ""natural_history_study"", ""website"": null}"
ASSET:PRONTO_Azafaros,asset,PRONTO – Azafaros,,"{""kind"": ""natural_history_study"", ""website"": null}"
ASSET:UPenn_Natural_History_Study_of_Infantile,asset,UPenn – Natural History Study of Infantile and Juvenile GM1 Gangliosidosis (GM1) Patients,,"{""kind"": ""natural_history_study"", ""website"": null}"
ORG:Cure_and_Action_for_Tay_Sachs_CATS_Found,organization,Cure and Action for Tay-Sachs (CATS) Foundation,,"{""kind"": ""patient_group"", ""website"": null, ""contact_email"": ""info@cats-foundation.org"", ""country"": ""GB""}"
ASSET:Tay_Sachs_and_Sandhoff_Disease_Registry,asset,Tay-Sachs and Sandhoff Disease Registry,,"{""kind"": ""registry"", ""website"": null}"
ORG:Cure_Tay_Sachs_Foundation,organization,Cure Tay-Sachs Foundation,,"{""kind"": ""patient_group"", ""website"": null, ""contact_email"": ""Rick.Karl@curetay-sachs.org"", ""country"": ""US""}"
ORG:Rare_Find_Foundation,organization,Rare Find Foundation,,"{""kind"": ""patient_group"", ""website"": null, ""contact_email"": null, ""country"": ""AU""}"
ORG:National_Tay_Sachs_and_Allied_Diseases_A,organization,"National Tay-Sachs and Allied Diseases Association – Brighton, MA",,"{""kind"": ""patient_group"", ""website"": null, ""contact_email"": null, ""country"": ""US""}"
ORG:Canadian_Society_for_Mucopolysaccharide,organization,Canadian Society for Mucopolysaccharide & Related Diseases Inc.,,"{""kind"": ""patient_group"", ""website"": null, ""contact_email"": null, ""country"": ""CA""}"
ORG:National_Niemann_Pick_Disease_Foundation,organization,"National Niemann-Pick Disease Foundation, Inc. (NNPDF)",,"{""kind"": ""patient_group"", ""website"": null, ""contact_email"": null, ""country"": ""US""}"
ASSET:International_Niemann_Pick_Disease_Regis,asset,International Niemann-Pick Disease Registry,,"{""kind"": ""registry"", ""website"": null}"
ORG:Niemann_Pick_UK_NPUK,organization,Niemann-Pick UK (NPUK),,"{""kind"": ""patient_group"", ""website"": null, ""contact_email"": ""info@npuk.org"", ""country"": ""GB""}"
ORG:Australian_NPC_Disease_Foundation_Inc,organization,Australian NPC Disease Foundation Inc,,"{""kind"": ""patient_group"", ""website"": null, ""contact_email"": null, ""country"": ""AU""}"
ORG:Taylor_s_Tale,organization,Taylor's Tale,,"{""kind"": ""patient_group"", ""website"": ""www.taylorstale.org"", ""contact_email"": null, ""country"": ""US""}"
ORG:The_Batten_Disease_Support_Research_Asso,organization,The Batten Disease Support & Research Association,,"{""kind"": ""registry_host"", ""website"": null, ""contact_email"": null, ""country"": ""US""}"
ASSET:Batten_Disease_Registry,asset,Batten Disease Registry,,"{""kind"": ""registry"", ""website"": null}"
ORG:Beyond_Batten_Disease_Foundation,organization,Beyond Batten Disease Foundation,,"{""kind"": ""patient_group"", ""website"": null, ""contact_email"": ""info@beyondbatten.org"", ""country"": ""US""}"
ORG:Danon_Foundation,organization,Danon Foundation,,"{""kind"": ""patient_group"", ""website"": null, ""contact_email"": ""contact@danonfoundation.org"", ""country"": ""US""}"
ORG:DanonDisease_org,organization,DanonDisease.org,,"{""kind"": ""academic"", ""website"": ""https://www.danondisease.org"", ""contact_email"": ""matthew.taylor@ucdenver.edu"", ""country"": ""US""}"
ASSET:Registry,asset,Registry,,"{""kind"": ""registry"", ""website"": ""https://www.danondisease.org""}"
ORG:Silverstein_Foundation_for_Parkinson_s_w,organization,Silverstein Foundation for Parkinson's with GBA,,"{""kind"": ""academic"", ""website"": null, ""contact_email"": ""info@silversteinfoundation.org"", ""country"": ""US""}"
ORG:Rett_Syndrome_Research_Trust,organization,Rett Syndrome Research Trust,,"{""kind"": ""patient_group"", ""website"": null, ""contact_email"": ""info@rsrt.org"", ""country"": ""US""}"
ASSET:Rett_Syndrome_Global_Registry,asset,Rett Syndrome Global Registry,,"{""kind"": ""registry"", ""website"": null}"
ORG:International_Rett_Syndrome_Foundation,organization,International Rett Syndrome Foundation,,"{""kind"": ""patient_group"", ""website"": null, ""contact_email"": null, ""country"": ""US""}"
ASSET:Rett_Syndrome_Natural_History_Study,asset,Rett Syndrome Natural History Study,,"{""kind"": ""natural_history_study"", ""website"": null}"
ASSET:Rett_Syndrome_Registry,asset,Rett Syndrome Registry,,"{""kind"": ""registry"", ""website"": null}"
ORG:Rett_UK,organization,Rett UK,,"{""kind"": ""patient_group"", ""website"": null, ""contact_email"": ""info@rettuk.org"", ""country"": ""GB""}"
ASSET:British_Isles_Rett_Syndrome_Survey_BIRSS,asset,British Isles Rett Syndrome Survey (BIRSS),,"{""kind"": ""registry"", ""website"": null}"
ORG:Abre_te_Associação_Brasileira_de_Sindrom,organization,Abre-te – Associação Brasileira de Sindrome de Rett,,"{""kind"": ""patient_group"", ""website"": null, ""contact_email"": ""abrete@abrete.org.br"", ""country"": ""BR""}"
ASSET:Rett_Patient_Registry,asset,Rett Patient Registry,,"{""kind"": ""registry"", ""website"": null}"
ORG:Ontario_Rett_Syndrome_Association_of_Can,organization,Ontario Rett Syndrome Association of Canada,,"{""kind"": ""patient_group"", ""website"": null, ""contact_email"": ""info@rett.ca"", ""country"": ""CA""}"
ASSET:BIO_BANK_REPOSITORY,asset,BIO-BANK REPOSITORY,,"{""kind"": ""biobank"", ""website"": null}"
ORG:Parent_Project_Muscular_Dystrophy,organization,Parent Project Muscular Dystrophy,,"{""kind"": ""patient_group"", ""website"": null, ""contact_email"": ""info@parentprojectmd.org"", ""country"": ""US""}"
ASSET:Duchenne_Registry,asset,Duchenne Registry,,"{""kind"": ""registry"", ""website"": null}"
ORG:Parent_Project_Muscular_Dystrophy_PPMD,organization,Parent Project Muscular Dystrophy (PPMD),,"{""kind"": ""patient_group"", ""website"": null, ""contact_email"": ""coordinator@duchenneregistry.org"", ""country"": ""US""}"
ASSET:The_Duchenne_Registry,asset,The Duchenne Registry,,"{""kind"": ""registry"", ""website"": null}"
ORG:Duchenne_UK,organization,Duchenne UK,,"{""kind"": ""patient_group"", ""website"": null, ""contact_email"": ""info@duchenneuk.org"", ""country"": ""GB""}"
ASSET:Duchenne_Hub_UK,asset,Duchenne Hub UK,,"{""kind"": ""registry"", ""website"": null}"
ORG:Duchenne_Parent_Project_España,organization,Duchenne Parent Project España,,"{""kind"": ""patient_group"", ""website"": null, ""contact_email"": ""pedidos@duchenne-spain.org"", ""country"": ""ES""}"
ASSET:SARA,asset,SARA,,"{""kind"": ""registry"", ""website"": null}"
ORG:Parent_Project_aps,organization,Parent Project aps,,"{""kind"": ""patient_group"", ""website"": null, ""contact_email"": ""info@parentproject.it"", ""country"": ""IT""}"
ORG:Cardiomyopathy_UK,organization,Cardiomyopathy UK,,"{""kind"": ""patient_group"", ""website"": ""cardiomyopathy.org"", ""contact_email"": ""contact@cardiomyopathy.org"", ""country"": ""GB""}"
ORG:Cardiomyopathy_Patient_Council,organization,Cardiomyopathy Patient Council,,"{""kind"": ""patient_group"", ""website"": null, ""contact_email"": ""info@globalhearthub.org"", ""country"": ""IE""}"
ORG:Cure_GM1_Foundation,organization,Cure GM1 Foundation,,"{""kind"": ""patient_group"", ""website"": null, ""contact_email"": null, ""country"": ""US""}"
ASSET:GM1_Matrix,asset,GM1 Matrix,,"{""kind"": ""registry"", ""website"": null}"
ASSET:GLB1_Variant_Catalog,asset,GLB1 Variant Catalog,,"{""kind"": ""biomarker"", ""website"": null}"
ORG:National_Organization_for_Rare_Disorders,organization,National Organization for Rare Disorders,,"{""kind"": ""registry_host"", ""website"": null, ""contact_email"": null, ""country"": ""US""}"
ORG:National_Niemann_Pick_disease_Foundation,organization,"National Niemann-Pick disease Foundation, Inc.",,"{""kind"": ""patient_group"", ""website"": null, ""contact_email"": null, ""country"": ""US""}"
ORG:International_Niemann_Pick_Disease_Allia,organization,International Niemann-Pick Disease Alliance (INPDA),,"{""kind"": ""patient_group"", ""website"": null, ""contact_email"": ""info@inpda.org"", ""country"": ""GB""}"
ORG:Canavan_Foundation,organization,Canavan Foundation,,"{""kind"": ""patient_group"", ""website"": null, ""contact_email"": null, ""country"": ""US""}"
ASSET:CAN_Inform,asset,CAN-Inform,,"{""kind"": ""natural_history_study"", ""website"": null}"
ORG:The_Canavan_Research_Foundation,organization,The Canavan Research Foundation,,"{""kind"": ""patient_group"", ""website"": null, ""contact_email"": null, ""country"": ""US""}"
ORG:Canavan_Disease_Research,organization,Canavan Disease Research,,"{""kind"": ""patient_group"", ""website"": null, ""contact_email"": ""Info@canavanresearch.org"", ""country"": ""US""}"
ASSET:Canavan_Patient_Insight_Network,asset,Canavan Patient Insight Network,,"{""kind"": ""registry"", ""website"": null}"
